index,周次,星期,角色,模块,模块形成任务,主日统领主题,本日主题,经文出处,本周一句话,每日一句,精简日标题,每日门训正文,和合本经文全文,门训步骤,思考入口,思考引导,生活导向,经文关键词（候选）,选择区目标,今日操练,七日总结/宣告,内容状态,备注
0,1,主日,主日信息入口,模块1｜认识基督,建立对基督、福音与身份的基本认识,被差来的主,被差来的主,路4：14-21,从被差来的主开始，把祂的使命带进这一周，先在一个真实处境里跟随。,从被差来的主开始，把祂的使命带进这一周，先在一个真实处境里跟随。,主日,今天先慢下来。读 路加福音 4:14-21，让“被差来的主”成为这一周共同的入口。不要急着把主日信息变成更多知识，先问：抓住“差遣”进入本周。把这个问题放进你真实的生活，找出一个本周愿意跟随主的场景。主日的领受要进入一周的生活，才会成为门徒的道路。,,进入,从主日信息进入本周,抓住“差遣”进入本周,认识这位被差来的主，也把祂的使命带进这一周。,差遣｜贫穷｜释放,选定本周一个要活出来的方向,完成一个本周个人回应,根据Day 1–6选择生成“一句方向＋一句鼓励”,已校准｜需最终经文逐字核验,保留原表经文；本轮完成语言与门训结构校准
1,1,周一,拓宽眼界,模块1｜认识基督,建立对基督、福音与身份的基本认识,被差来的主,被差来的主 · 周一默想,约1：1-14,从被差来的主开始，把祂的使命带进这一周，先在一个真实处境里跟随。,今天先留意一个人，不急着评价他。,周一,读 约翰福音 1:1-14 时，先把注意力放在经文的人、行动和张力上。今天特别思想：从“道成肉身”看见主怎样进入人的处境。然后问自己，这件事在我的生活里有没有类似的位置？不要急着改变，先诚实记录一次。能够看见，是让神的话从纸面进入生命的第一步。,,看见,先看见经文中的人和行动,从“道成肉身”看见主怎样进入人的处境,今天先留意一个人，不急着评价他,道｜肉身｜住在我们中间,沿用现有选择区逻辑,我决定今天以______的眼光看人,,已校准｜需最终经文逐字核验,保留原表经文；本轮完成语言与门训结构校准
2,1,周二,深入省察,模块1｜认识基督,建立对基督、福音与身份的基本认识,被差来的主,被差来的主 · 周二省察,可1：35-39,从被差来的主开始，把祂的使命带进这一周，先在一个真实处境里跟随。,把今天最容易占满你的事放到主面前。,周二,门徒训练不仅改变行为，也改变里面的动机。读 马可福音 1:35-39，认真面对“从耶稣退到旷野祷告，看见自己怎样安排安静与忙碌”。当你察觉到防卫、焦虑、比较或自我保护时，不要赶快掩盖。把那个最真实的反应写下来，求主带你从看见走向悔改与信靠。,,省察,先看见自己的真实反应,从耶稣退到旷野祷告，看见自己怎样安排安静与忙碌,把今天最容易占满你的事放到主面前,清早｜旷野｜祷告,沿用现有选择区逻辑,我决定今天先______再______,,已校准｜需最终经文逐字核验,保留原表经文；本轮完成语言与门训结构校准
3,1,周三,生活应用,模块1｜认识基督,建立对基督、福音与身份的基本认识,被差来的主,被差来的主 · 周三应用,太9：35-38,从被差来的主开始，把祂的使命带进这一周，先在一个真实处境里跟随。,不要只看见事情，也看见人。,周三,今天把经文缩小成一个选择。读 马太福音 9:35-38，问自己：从耶稣看见困苦流离的人，留意身边真实的需要。不要设计一个很大的计划，只找一个今天能完成的小行动。门徒的成长常常发生在普通时间、普通决定和普通责任里。选定时间点去做，完成后再回看它带来了什么改变。,,看见,先找一个今天能做的地方,从耶稣看见困苦流离的人，留意身边真实的需要,不要只看见事情，也看见人,怜悯｜困苦流离｜收割,沿用现有选择区逻辑,我决定今天为______祷告并留意他的需要,,已校准｜需最终经文逐字核验,保留原表经文；本轮完成语言与门训结构校准
4,1,周四,关系实践,模块1｜认识基督,建立对基督、福音与身份的基本认识,被差来的主,被差来的主 · 周四关系,约4：7-15,从被差来的主开始，把祂的使命带进这一周，先在一个真实处境里跟随。,先听见一个人的真实需要，再回应。,周四,门徒生命一定会影响人与人的相处。读 约翰福音 4:7-15，问自己：从耶稣与撒玛利亚妇人的相遇，看见主动靠近。选一个具体的人，少一点自我证明，多一点靠近与承担。你今天不需要解决这段关系的全部问题，只需要完成一个真实而善意的动作，并留意自己的心发生了什么。,,靠近,先放进一个真实关系,从耶稣与撒玛利亚妇人的相遇，看见主动靠近,先听见一个人的真实需要，再回应,活水｜敬拜｜真理,沿用现有选择区逻辑,我决定主动______,,已校准｜需最终经文逐字核验,保留原表经文；本轮完成语言与门训结构校准
5,1,周五,行动承诺,模块1｜认识基督,建立对基督、福音与身份的基本认识,被差来的主,被差来的主 · 周五行动,路10：1-3,从被差来的主开始，把祂的使命带进这一周，先在一个真实处境里跟随。,不等一个特别机会，先在身边忠心做一步。,周五,回应就是把领受交在行动里。读 路加福音 10:1-3，思想“从“差遣”进入今天的见证位置”对今天意味着什么。选择一个具体行动，并为它安排明确的时间。做完不要急着评估自己，而是回头看：我是否更愿意跟随？神又让我看见了什么？,,回应,先确定今天要走的一步,从“差遣”进入今天的见证位置,不等一个特别机会，先在身边忠心做一步,差遣｜庄稼｜工人,沿用现有选择区逻辑,我决定今天在______作主的见证,,已校准｜需最终经文逐字核验,保留原表经文；本轮完成语言与门训结构校准
6,1,周六,轻回顾,模块1｜认识基督,建立对基督、福音与身份的基本认识,被差来的主,回顾本周：被差来的主,诗23：1-6,从被差来的主开始，把祂的使命带进这一周，先在一个真实处境里跟随。,回头看这一周：经文让我看见了什么，我真正走了哪一步？,周六,今天是回顾的一天。读 诗篇 23:1-6，回头看这一周，特别整理：确认一个变化，也确定下一步。不要只问“我做得好不好”，而要问三件事：神让我看见什么？我实际做了什么？下一步要继续什么？把一个真实学习写下来，再把下一步写成下周可以执行的动作。,,回顾,回头看这一周,确认一个变化，也确定下一步,把这一周的发现带回生活,回顾｜本周变化｜下一步,根据本周选择生成总结,选定下一步,根据Day 1–6选择生成“一句方向＋一句鼓励”,已校准｜总结规则待程序实现,保留原表经文；本轮完成语言与门训结构校准
7,2,主日,主日信息入口,模块1｜认识基督,建立对基督、福音与身份的基本认识,恩典没有围墙,恩典没有围墙,路4：22-30,记住神的恩典不设围墙，今天从一个具体的人开始学习接纳与给予。,记住神的恩典不设围墙，今天从一个具体的人开始学习接纳与给予。,主日,今天是新一周的起点。读 路加福音 4:22-30，先观察经文如何把我们带到“恩典没有围墙”。抓住“恩言”进入本周。不要要求自己一次改变很多，只需要认出一个最真实的回应方向，并为接下来的六天留下一个可以反复操练的生活位置。,,进入,从主日信息进入本周,抓住“恩言”进入本周,认识神的恩典没有边界，也学习把恩典带给人。,恩言｜先知｜外邦,选定本周一个要活出来的方向,完成一个本周个人回应,根据Day 1–6选择生成“一句方向＋一句鼓励”,已校准｜需最终经文逐字核验,保留原表经文；本轮完成语言与门训结构校准
8,2,周一,拓宽眼界,模块1｜认识基督,建立对基督、福音与身份的基本认识,恩典没有围墙,恩典没有围墙 · 周一默想,赛61：1-3,记住神的恩典不设围墙，今天从一个具体的人开始学习接纳与给予。,留意自己习惯把恩典留给谁。,周一,今天不急着得到“正确答案”，而是练习观察。读 以赛亚书 61:1-3，留意“从受膏、差遣与恩典看见神主动施恩”怎样显现在经文里，也怎样可能出现在你今天的生活中。选择一个固定场景停一分钟，看见自己真实的反应，并把它带到主面前。,,看见,先看见经文中的人和行动,从受膏、差遣与恩典看见神主动施恩,留意自己习惯把恩典留给谁,受膏｜差遣｜禧年,沿用现有选择区逻辑,我决定今天以______的眼光看人,,已校准｜需最终经文逐字核验,保留原表经文；本轮完成语言与门训结构校准
9,2,周二,深入省察,模块1｜认识基督,建立对基督、福音与身份的基本认识,恩典没有围墙,恩典没有围墙 · 周二省察,拿4：1-11,记住神的恩典不设围墙，今天从一个具体的人开始学习接纳与给予。,把不愿神恩待的人带到主面前。,周二,今天从外在经文转向内在生命。读 约拿书 4:1-11，诚实面对：从约拿的怒气看见自己里面的边界。不要先解释自己，也不要急着定罪自己。试着辨认这个反应背后更深的欲望、惧怕、骄傲或不信。省察不是自责，而是在神面前停止遮掩，愿意让主触碰真实的自己。,,省察,先看见自己的真实反应,从约拿的怒气看见自己里面的边界,把不愿神恩待的人带到主面前,发怒｜怜悯｜后悔,沿用现有选择区逻辑,我决定今天放下对______的偏见,,已校准｜需最终经文逐字核验,保留原表经文；本轮完成语言与门训结构校准
10,2,周三,生活应用,模块1｜认识基督,建立对基督、福音与身份的基本认识,恩典没有围墙,恩典没有围墙 · 周三应用,路10：25-37,记住神的恩典不设围墙，今天从一个具体的人开始学习接纳与给予。,先靠近，再帮助。,周三,今天让“知道”变成“去做”。读 路加福音 10:25-37，思考“从好撒玛利亚人的行动看见怜悯不是停在心里”在你的现实处境中最小的下一步是什么。把行动限定在十分钟左右，越具体越好。做完后记下一句话：我做了什么？有什么阻力？主让我看见什么？,,回应,先找一个今天能做的地方,从好撒玛利亚人的行动看见怜悯不是停在心里,先靠近，再帮助,怜悯｜邻舍｜行动,沿用现有选择区逻辑,我决定今天对______显出恩典,,已校准｜需最终经文逐字核验,保留原表经文；本轮完成语言与门训结构校准
11,2,周四,关系实践,模块1｜认识基督,建立对基督、福音与身份的基本认识,恩典没有围墙,恩典没有围墙 · 周四关系,得1：15-18,记住神的恩典不设围墙，今天从一个具体的人开始学习接纳与给予。,在一个真实关系中少一点界线，多一点忠诚。,周四,今天观察自己怎样对待别人，也让经文重新整理这种关系。读 路得记 1:15-18，围绕“从路得的选择看见跨越身份与关系的忠诚”作一个具体决定。找一个人，主动走近一步；可以是一句话、一次倾听、一次帮助或一次代祷。真实关系中的小小顺服，就是门徒训练的一部分。,,忠心,先放进一个真实关系,从路得的选择看见跨越身份与关系的忠诚,在一个真实关系中少一点界线，多一点忠诚,跟随｜离开｜同归,沿用现有选择区逻辑,我决定主动靠近______,,已校准｜需最终经文逐字核验,保留原表经文；本轮完成语言与门训结构校准
12,2,周五,行动承诺,模块1｜认识基督,建立对基督、福音与身份的基本认识,恩典没有围墙,恩典没有围墙 · 周五行动,太5：43-48,记住神的恩典不设围墙，今天从一个具体的人开始学习接纳与给予。,把“不可爱的人”变成今天的一个行动对象。,周五,今天来到回应与承担。读 马太福音 5:43-48，问自己：从爱仇敌进入具体善行。把信仰从个人感受带向一个具体的人、一项责任或一个见证行动。不要追求被看见，只求忠心。完成之后写下发生了什么，让你自己的行动成为一个可以被回顾、也可以被分享的见证。,,行动,先确定今天要走的一步,从爱仇敌进入具体善行,把“不可爱的人”变成今天的一个行动对象,爱｜仇敌｜完全,沿用现有选择区逻辑,我决定今天为______做一件善事,,已校准｜需最终经文逐字核验,保留原表经文；本轮完成语言与门训结构校准
13,2,周六,轻回顾,模块1｜认识基督,建立对基督、福音与身份的基本认识,恩典没有围墙,回顾本周：恩典没有围墙,诗23：1-6,记住神的恩典不设围墙，今天从一个具体的人开始学习接纳与给予。,回头看这一周：经文让我看见了什么，我真正走了哪一步？,周六,读 诗篇 23:1-6，安静回看这七天的经历：哪些地方有顺服，哪些地方仍在挣扎，哪里看见神的带领？特别思考“确认一个变化，也确定下一步”。今天把本周浓缩成“一个看见、一个行动、一个下一步”，让回顾成为继续跟随的桥梁。,,回顾,回头看这一周,确认一个变化，也确定下一步,把这一周的发现带回生活,回顾｜本周变化｜下一步,根据本周选择生成总结,选定下一步,根据Day 1–6选择生成“一句方向＋一句鼓励”,已校准｜总结规则待程序实现,保留原表经文；本轮完成语言与门训结构校准
14,3,主日,主日信息入口,模块1｜认识基督,建立对基督、福音与身份的基本认识,放下网，跟随祂,放下网，跟随祂,路5：1-11,听见耶稣的呼召，就放下一个拦阻跟随祂，不只停在知道。,听见耶稣的呼召，就放下一个拦阻跟随祂，不只停在知道。,主日,今天把经文放在心里，也把自己放在经文面前。读 路加福音 5:1-11，围绕“放下网，跟随祂”安静片刻，思想：抓住“网”进入本周。主日不是结束，而是进入本周门训的起点。今天选定一个具体场景，提醒自己在这一周继续回来面对这个主题。,,进入,从主日信息进入本周,抓住“网”进入本周,听见耶稣的呼召，就放下拦阻，走上跟随的路。,网｜跟从｜撇下,选定本周一个要活出来的方向,完成一个本周个人回应,根据Day 1–6选择生成“一句方向＋一句鼓励”,已校准｜需最终经文逐字核验,保留原表经文；本轮完成语言与门训结构校准
15,3,周一,拓宽眼界,模块1｜认识基督,建立对基督、福音与身份的基本认识,放下网，跟随祂,放下网，跟随祂 · 周一默想,赛6：1-8,听见耶稣的呼召，就放下一个拦阻跟随祂，不只停在知道。,不要先计算自己够不够，先回应主。,周一,今天先学习看见。读 以赛亚书 6:1-8，不要急着批评或解决问题，留意经文让你看见什么：从以赛亚的“我在这里”看见呼召需要回应。再回到自己的生活，观察一个真实反应、选择或习惯。门徒不是先表现得正确，而是先在神的光中看清楚自己。把今天看见的一件事记下来，作为后面回应的起点。,,回应,先看见经文中的人和行动,从以赛亚的“我在这里”看见呼召需要回应,不要先计算自己够不够，先回应主,我在这里｜差遣｜洁净,沿用现有选择区逻辑,我决定今天以______的态度面对呼召,,已校准｜需最终经文逐字核验,保留原表经文；本轮完成语言与门训结构校准
16,3,周二,深入省察,模块1｜认识基督,建立对基督、福音与身份的基本认识,放下网，跟随祂,放下网，跟随祂 · 周二省察,太19：16-30,听见耶稣的呼召，就放下一个拦阻跟随祂，不只停在知道。,辨认最难放下的一件事。,周二,今天给自己几分钟安静。读 马太福音 19:16-30，把经文所揭开的张力带回心里：从少年人的选择看见什么正在抓住自己。问自己，我在什么地方正在重复同样的模式？不必马上找到解决方案，只需要说真话，并用一句简单的祷告把这份真实交给主。,,放下,先看见自己的真实反应,从少年人的选择看见什么正在抓住自己,辨认最难放下的一件事,永生｜跟从｜撇下,沿用现有选择区逻辑,我决定今天放下______,,已校准｜需最终经文逐字核验,保留原表经文；本轮完成语言与门训结构校准
17,3,周三,生活应用,模块1｜认识基督,建立对基督、福音与身份的基本认识,放下网，跟随祂,放下网，跟随祂 · 周三应用,可1：16-20,听见耶稣的呼召，就放下一个拦阻跟随祂，不只停在知道。,减少拖延，先走一步。,周三,不要等到条件完美才回应经文。读 马可福音 1:16-20，找出一个可以立即开始的动作，回应“从门徒立即撇下网进入具体行动”。今天只走一步，但要真的走。行动之后，用一分钟回顾结果，让经验成为下一次跟随的依据。,,行动,先找一个今天能做的地方,从门徒立即撇下网进入具体行动,减少拖延，先走一步,来跟从我｜撇下｜跟从,沿用现有选择区逻辑,我决定今天在______上立刻行动,,已校准｜需最终经文逐字核验,保留原表经文；本轮完成语言与门训结构校准
18,3,周四,关系实践,模块1｜认识基督,建立对基督、福音与身份的基本认识,放下网，跟随祂,放下网，跟随祂 · 周四关系,路5：27-32,听见耶稣的呼召，就放下一个拦阻跟随祂，不只停在知道。,不要只选择容易相处的人。,周四,今天把跟随带进一个人的名字。读 路加福音 5:27-32，思想：从利未蒙召看见跟随也改变我们接近的人。想起一段真实关系，不停留在“我要更有爱心”的想法，而是决定一个看得见的动作：认真倾听、主动帮助、道歉、感谢、分享或代祷。让今天的经文通过你的关系被活出来。,,靠近,先放进一个真实关系,从利未蒙召看见跟随也改变我们接近的人,不要只选择容易相处的人,跟从｜罪人｜医生,沿用现有选择区逻辑,我决定今天主动走近______,,已校准｜需最终经文逐字核验,保留原表经文；本轮完成语言与门训结构校准
19,3,周五,行动承诺,模块1｜认识基督,建立对基督、福音与身份的基本认识,放下网，跟随祂,放下网，跟随祂 · 周五行动,约21：15-19,听见耶稣的呼召，就放下一个拦阻跟随祂，不只停在知道。,用一个具体服事回应对主的爱。,周五,今天的重点不是再多懂一点，而是愿意承担一步。读 约翰福音 21:15-19，把“从彼得重新被托付看见爱主需要行动”落实到现实生活。可以是一次服事、一次给予、一次修复关系、一次见证或一次责任。先忠心完成今天能做的，然后在神面前感谢祂的带领。,,忠心,先确定今天要走的一步,从彼得重新被托付看见爱主需要行动,用一个具体服事回应对主的爱,爱｜喂养｜跟从,沿用现有选择区逻辑,我决定今天用______表达我的爱,,已校准｜需最终经文逐字核验,保留原表经文；本轮完成语言与门训结构校准
20,3,周六,轻回顾,模块1｜认识基督,建立对基督、福音与身份的基本认识,放下网，跟随祂,回顾本周：放下网，跟随祂,诗23：1-6,听见耶稣的呼召，就放下一个拦阻跟随祂，不只停在知道。,回头看这一周：经文让我看见了什么，我真正走了哪一步？,周六,回顾不是给自己打分，而是辨认神怎样工作。今天读 诗篇 23:1-6，整理你这一周在“确认一个变化，也确定下一步”上的经历。感谢已经发生的，也承认还没有改变的。最后写下一句本周总结，并确定一个可以带进下一周的小小行动。,,回顾,回头看这一周,确认一个变化，也确定下一步,把这一周的发现带回生活,回顾｜本周变化｜下一步,根据本周选择生成总结,选定下一步,根据Day 1–6选择生成“一句方向＋一句鼓励”,已校准｜总结规则待程序实现,保留原表经文；本轮完成语言与门训结构校准
21,4,主日,主日信息入口,模块1｜认识基督,建立对基督、福音与身份的基本认识,跟随，就走近人,跟随，就走近人,路5：27-32,跟随耶稣就走近祂所看见的人，今天主动靠近一个真实的需要。,跟随耶稣就走近祂所看见的人，今天主动靠近一个真实的需要。,主日,今天先慢下来。读 路加福音 5:27-32，让“跟随，就走近人”成为这一周共同的入口。不要急着把主日信息变成更多知识，先问：抓住“跟随”进入本周。把这个问题放进你真实的生活，找出一个本周愿意跟随主的场景。主日的领受要进入一周的生活，才会成为门徒的道路。,,进入,从主日信息进入本周,抓住“跟随”进入本周,跟随耶稣，不只是听见祂，也走近祂所看见的人。,跟随｜罪人｜医生,选定本周一个要活出来的方向,完成一个本周个人回应,根据Day 1–6选择生成“一句方向＋一句鼓励”,已校准｜需最终经文逐字核验,保留原表经文；本轮完成语言与门训结构校准
22,4,周一,拓宽眼界,模块1｜认识基督,建立对基督、福音与身份的基本认识,跟随，就走近人,跟随，就走近人 · 周一默想,太9：9-13,跟随耶稣就走近祂所看见的人，今天主动靠近一个真实的需要。,今天先看人，不先给人贴标签。,周一,读 马太福音 9:9-13 时，先把注意力放在经文的人、行动和张力上。今天特别思想：从耶稣看见马太，学习先看见人。然后问自己，这件事在我的生活里有没有类似的位置？不要急着改变，先诚实记录一次。能够看见，是让神的话从纸面进入生命的第一步。,,看见,先看见经文中的人和行动,从耶稣看见马太，学习先看见人,今天先看人，不先给人贴标签,看见｜呼召｜跟从,沿用现有选择区逻辑,我决定今天以______的眼光看人,,已校准｜需最终经文逐字核验,保留原表经文；本轮完成语言与门训结构校准
23,4,周二,深入省察,模块1｜认识基督,建立对基督、福音与身份的基本认识,跟随，就走近人,跟随，就走近人 · 周二省察,路19：1-10,跟随耶稣就走近祂所看见的人，今天主动靠近一个真实的需要。,辨认自己里面的拦阻。,周二,门徒训练不仅改变行为，也改变里面的动机。读 路加福音 19:1-10，认真面对“从撒该看见阻挡人靠近耶稣的东西”。当你察觉到防卫、焦虑、比较或自我保护时，不要赶快掩盖。把那个最真实的反应写下来，求主带你从看见走向悔改与信靠。,,省察,先看见自己的真实反应,从撒该看见阻挡人靠近耶稣的东西,辨认自己里面的拦阻,寻找｜悔改｜救恩,沿用现有选择区逻辑,我决定今天放下______,,已校准｜需最终经文逐字核验,保留原表经文；本轮完成语言与门训结构校准
24,4,周三,生活应用,模块1｜认识基督,建立对基督、福音与身份的基本认识,跟随，就走近人,跟随，就走近人 · 周三应用,雅1：27,跟随耶稣就走近祂所看见的人，今天主动靠近一个真实的需要。,选一个具体需要，不停留在感动。,周三,今天把经文缩小成一个选择。读 雅各书 1:27，问自己：从真实的敬虔进入照顾孤儿寡妇和保持自己清洁。不要设计一个很大的计划，只找一个今天能完成的小行动。门徒的成长常常发生在普通时间、普通决定和普通责任里。选定时间点去做，完成后再回看它带来了什么改变。,,行动,先找一个今天能做的地方,从真实的敬虔进入照顾孤儿寡妇和保持自己清洁,选一个具体需要，不停留在感动,清洁｜孤儿｜寡妇,沿用现有选择区逻辑,我决定今天在______上行动,,已校准｜需最终经文逐字核验,保留原表经文；本轮完成语言与门训结构校准
25,4,周四,关系实践,模块1｜认识基督,建立对基督、福音与身份的基本认识,跟随，就走近人,跟随，就走近人 · 周四关系,来13：1-3,跟随耶稣就走近祂所看见的人，今天主动靠近一个真实的需要。,给一个人一个被接纳的空间。,周四,门徒生命一定会影响人与人的相处。读 希伯来书 13:1-3，问自己：从接待客旅进入真实关系。选一个具体的人，少一点自我证明，多一点靠近与承担。你今天不需要解决这段关系的全部问题，只需要完成一个真实而善意的动作，并留意自己的心发生了什么。,,关系,先放进一个真实关系,从接待客旅进入真实关系,给一个人一个被接纳的空间,爱弟兄｜接待｜客旅,沿用现有选择区逻辑,我决定今天主动走近______,,已校准｜需最终经文逐字核验,保留原表经文；本轮完成语言与门训结构校准
26,4,周五,行动承诺,模块1｜认识基督,建立对基督、福音与身份的基本认识,跟随，就走近人,跟随，就走近人 · 周五行动,约一3：16-18,跟随耶稣就走近祂所看见的人，今天主动靠近一个真实的需要。,爱要落在一个看得见的行动上。,周五,回应就是把领受交在行动里。读 约翰一书 3:16-18，思想“从“为弟兄舍命”进入实际的爱”对今天意味着什么。选择一个具体行动，并为它安排明确的时间。做完不要急着评估自己，而是回头看：我是否更愿意跟随？神又让我看见了什么？,,实践,先确定今天要走的一步,从“为弟兄舍命”进入实际的爱,爱要落在一个看得见的行动上,舍命｜爱｜行动,沿用现有选择区逻辑,我决定今天把爱落实在______,,已校准｜需最终经文逐字核验,保留原表经文；本轮完成语言与门训结构校准
27,4,周六,轻回顾,模块1｜认识基督,建立对基督、福音与身份的基本认识,跟随，就走近人,回顾本周：跟随，就走近人,诗23：1-6,跟随耶稣就走近祂所看见的人，今天主动靠近一个真实的需要。,回头看这一周：经文让我看见了什么，我真正走了哪一步？,周六,今天是回顾的一天。读 诗篇 23:1-6，回头看这一周，特别整理：确认一个变化，也确定下一步。不要只问“我做得好不好”，而要问三件事：神让我看见什么？我实际做了什么？下一步要继续什么？把一个真实学习写下来，再把下一步写成下周可以执行的动作。,,回顾,回头看这一周,确认一个变化，也确定下一步,把这一周的发现带回生活,回顾｜本周变化｜下一步,根据本周选择生成总结,选定下一步,根据Day 1–6选择生成“一句方向＋一句鼓励”,已校准｜总结规则待程序实现,保留原表经文；本轮完成语言与门训结构校准
28,5,主日,主日信息入口,模块1｜认识基督,建立对基督、福音与身份的基本认识,背起十字架跟随祂,背起十字架跟随祂,路9：18-27,认识基督，也接受跟随的代价，在一个不容易的选择里仍然跟随。,认识基督，也接受跟随的代价，在一个不容易的选择里仍然跟随。,主日,今天是新一周的起点。读 路加福音 9:18-27，先观察经文如何把我们带到“背起十字架跟随祂”。抓住“基督”进入本周。不要要求自己一次改变很多，只需要认出一个最真实的回应方向，并为接下来的六天留下一个可以反复操练的生活位置。,,进入,从主日信息进入本周,抓住“基督”进入本周,认识基督是谁，也认真回应跟随祂的代价。,基督｜舍己｜十字架,选定本周一个要活出来的方向,完成一个本周个人回应,根据Day 1–6选择生成“一句方向＋一句鼓励”,已校准｜需最终经文逐字核验,保留原表经文；本轮完成语言与门训结构校准
29,5,周一,拓宽眼界,模块1｜认识基督,建立对基督、福音与身份的基本认识,背起十字架跟随祂,背起十字架跟随祂 · 周一默想,太16：13-20,认识基督，也接受跟随的代价，在一个不容易的选择里仍然跟随。,先确认你所跟随的是谁。,周一,今天不急着得到“正确答案”，而是练习观察。读 马太福音 16:13-20，留意“从彼得的认信看见跟随建立在认识基督之上”怎样显现在经文里，也怎样可能出现在你今天的生活中。选择一个固定场景停一分钟，看见自己真实的反应，并把它带到主面前。,,身份,先看见经文中的人和行动,从彼得的认信看见跟随建立在认识基督之上,先确认你所跟随的是谁,基督｜彼得｜认信,沿用现有选择区逻辑,我决定今天以______的身份回应主,,已校准｜需最终经文逐字核验,保留原表经文；本轮完成语言与门训结构校准
30,5,周二,深入省察,模块1｜认识基督,建立对基督、福音与身份的基本认识,背起十字架跟随祂,背起十字架跟随祂 · 周二省察,路9：57-62,认识基督，也接受跟随的代价，在一个不容易的选择里仍然跟随。,辨认哪些想法正在影响跟随。,周二,今天从外在经文转向内在生命。读 路加福音 9:57-62，诚实面对：从“不要思念人的事”看见自己的优先次序。不要先解释自己，也不要急着定罪自己。试着辨认这个反应背后更深的欲望、惧怕、骄傲或不信。省察不是自责，而是在神面前停止遮掩，愿意让主触碰真实的自己。,,省察,先看见自己的真实反应,从“不要思念人的事”看见自己的优先次序,辨认哪些想法正在影响跟随,舍己｜十字架｜跟从,沿用现有选择区逻辑,我决定今天放下______,,已校准｜需最终经文逐字核验,保留原表经文；本轮完成语言与门训结构校准
31,5,周三,生活应用,模块1｜认识基督,建立对基督、福音与身份的基本认识,背起十字架跟随祂,背起十字架跟随祂 · 周三应用,可8：34-38,认识基督，也接受跟随的代价，在一个不容易的选择里仍然跟随。,选一个今天可以放下自己的地方。,周三,今天让“知道”变成“去做”。读 马可福音 8:34-38，思考“从背十字架进入一个真实的舍己选择”在你的现实处境中最小的下一步是什么。把行动限定在十分钟左右，越具体越好。做完后记下一句话：我做了什么？有什么阻力？主让我看见什么？,,舍己,先找一个今天能做的地方,从背十字架进入一个真实的舍己选择,选一个今天可以放下自己的地方,背十字架｜舍己｜福音,沿用现有选择区逻辑,我决定今天在______上舍己,,已校准｜需最终经文逐字核验,保留原表经文；本轮完成语言与门训结构校准
32,5,周四,关系实践,模块1｜认识基督,建立对基督、福音与身份的基本认识,背起十字架跟随祂,背起十字架跟随祂 · 周四关系,约13：34-35,认识基督，也接受跟随的代价，在一个不容易的选择里仍然跟随。,把服事放在一个具体的人身上。,周四,今天观察自己怎样对待别人，也让经文重新整理这种关系。读 约翰福音 13:34-35，围绕“从彼此相爱看见十字架进入关系”作一个具体决定。找一个人，主动走近一步；可以是一句话、一次倾听、一次帮助或一次代祷。真实关系中的小小顺服，就是门徒训练的一部分。,,服事,先放进一个真实关系,从彼此相爱看见十字架进入关系,把服事放在一个具体的人身上,彼此相爱｜命令｜门徒,沿用现有选择区逻辑,我决定今天主动服事______,,已校准｜需最终经文逐字核验,保留原表经文；本轮完成语言与门训结构校准
33,5,周五,行动承诺,模块1｜认识基督,建立对基督、福音与身份的基本认识,背起十字架跟随祂,背起十字架跟随祂 · 周五行动,路14：25-33,认识基督，也接受跟随的代价，在一个不容易的选择里仍然跟随。,不冲动承诺，先数算再行动。,周五,今天来到回应与承担。读 路加福音 14:25-33，问自己：从作门徒的代价进入认真选择。把信仰从个人感受带向一个具体的人、一项责任或一个见证行动。不要追求被看见，只求忠心。完成之后写下发生了什么，让你自己的行动成为一个可以被回顾、也可以被分享的见证。,,计算,先确定今天要走的一步,从作门徒的代价进入认真选择,不冲动承诺，先数算再行动,门徒｜计算｜代价,沿用现有选择区逻辑,我决定今天认真决定______,,已校准｜需最终经文逐字核验,保留原表经文；本轮完成语言与门训结构校准
34,5,周六,轻回顾,模块1｜认识基督,建立对基督、福音与身份的基本认识,背起十字架跟随祂,回顾本周：背起十字架跟随祂,诗23：1-6,认识基督，也接受跟随的代价，在一个不容易的选择里仍然跟随。,回头看这一周：经文让我看见了什么，我真正走了哪一步？,周六,读 诗篇 23:1-6，安静回看这七天的经历：哪些地方有顺服，哪些地方仍在挣扎，哪里看见神的带领？特别思考“确认一个变化，也确定下一步”。今天把本周浓缩成“一个看见、一个行动、一个下一步”，让回顾成为继续跟随的桥梁。,,回顾,回头看这一周,确认一个变化，也确定下一步,把这一周的发现带回生活,回顾｜本周变化｜下一步,根据本周选择生成总结,选定下一步,根据Day 1–6选择生成“一句方向＋一句鼓励”,已校准｜总结规则待程序实现,保留原表经文；本轮完成语言与门训结构校准
35,6,主日,主日信息入口,模块1｜认识基督,建立对基督、福音与身份的基本认识,祂来到我们中间,祂来到我们中间,约1：1-14,基督来到我们中间，也进入我们的日常；今天让祂的生命影响一个真实决定。,基督来到我们中间，也进入我们的日常；今天让祂的生命影响一个真实决定。,主日,今天把经文放在心里，也把自己放在经文面前。读 约翰福音 1:1-14，围绕“祂来到我们中间”安静片刻，思想：抓住“道”进入本周。主日不是结束，而是进入本周门训的起点。今天选定一个具体场景，提醒自己在这一周继续回来面对这个主题。,,进入,从主日信息进入本周,抓住“道”进入本周,基督来到我们中间，也把祂的生命带进我们的生活。,道｜肉身｜恩典,选定本周一个要活出来的方向,完成一个本周个人回应,根据Day 1–6选择生成“一句方向＋一句鼓励”,已校准｜需最终经文逐字核验,保留原表经文；本轮完成语言与门训结构校准
36,6,周一,拓宽眼界,模块1｜认识基督,建立对基督、福音与身份的基本认识,祂来到我们中间,祂来到我们中间 · 周一默想,腓2：5-11,基督来到我们中间，也进入我们的日常；今天让祂的生命影响一个真实决定。,让基督的心影响今天的姿态。,周一,今天先学习看见。读 腓立比书 2:5-11，不要急着批评或解决问题，留意经文让你看见什么：从基督的虚己看见祂怎样主动降卑。再回到自己的生活，观察一个真实反应、选择或习惯。门徒不是先表现得正确，而是先在神的光中看清楚自己。把今天看见的一件事记下来，作为后面回应的起点。,,看见,先看见经文中的人和行动,从基督的虚己看见祂怎样主动降卑,让基督的心影响今天的姿态,虚己｜奴仆｜顺服,沿用现有选择区逻辑,我决定今天以______的心态生活,,已校准｜需最终经文逐字核验,保留原表经文；本轮完成语言与门训结构校准
37,6,周二,深入省察,模块1｜认识基督,建立对基督、福音与身份的基本认识,祂来到我们中间,祂来到我们中间 · 周二省察,来4：14-16,基督来到我们中间，也进入我们的日常；今天让祂的生命影响一个真实决定。,把真实软弱带到主面前。,周二,今天给自己几分钟安静。读 希伯来书 4:14-16，把经文所揭开的张力带回心里：从能体恤软弱的大祭司进入坦然无惧。问自己，我在什么地方正在重复同样的模式？不必马上找到解决方案，只需要说真话，并用一句简单的祷告把这份真实交给主。,,亲近,先看见自己的真实反应,从能体恤软弱的大祭司进入坦然无惧,把真实软弱带到主面前,大祭司｜体恤｜施恩,沿用现有选择区逻辑,我决定今天放下______,,已校准｜需最终经文逐字核验,保留原表经文；本轮完成语言与门训结构校准
38,6,周三,生活应用,模块1｜认识基督,建立对基督、福音与身份的基本认识,祂来到我们中间,祂来到我们中间 · 周三应用,约1：14-18,基督来到我们中间，也进入我们的日常；今天让祂的生命影响一个真实决定。,在一个具体处境中陪伴人。,周三,不要等到条件完美才回应经文。读 约翰福音 1:14-18，找出一个可以立即开始的动作，回应“从“道成了肉身”进入与人同行”。今天只走一步，但要真的走。行动之后，用一分钟回顾结果，让经验成为下一次跟随的依据。,,同行,先找一个今天能做的地方,从“道成了肉身”进入与人同行,在一个具体处境中陪伴人,道｜肉身｜恩典,沿用现有选择区逻辑,我决定今天在______上与人同行,,已校准｜需最终经文逐字核验,保留原表经文；本轮完成语言与门训结构校准
39,6,周四,关系实践,模块1｜认识基督,建立对基督、福音与身份的基本认识,祂来到我们中间,祂来到我们中间 · 周四关系,太25：34-40,基督来到我们中间，也进入我们的日常；今天让祂的生命影响一个真实决定。,把一个容易忽略的人放进今天。,周四,今天把跟随带进一个人的名字。读 马太福音 25:34-40，思想：从“在最小的弟兄中”看见服事主。想起一段真实关系，不停留在“我要更有爱心”的想法，而是决定一个看得见的动作：认真倾听、主动帮助、道歉、感谢、分享或代祷。让今天的经文通过你的关系被活出来。,,服事,先放进一个真实关系,从“在最小的弟兄中”看见服事主,把一个容易忽略的人放进今天,最小的｜弟兄｜服事,沿用现有选择区逻辑,我决定今天主动服事______,,已校准｜需最终经文逐字核验,保留原表经文；本轮完成语言与门训结构校准
40,6,周五,行动承诺,模块1｜认识基督,建立对基督、福音与身份的基本认识,祂来到我们中间,祂来到我们中间 · 周五行动,约1：29-34,基督来到我们中间，也进入我们的日常；今天让祂的生命影响一个真实决定。,今天少讲自己，多指向基督。,周五,今天的重点不是再多懂一点，而是愿意承担一步。读 约翰福音 1:29-34，把“从施洗约翰的见证看见为基督指路”落实到现实生活。可以是一次服事、一次给予、一次修复关系、一次见证或一次责任。先忠心完成今天能做的，然后在神面前感谢祂的带领。,,见证,先确定今天要走的一步,从施洗约翰的见证看见为基督指路,今天少讲自己，多指向基督,看见｜羔羊｜见证,沿用现有选择区逻辑,我决定今天用______见证主,,已校准｜需最终经文逐字核验,保留原表经文；本轮完成语言与门训结构校准
41,6,周六,轻回顾,模块1｜认识基督,建立对基督、福音与身份的基本认识,祂来到我们中间,回顾本周：祂来到我们中间,诗23：1-6,基督来到我们中间，也进入我们的日常；今天让祂的生命影响一个真实决定。,回头看这一周：经文让我看见了什么，我真正走了哪一步？,周六,回顾不是给自己打分，而是辨认神怎样工作。今天读 诗篇 23:1-6，整理你这一周在“确认一个变化，也确定下一步”上的经历。感谢已经发生的，也承认还没有改变的。最后写下一句本周总结，并确定一个可以带进下一周的小小行动。,,回顾,回头看这一周,确认一个变化，也确定下一步,把这一周的发现带回生活,回顾｜本周变化｜下一步,根据本周选择生成总结,选定下一步,根据Day 1–6选择生成“一句方向＋一句鼓励”,已校准｜总结规则待程序实现,保留原表经文；本轮完成语言与门训结构校准
42,7,主日,主日信息入口,模块1｜认识基督,建立对基督、福音与身份的基本认识,主，教我们祷告,主，教我们祷告,路11：1-13,像耶稣一样亲近父，把祷告带进今天最真实的需要和关系里。,像耶稣一样亲近父，把祷告带进今天最真实的需要和关系里。,主日,今天先慢下来。读 路加福音 11:1-13，让“主，教我们祷告”成为这一周共同的入口。不要急着把主日信息变成更多知识，先问：抓住“祷告”进入本周。把这个问题放进你真实的生活，找出一个本周愿意跟随主的场景。主日的领受要进入一周的生活，才会成为门徒的道路。,,进入,从主日信息进入本周,抓住“祷告”进入本周,学着向父祷告，让祷告进入每天的生活和关系。,祷告｜父｜饶恕,选定本周一个要活出来的方向,完成一个本周个人回应,根据Day 1–6选择生成“一句方向＋一句鼓励”,已校准｜需最终经文逐字核验,保留原表经文；本轮完成语言与门训结构校准
43,7,周一,拓宽眼界,模块1｜认识基督,建立对基督、福音与身份的基本认识,主，教我们祷告,主，教我们祷告 · 周一默想,太6：5-15,像耶稣一样亲近父，把祷告带进今天最真实的需要和关系里。,调整祷告的中心。,周一,读 马太福音 6:5-15 时，先把注意力放在经文的人、行动和张力上。今天特别思想：从主祷文看见祷告首先指向父和祂的国。然后问自己，这件事在我的生活里有没有类似的位置？不要急着改变，先诚实记录一次。能够看见，是让神的话从纸面进入生命的第一步。,,看见,先看见经文中的人和行动,从主祷文看见祷告首先指向父和祂的国,调整祷告的中心,父｜国｜日用饮食,沿用现有选择区逻辑,我决定今天以______的态度祷告,,已校准｜需最终经文逐字核验,保留原表经文；本轮完成语言与门训结构校准
44,7,周二,深入省察,模块1｜认识基督,建立对基督、福音与身份的基本认识,主，教我们祷告,主，教我们祷告 · 周二省察,雅4：1-3,像耶稣一样亲近父，把祷告带进今天最真实的需要和关系里。,把自己的真实需要带到主面前。,周二,门徒训练不仅改变行为，也改变里面的动机。读 雅各书 4:1-3，认真面对“从“妄求”看见祷告背后的欲望”。当你察觉到防卫、焦虑、比较或自我保护时，不要赶快掩盖。把那个最真实的反应写下来，求主带你从看见走向悔改与信靠。,,省察,先看见自己的真实反应,从“妄求”看见祷告背后的欲望,把自己的真实需要带到主面前,私欲｜求｜妄求,沿用现有选择区逻辑,我决定今天放下______,,已校准｜需最终经文逐字核验,保留原表经文；本轮完成语言与门训结构校准
45,7,周三,生活应用,模块1｜认识基督,建立对基督、福音与身份的基本认识,主，教我们祷告,主，教我们祷告 · 周三应用,帖前5：16-18,像耶稣一样亲近父，把祷告带进今天最真实的需要和关系里。,把祷告放进一个固定时刻。,周三,今天把经文缩小成一个选择。读 帖撒罗尼迦前书 5:16-18，问自己：从常常祷告进入具体生活。不要设计一个很大的计划，只找一个今天能完成的小行动。门徒的成长常常发生在普通时间、普通决定和普通责任里。选定时间点去做，完成后再回看它带来了什么改变。,,操练,先找一个今天能做的地方,从常常祷告进入具体生活,把祷告放进一个固定时刻,常常｜喜乐｜祷告,沿用现有选择区逻辑,我决定今天在______上不住祷告,,已校准｜需最终经文逐字核验,保留原表经文；本轮完成语言与门训结构校准
46,7,周四,关系实践,模块1｜认识基督,建立对基督、福音与身份的基本认识,主，教我们祷告,主，教我们祷告 · 周四关系,提前2：1-4,像耶稣一样亲近父，把祷告带进今天最真实的需要和关系里。,选择一个真实的人持续代求。,周四,门徒生命一定会影响人与人的相处。读 提摩太前书 2:1-4，问自己：从为万人恳求进入关系。选一个具体的人，少一点自我证明，多一点靠近与承担。你今天不需要解决这段关系的全部问题，只需要完成一个真实而善意的动作，并留意自己的心发生了什么。,,代求,先放进一个真实关系,从为万人恳求进入关系,选择一个真实的人持续代求,万人｜代求｜救主,沿用现有选择区逻辑,我决定今天主动为______代求,,已校准｜需最终经文逐字核验,保留原表经文；本轮完成语言与门训结构校准
47,7,周五,行动承诺,模块1｜认识基督,建立对基督、福音与身份的基本认识,主，教我们祷告,主，教我们祷告 · 周五行动,可11：22-25,像耶稣一样亲近父，把祷告带进今天最真实的需要和关系里。,先在主面前放下债，再迈出关系的一步。,周五,回应就是把领受交在行动里。读 马可福音 11:22-25，思想“从祷告中的饶恕进入关系修复”对今天意味着什么。选择一个具体行动，并为它安排明确的时间。做完不要急着评估自己，而是回头看：我是否更愿意跟随？神又让我看见了什么？,,饶恕,先确定今天要走的一步,从祷告中的饶恕进入关系修复,先在主面前放下债，再迈出关系的一步,信｜祷告｜饶恕,沿用现有选择区逻辑,我决定今天在祷告中饶恕______,,已校准｜需最终经文逐字核验,保留原表经文；本轮完成语言与门训结构校准
48,7,周六,轻回顾,模块1｜认识基督,建立对基督、福音与身份的基本认识,主，教我们祷告,回顾本周：主，教我们祷告,诗23：1-6,像耶稣一样亲近父，把祷告带进今天最真实的需要和关系里。,回头看这一周：经文让我看见了什么，我真正走了哪一步？,周六,今天是回顾的一天。读 诗篇 23:1-6，回头看这一周，特别整理：确认一个变化，也确定下一步。不要只问“我做得好不好”，而要问三件事：神让我看见什么？我实际做了什么？下一步要继续什么？把一个真实学习写下来，再把下一步写成下周可以执行的动作。,,回顾,回头看这一周,确认一个变化，也确定下一步,把这一周的发现带回生活,回顾｜本周变化｜下一步,根据本周选择生成总结,选定下一步,根据Day 1–6选择生成“一句方向＋一句鼓励”,已校准｜总结规则待程序实现,保留原表经文；本轮完成语言与门训结构校准
49,8,主日,主日信息入口,模块1｜认识基督,建立对基督、福音与身份的基本认识,怜悯，就去做,怜悯，就去做,路10：25-37,看见人的需要就行动，不只感动自己，今天实际做一件怜悯的事。,看见人的需要就行动，不只感动自己，今天实际做一件怜悯的事。,主日,今天是新一周的起点。读 路加福音 10:25-37，先观察经文如何把我们带到“怜悯，就去做”。抓住“怜悯”进入本周。不要要求自己一次改变很多，只需要认出一个最真实的回应方向，并为接下来的六天留下一个可以反复操练的生活位置。,,进入,从主日信息进入本周,抓住“怜悯”进入本周,看见人的需要，就用怜悯回应，把所听见的活出来。,怜悯｜邻舍｜行,选定本周一个要活出来的方向,完成一个本周个人回应,根据Day 1–6选择生成“一句方向＋一句鼓励”,已校准｜需最终经文逐字核验,保留原表经文；本轮完成语言与门训结构校准
50,8,周一,拓宽眼界,模块1｜认识基督,建立对基督、福音与身份的基本认识,怜悯，就去做,怜悯，就去做 · 周一默想,弥6：6-8,看见人的需要就行动，不只感动自己，今天实际做一件怜悯的事。,把属灵生活落到一个具体态度。,周一,今天不急着得到“正确答案”，而是练习观察。读 弥迦书 6:6-8，留意“从行公义、好怜悯进入每天的选择”怎样显现在经文里，也怎样可能出现在你今天的生活中。选择一个固定场景停一分钟，看见自己真实的反应，并把它带到主面前。,,看见,先看见经文中的人和行动,从行公义、好怜悯进入每天的选择,把属灵生活落到一个具体态度,公义｜怜悯｜谦卑,沿用现有选择区逻辑,我决定今天以______的态度行事,,已校准｜需最终经文逐字核验,保留原表经文；本轮完成语言与门训结构校准
51,8,周二,深入省察,模块1｜认识基督,建立对基督、福音与身份的基本认识,怜悯，就去做,怜悯，就去做 · 周二省察,伯29：11-17,看见人的需要就行动，不只感动自己，今天实际做一件怜悯的事。,辨认自己忽略的人。,周二,今天从外在经文转向内在生命。读 约伯记 29:11-17，诚实面对：从约伯帮助困苦人的经历看见怜悯的具体形状。不要先解释自己，也不要急着定罪自己。试着辨认这个反应背后更深的欲望、惧怕、骄傲或不信。省察不是自责，而是在神面前停止遮掩，愿意让主触碰真实的自己。,,省察,先看见自己的真实反应,从约伯帮助困苦人的经历看见怜悯的具体形状,辨认自己忽略的人,公义｜拯救｜困苦人,沿用现有选择区逻辑,我决定今天放下______,,已校准｜需最终经文逐字核验,保留原表经文；本轮完成语言与门训结构校准
52,8,周三,生活应用,模块1｜认识基督,建立对基督、福音与身份的基本认识,怜悯，就去做,怜悯，就去做 · 周三应用,太25：31-40,看见人的需要就行动，不只感动自己，今天实际做一件怜悯的事。,选一个真实需要马上回应。,周三,今天让“知道”变成“去做”。读 马太福音 25:31-40，思考“从绵羊与山羊的比喻看见爱需要实际行动”在你的现实处境中最小的下一步是什么。把行动限定在十分钟左右，越具体越好。做完后记下一句话：我做了什么？有什么阻力？主让我看见什么？,,行动,先找一个今天能做的地方,从绵羊与山羊的比喻看见爱需要实际行动,选一个真实需要马上回应,弟兄｜怜悯｜行,沿用现有选择区逻辑,我决定今天______,,已校准｜需最终经文逐字核验,保留原表经文；本轮完成语言与门训结构校准
53,8,周四,关系实践,模块1｜认识基督,建立对基督、福音与身份的基本认识,怜悯，就去做,怜悯，就去做 · 周四关系,雅2：14-17,看见人的需要就行动，不只感动自己，今天实际做一件怜悯的事。,让信心变成一个看得见的行动。,周四,今天观察自己怎样对待别人，也让经文重新整理这种关系。读 雅各书 2:14-17，围绕“从“信心没有行为是死的”进入具体帮助”作一个具体决定。找一个人，主动走近一步；可以是一句话、一次倾听、一次帮助或一次代祷。真实关系中的小小顺服，就是门徒训练的一部分。,,帮助,先放进一个真实关系,从“信心没有行为是死的”进入具体帮助,让信心变成一个看得见的行动,信心｜行为｜帮助,沿用现有选择区逻辑,我决定今天主动帮助______,,已校准｜需最终经文逐字核验,保留原表经文；本轮完成语言与门训结构校准
54,8,周五,行动承诺,模块1｜认识基督,建立对基督、福音与身份的基本认识,怜悯，就去做,怜悯，就去做 · 周五行动,路6：27-36,看见人的需要就行动，不只感动自己，今天实际做一件怜悯的事。,不等对方改变，先走出自己的回应。,周五,今天来到回应与承担。读 路加福音 6:27-36，问自己：从爱仇敌、善待人进入更深的怜悯。把信仰从个人感受带向一个具体的人、一项责任或一个见证行动。不要追求被看见，只求忠心。完成之后写下发生了什么，让你自己的行动成为一个可以被回顾、也可以被分享的见证。,,爱仇敌,先确定今天要走的一步,从爱仇敌、善待人进入更深的怜悯,不等对方改变，先走出自己的回应,爱仇敌｜善待｜怜悯,沿用现有选择区逻辑,我决定今天对______显出善意,,已校准｜需最终经文逐字核验,保留原表经文；本轮完成语言与门训结构校准
55,8,周六,轻回顾,模块1｜认识基督,建立对基督、福音与身份的基本认识,怜悯，就去做,回顾本周：怜悯，就去做,诗23：1-6,看见人的需要就行动，不只感动自己，今天实际做一件怜悯的事。,回头看这一周：经文让我看见了什么，我真正走了哪一步？,周六,读 诗篇 23:1-6，安静回看这七天的经历：哪些地方有顺服，哪些地方仍在挣扎，哪里看见神的带领？特别思考“确认一个变化，也确定下一步”。今天把本周浓缩成“一个看见、一个行动、一个下一步”，让回顾成为继续跟随的桥梁。,,回顾,回头看这一周,确认一个变化，也确定下一步,把这一周的发现带回生活,回顾｜本周变化｜下一步,根据本周选择生成总结,选定下一步,根据Day 1–6选择生成“一句方向＋一句鼓励”,已校准｜总结规则待程序实现,保留原表经文；本轮完成语言与门训结构校准
56,9,主日,主日信息入口,模块2｜跟随基督,从认识进入回应、操练与跟随,你的财宝在哪里？,你的财宝在哪里？,路12：13-34,在真实的金钱选择里练习知足与慷慨，让安全感不再由积攒决定。,在真实的金钱选择里练习知足与慷慨，让安全感不再由积攒决定。,主日,今天把经文放在心里，也把自己放在经文面前。读 路加福音 12:13-34，围绕“你的财宝在哪里？”安静片刻，思想：留意主怎样带你从认识走向跟随。。主日不是结束，而是进入本周门训的起点。今天选定一个具体场景，提醒自己在这一周继续回来面对这个主题。,,进入｜从主日信息进入本周,本周，我最需要面对的是：“把财宝放在哪里”,先不急着回答，把主日经文放进你的生活：把财宝放在哪里。留意主怎样带你从认识走向跟随。,本周不追求抽象改变，只在一个真实生活场景中练习“把财宝放在哪里”。,你的财宝在哪｜今天最触动你｜的是什么｜财富,今天最触动我的状态｜很有共鸣｜有一点挣扎｜还不清楚｜愿意开始,用3分钟写下本周回应：“主啊，在把财宝放在哪里上，我愿意跟随你。”再选定一个本周每天都可以提醒自己的具体场景。,,V1.1｜第9–52周逐周具体内容已补全｜依据冻结版主题、每日经文与第1–8周确认的门训规则,本轮为内容制作稿；经文出处沿用冻结版，和合本全文与候选关键词仍须逐段核验。
57,9,周一,拓宽眼界,模块2｜跟随基督,从认识进入回应、操练与跟随,你的财宝在哪里？,你的财宝在哪里？ · 周一默想,传5：8-12,在真实的金钱选择里练习知足与慷慨，让安全感不再由积攒决定。,留意“观察财富带来的安全感与不安”在我的选择、情绪或习惯中如何出现。,周一,今天先学习看见。读 传道书 5:8-12，不要急着批评或解决问题，留意经文让你看见什么：再问自己：我今天在哪里正在经历同样的事？（经文：你的财宝在哪里？ · 周一默想）。再回到自己的生活，观察一个真实反应、选择或习惯。门徒不是先表现得正确，而是先在神的光中看清楚自己。把今天看见的一件事记下来，作为后面回应的起点。,,看见｜先看见经文与自己的处境,经文怎样让我看见“观察财富带来的安全感与不安”？,先观察经文中的人物、行动和张力，再问自己：我今天在哪里正在经历同样的事？（经文：你的财宝在哪里？ · 周一默想）,今天先看见，不急着改变；留意“观察财富带来的安全感与不安”在我的选择、情绪或习惯中如何出现。,你的财宝在哪｜周一默想｜你所积攒的能｜真正满足你吗,今天我的状态｜已经看见｜有些模糊｜容易忽略｜愿意留意,今天选一个固定场景（通勤、工作、吃饭或睡前），停下来1分钟，记录一次“观察财富带来的安全感与不安”在自己身上的真实表现。,,V1.1｜第9–52周逐周具体内容已补全｜依据冻结版主题、每日经文与第1–8周确认的门训规则,本轮为内容制作稿；经文出处沿用冻结版，和合本全文与候选关键词仍须逐段核验。
58,9,周二,深入省察,模块2｜跟随基督,从认识进入回应、操练与跟随,你的财宝在哪里？,你的财宝在哪里？ · 周二省察,提前6：6-10,在真实的金钱选择里练习知足与慷慨，让安全感不再由积攒决定。,诚实面对关于“分辨贪恋与知足”的内在反应。,周二,今天给自己几分钟安静。读 提摩太前书 6:6-10，把经文所揭开的张力带回心里：不要先批评自己，也不要替自己辩护；诚实辨认背后的欲望、惧怕、骄傲或不信，并把它带到主面前。。问自己，我在什么地方正在重复同样的模式？不必马上找到解决方案，只需要说真话，并用一句简单的祷告把这份真实交给主。,,省察｜先面对里面真实的反应,我为什么会在“分辨贪恋与知足”上有这样的反应？,不要先批评自己，也不要替自己辩护；诚实辨认背后的欲望、惧怕、骄傲或不信，并把它带到主面前。,今天诚实面对一个关于“分辨贪恋与知足”的内在反应，不用属灵话语遮盖它。,你的财宝在哪｜周二省察｜你是否有｜贪恋钱财,我最接近的状态｜愿意面对｜有点抗拒｜容易解释自己｜需要别人陪伴,今天安静5分钟，不为自己辩解，只写下“分辨贪恋与知足”引出的一个惧怕、欲望或惯性，然后用一句祷告交给主。,,V1.1｜第9–52周逐周具体内容已补全｜依据冻结版主题、每日经文与第1–8周确认的门训规则,本轮为内容制作稿；经文出处沿用冻结版，和合本全文与候选关键词仍须逐段核验。
59,9,周三,生活应用,模块2｜跟随基督,从认识进入回应、操练与跟随,你的财宝在哪里？,你的财宝在哪里？ · 周三应用,太6：19-24,在真实的金钱选择里练习知足与慷慨，让安全感不再由积攒决定。,把“让心从积攒转向天国”放进一个具体决定，用一个小行动回应经文。,周三,不要等到条件完美才回应经文。读 马太福音 6:19-24，找出一个可以立即开始的动作，回应“不要追求大改变，只走清楚的一步。”。今天只走一步，但要真的走。行动之后，用一分钟回顾结果，让经验成为下一次跟随的依据。,,行动｜把经文落到一个今天能做的选择,今天我可以怎样把“让心从积攒转向天国”做出来？,把原则缩小到今天：一个时间点、一个决定、一个动作就够。不要追求大改变，只走清楚的一步。,今天把“让心从积攒转向天国”放进一个具体决定，用一个小行动回应经文。,你的财宝在哪｜周三应用｜今天你需要在｜哪些方面调整,我的行动准备度｜现在就能做｜需要一点计划｜需要别人提醒｜暂时还没想到,今天安排一个明确时间点，把“让心从积攒转向天国”变成一个10分钟以内的行动，并在完成后记下一个结果。,,V1.1｜第9–52周逐周具体内容已补全｜依据冻结版主题、每日经文与第1–8周确认的门训规则,本轮为内容制作稿；经文出处沿用冻结版，和合本全文与候选关键词仍须逐段核验。
60,9,周四,关系实践,模块2｜跟随基督,从认识进入回应、操练与跟随,你的财宝在哪里？,你的财宝在哪里？ · 周四关系,可12：41-44,在真实的金钱选择里练习知足与慷慨，让安全感不再由积攒决定。,让“在资源上练习慷慨”发生在一个真实关系里。,周四,今天把跟随带进一个人的名字。读 马可福音 12:41-44，思想：想起一个具体的人，不停留在抽象的“爱人”；问自己：我可以听什么、说什么、给什么、承担什么？。想起一段真实关系，不停留在“我要更有爱心”的想法，而是决定一个看得见的动作：认真倾听、主动帮助、道歉、感谢、分享或代祷。让今天的经文通过你的关系被活出来。,,关系｜把跟随放进真实的人际关系,今天哪个关系最需要让我实践“在资源上练习慷慨”？,想起一个具体的人，不停留在抽象的“爱人”；问自己：我可以听什么、说什么、给什么、承担什么？,今天让“在资源上练习慷慨”发生在一个真实关系里，而不是停留在个人感受中。,你的财宝在哪｜周四关系｜今天你可以像｜穷寡妇一样奉,我在关系中的状态｜愿意主动｜想保持距离｜正在修复｜不知道怎么开口,今天选定一位具体的人，用一个可见动作实践“在资源上练习慷慨”：主动联系、倾听、帮助、道歉、分享或代祷，六选一。,,V1.1｜第9–52周逐周具体内容已补全｜依据冻结版主题、每日经文与第1–8周确认的门训规则,本轮为内容制作稿；经文出处沿用冻结版，和合本全文与候选关键词仍须逐段核验。
61,9,周五,行动承诺,模块2｜跟随基督,从认识进入回应、操练与跟随,你的财宝在哪里？,你的财宝在哪里？ · 周五行动,林后9：6-15,在真实的金钱选择里练习知足与慷慨，让安全感不再由积攒决定。,让一个真实行动显出“用奉献表达信靠”正在改变我。,周五,今天的重点不是再多懂一点，而是愿意承担一步。读 哥林多后书 9:6-15，把“用实际行动回应主的差遣。”落实到现实生活。可以是一次服事、一次给予、一次修复关系、一次见证或一次责任。先忠心完成今天能做的，然后在神面前感谢祂的带领。,,回应｜从跟随走向见证与承担,如果我真的相信“用奉献表达信靠”，今天会有什么不同？,把信仰从个人感受带向承担：选择一个人、一个场景或一项责任，用实际行动回应主的差遣。,今天让别人能够从我的一个真实行动，看见“用奉献表达信靠”正在改变我。,你的财宝在哪｜周五行动｜今天你可以乐｜捐在哪里,我的回应状态｜已经确定一步｜正在寻找机会｜有惧怕｜需要同伴同行,今天把“用奉献表达信靠”带到一个真实的承担中：完成一次见证、服事、给予、修复关系或承担责任，并记录发生了什么。,,V1.1｜第9–52周逐周具体内容已补全｜依据冻结版主题、每日经文与第1–8周确认的门训规则,本轮为内容制作稿；经文出处沿用冻结版，和合本全文与候选关键词仍须逐段核验。
62,9,周六,轻回顾,模块2｜跟随基督,从认识进入回应、操练与跟随,你的财宝在哪里？,回顾本周：你的财宝在哪里？,诗23：1-6,在真实的金钱选择里练习知足与慷慨，让安全感不再由积攒决定。,回头看这一周：经文让我看见了什么，我真正走了哪一步？,周六,回顾不是给自己打分，而是辨认神怎样工作。今天读 诗篇 23:1-6，整理你这一周在“不要只评价自己“做得好不好”，而是辨认：神让我看见了什么？我实际做了什么？下一步要继续什么？”上的经历。感谢已经发生的，也承认还没有改变的。最后写下一句本周总结，并确定一个可以带进下一周的小小行动。,,回顾｜看见本周发生了什么，并确定下一步,回头看七天，我在哪里真实经历了“回顾本周对财物的改变”？,不要只评价自己“做得好不好”，而是辨认：神让我看见了什么？我实际做了什么？下一步要继续什么？,今天从经历而不是感觉回顾“回顾本周对财物的改变”，辨认神的工作与下一步。,回顾本周｜你的财宝在哪｜这周你经历最｜多的是什么,本周最接近我的状态｜有真实改变｜有看见但未落实｜正在挣扎｜准备重新开始,今天用10分钟完成本周回顾：写下“神让我看见什么／我实际做了什么／下一步继续什么”，并把下一步写成一个下周可执行的动作。,本周总结｜主题“你的财宝在哪里？”。回顾“把财宝放在哪里—回顾本周对财物的改变”：神让我看见______；我实际回应了______；下一步我要继续______。｜宣告：主仍在带领我，我愿继续跟随。,V1.1｜第9–52周逐周具体内容已补全｜依据冻结版主题、每日经文与第1–8周确认的门训规则,本轮为内容制作稿；经文出处沿用冻结版，和合本全文与候选关键词仍须逐段核验。
63,10,主日,主日信息入口,模块2｜跟随基督,从认识进入回应、操练与跟随,神国里的座位,神国里的座位,路14：7-24,在位置、地位和认可上学习谦卑，把先被人看见改成愿意服事人。,在位置、地位和认可上学习谦卑，把先被人看见改成愿意服事人。,主日,今天先慢下来。读 路加福音 14:7-24，让“神国里的座位”成为这一周共同的入口。不要急着把主日信息变成更多知识，先问：留意主怎样带你从认识走向跟随。。把这个问题放进你真实的生活，找出一个本周愿意跟随主的场景。主日的领受要进入一周的生活，才会成为门徒的道路。,,进入｜从主日信息进入本周,本周，我最需要面对的是：“在神国里重新看位置”,先不急着回答，把主日经文放进你的生活：在神国里重新看位置。留意主怎样带你从认识走向跟随。,本周不追求抽象改变，只在一个真实生活场景中练习“在神国里重新看位置”。,神国里的座位｜今天最触动你｜的是什么｜座位,今天最触动我的状态｜很有共鸣｜有一点挣扎｜还不清楚｜愿意开始,用3分钟写下本周回应：“主啊，在在神国里重新看位置上，我愿意跟随你。”再选定一个本周每天都可以提醒自己的具体场景。,,V1.1｜第9–52周逐周具体内容已补全｜依据冻结版主题、每日经文与第1–8周确认的门训规则,本轮为内容制作稿；经文出处沿用冻结版，和合本全文与候选关键词仍须逐段核验。
64,10,周一,拓宽眼界,模块2｜跟随基督,从认识进入回应、操练与跟随,神国里的座位,神国里的座位 · 周一默想,箴25：6-7,在位置、地位和认可上学习谦卑，把先被人看见改成愿意服事人。,留意“学习不抢先、不高抬自己”在我的选择、情绪或习惯中如何出现。,周一,读 箴言 25:6-7 时，先把注意力放在经文的人、行动和张力上。今天特别思想：再问自己：我今天在哪里正在经历同样的事？（经文：神国里的座位 · 周一默想）。然后问自己，这件事在我的生活里有没有类似的位置？不要急着改变，先诚实记录一次。能够看见，是让神的话从纸面进入生命的第一步。,,看见｜先看见经文与自己的处境,经文怎样让我看见“学习不抢先、不高抬自己”？,先观察经文中的人物、行动和张力，再问自己：我今天在哪里正在经历同样的事？（经文：神国里的座位 · 周一默想）,今天先看见，不急着改变；留意“学习不抢先、不高抬自己”在我的选择、情绪或习惯中如何出现。,神国里的座位｜周一默想｜在神国里｜坐在末位,今天我的状态｜已经看见｜有些模糊｜容易忽略｜愿意留意,今天选一个固定场景（通勤、工作、吃饭或睡前），停下来1分钟，记录一次“学习不抢先、不高抬自己”在自己身上的真实表现。,,V1.1｜第9–52周逐周具体内容已补全｜依据冻结版主题、每日经文与第1–8周确认的门训规则,本轮为内容制作稿；经文出处沿用冻结版，和合本全文与候选关键词仍须逐段核验。
65,10,周二,深入省察,模块2｜跟随基督,从认识进入回应、操练与跟随,神国里的座位,神国里的座位 · 周二省察,太20：20-28,在位置、地位和认可上学习谦卑，把先被人看见改成愿意服事人。,诚实面对关于“省察对地位与认可的渴望”的内在反应。,周二,门徒训练不仅改变行为，也改变里面的动机。读 马太福音 20:20-28，认真面对“不要先批评自己，也不要替自己辩护；诚实辨认背后的欲望、惧怕、骄傲或不信，并把它带到主面前。”。当你察觉到防卫、焦虑、比较或自我保护时，不要赶快掩盖。把那个最真实的反应写下来，求主带你从看见走向悔改与信靠。,,省察｜先面对里面真实的反应,我为什么会在“省察对地位与认可的渴望”上有这样的反应？,不要先批评自己，也不要替自己辩护；诚实辨认背后的欲望、惧怕、骄傲或不信，并把它带到主面前。,今天诚实面对一个关于“省察对地位与认可的渴望”的内在反应，不用属灵话语遮盖它。,神国里的座位｜周二省察｜你是否有｜坐在左右,我最接近的状态｜愿意面对｜有点抗拒｜容易解释自己｜需要别人陪伴,今天安静5分钟，不为自己辩解，只写下“省察对地位与认可的渴望”引出的一个惧怕、欲望或惯性，然后用一句祷告交给主。,,V1.1｜第9–52周逐周具体内容已补全｜依据冻结版主题、每日经文与第1–8周确认的门训规则,本轮为内容制作稿；经文出处沿用冻结版，和合本全文与候选关键词仍须逐段核验。
66,10,周三,生活应用,模块2｜跟随基督,从认识进入回应、操练与跟随,神国里的座位,神国里的座位 · 周三应用,路14：25-33,在位置、地位和认可上学习谦卑，把先被人看见改成愿意服事人。,把“在选择中优先跟随基督”放进一个具体决定，用一个小行动回应经文。,周三,今天把经文缩小成一个选择。读 路加福音 14:25-33，问自己：不要追求大改变，只走清楚的一步。。不要设计一个很大的计划，只找一个今天能完成的小行动。门徒的成长常常发生在普通时间、普通决定和普通责任里。选定时间点去做，完成后再回看它带来了什么改变。,,行动｜把经文落到一个今天能做的选择,今天我可以怎样把“在选择中优先跟随基督”做出来？,把原则缩小到今天：一个时间点、一个决定、一个动作就够。不要追求大改变，只走清楚的一步。,今天把“在选择中优先跟随基督”放进一个具体决定，用一个小行动回应经文。,神国里的座位｜周三应用｜今天你需要在｜哪个领域,我的行动准备度｜现在就能做｜需要一点计划｜需要别人提醒｜暂时还没想到,今天安排一个明确时间点，把“在选择中优先跟随基督”变成一个10分钟以内的行动，并在完成后记下一个结果。,,V1.1｜第9–52周逐周具体内容已补全｜依据冻结版主题、每日经文与第1–8周确认的门训规则,本轮为内容制作稿；经文出处沿用冻结版，和合本全文与候选关键词仍须逐段核验。
67,10,周四,关系实践,模块2｜跟随基督,从认识进入回应、操练与跟随,神国里的座位,神国里的座位 · 周四关系,罗12：9-16,在位置、地位和认可上学习谦卑，把先被人看见改成愿意服事人。,让“在关系中彼此尊重、推让”发生在一个真实关系里。,周四,门徒生命一定会影响人与人的相处。读 罗马书 12:9-16，问自己：想起一个具体的人，不停留在抽象的“爱人”；问自己：我可以听什么、说什么、给什么、承担什么？。选一个具体的人，少一点自我证明，多一点靠近与承担。你今天不需要解决这段关系的全部问题，只需要完成一个真实而善意的动作，并留意自己的心发生了什么。,,关系｜把跟随放进真实的人际关系,今天哪个关系最需要让我实践“在关系中彼此尊重、推让”？,想起一个具体的人，不停留在抽象的“爱人”；问自己：我可以听什么、说什么、给什么、承担什么？,今天让“在关系中彼此尊重、推让”发生在一个真实关系里，而不是停留在个人感受中。,神国里的座位｜周四关系｜今天你可以怎｜彼此推让,我在关系中的状态｜愿意主动｜想保持距离｜正在修复｜不知道怎么开口,今天选定一位具体的人，用一个可见动作实践“在关系中彼此尊重、推让”：主动联系、倾听、帮助、道歉、分享或代祷，六选一。,,V1.1｜第9–52周逐周具体内容已补全｜依据冻结版主题、每日经文与第1–8周确认的门训规则,本轮为内容制作稿；经文出处沿用冻结版，和合本全文与候选关键词仍须逐段核验。
68,10,周五,行动承诺,模块2｜跟随基督,从认识进入回应、操练与跟随,神国里的座位,神国里的座位 · 周五行动,约13：12-17,在位置、地位和认可上学习谦卑，把先被人看见改成愿意服事人。,让一个真实行动显出“主动做一件不求被看见的服事”正在改变我。,周五,回应就是把领受交在行动里。读 约翰福音 13:12-17，思想“用实际行动回应主的差遣。”对今天意味着什么。选择一个具体行动，并为它安排明确的时间。做完不要急着评估自己，而是回头看：我是否更愿意跟随？神又让我看见了什么？,,回应｜从跟随走向见证与承担,如果我真的相信“主动做一件不求被看见的服事”，今天会有什么不同？,把信仰从个人感受带向承担：选择一个人、一个场景或一项责任，用实际行动回应主的差遣。,今天让别人能够从我的一个真实行动，看见“主动做一件不求被看见的服事”正在改变我。,神国里的座位｜周五行动｜今天你可以为｜洗脚,我的回应状态｜已经确定一步｜正在寻找机会｜有惧怕｜需要同伴同行,今天把“主动做一件不求被看见的服事”带到一个真实的承担中：完成一次见证、服事、给予、修复关系或承担责任，并记录发生了什么。,,V1.1｜第9–52周逐周具体内容已补全｜依据冻结版主题、每日经文与第1–8周确认的门训规则,本轮为内容制作稿；经文出处沿用冻结版，和合本全文与候选关键词仍须逐段核验。
69,10,周六,轻回顾,模块2｜跟随基督,从认识进入回应、操练与跟随,神国里的座位,回顾本周：神国里的座位,诗23：1-6,在位置、地位和认可上学习谦卑，把先被人看见改成愿意服事人。,回头看这一周：经文让我看见了什么，我真正走了哪一步？,周六,今天是回顾的一天。读 诗篇 23:1-6，回头看这一周，特别整理：不要只评价自己“做得好不好”，而是辨认：神让我看见了什么？我实际做了什么？下一步要继续什么？。不要只问“我做得好不好”，而要问三件事：神让我看见什么？我实际做了什么？下一步要继续什么？把一个真实学习写下来，再把下一步写成下周可以执行的动作。,,回顾｜看见本周发生了什么，并确定下一步,回头看七天，我在哪里真实经历了“回顾自己是否更愿意在末位跟随”？,不要只评价自己“做得好不好”，而是辨认：神让我看见了什么？我实际做了什么？下一步要继续什么？,今天从经历而不是感觉回顾“回顾自己是否更愿意在末位跟随”，辨认神的工作与下一步。,回顾本周｜神国里的座位｜这周你经历最｜多的是什么,本周最接近我的状态｜有真实改变｜有看见但未落实｜正在挣扎｜准备重新开始,今天用10分钟完成本周回顾：写下“神让我看见什么／我实际做了什么／下一步继续什么”，并把下一步写成一个下周可执行的动作。,本周总结｜主题“神国里的座位”。回顾“在神国里重新看位置—回顾自己是否更愿意在末位跟随”：神让我看见______；我实际回应了______；下一步我要继续______。｜宣告：主仍在带领我，我愿继续跟随。,V1.1｜第9–52周逐周具体内容已补全｜依据冻结版主题、每日经文与第1–8周确认的门训规则,本轮为内容制作稿；经文出处沿用冻结版，和合本全文与候选关键词仍须逐段核验。
70,11,主日,主日信息入口,模块2｜跟随基督,从认识进入回应、操练与跟随,你事奉谁？,你事奉谁？,路16：1-13,在金钱、时间和决定上辨认谁是真正的主人，并让选择跟上答案。,在金钱、时间和决定上辨认谁是真正的主人，并让选择跟上答案。,主日,今天是新一周的起点。读 路加福音 16:1-13，先观察经文如何把我们带到“你事奉谁？”。留意主怎样带你从认识走向跟随。。不要要求自己一次改变很多，只需要认出一个最真实的回应方向，并为接下来的六天留下一个可以反复操练的生活位置。,,进入｜从主日信息进入本周,本周，我最需要面对的是：“确认真正的主人”,先不急着回答，把主日经文放进你的生活：确认真正的主人。留意主怎样带你从认识走向跟随。,本周不追求抽象改变，只在一个真实生活场景中练习“确认真正的主人”。,你事奉谁｜今天最触动你｜的是什么｜主人,今天最触动我的状态｜很有共鸣｜有一点挣扎｜还不清楚｜愿意开始,用3分钟写下本周回应：“主啊，在确认真正的主人上，我愿意跟随你。”再选定一个本周每天都可以提醒自己的具体场景。,,V1.1｜第9–52周逐周具体内容已补全｜依据冻结版主题、每日经文与第1–8周确认的门训规则,本轮为内容制作稿；经文出处沿用冻结版，和合本全文与候选关键词仍须逐段核验。
71,11,周一,拓宽眼界,模块2｜跟随基督,从认识进入回应、操练与跟随,你事奉谁？,你事奉谁？ · 周一默想,书24：14-18,在金钱、时间和决定上辨认谁是真正的主人，并让选择跟上答案。,留意“辨认心中同时服事两个主的倾向”在我的选择、情绪或习惯中如何出现。,周一,今天不急着得到“正确答案”，而是练习观察。读 约书亚记 24:14-18，留意“再问自己：我今天在哪里正在经历同样的事？（经文：你事奉谁？ · 周一默想）”怎样显现在经文里，也怎样可能出现在你今天的生活中。选择一个固定场景停一分钟，看见自己真实的反应，并把它带到主面前。,,看见｜先看见经文与自己的处境,经文怎样让我看见“辨认心中同时服事两个主的倾向”？,先观察经文中的人物、行动和张力，再问自己：我今天在哪里正在经历同样的事？（经文：你事奉谁？ · 周一默想）,今天先看见，不急着改变；留意“辨认心中同时服事两个主的倾向”在我的选择、情绪或习惯中如何出现。,你事奉谁｜周一默想｜今天你选择事｜奉谁,今天我的状态｜已经看见｜有些模糊｜容易忽略｜愿意留意,今天选一个固定场景（通勤、工作、吃饭或睡前），停下来1分钟，记录一次“辨认心中同时服事两个主的倾向”在自己身上的真实表现。,,V1.1｜第9–52周逐周具体内容已补全｜依据冻结版主题、每日经文与第1–8周确认的门训规则,本轮为内容制作稿；经文出处沿用冻结版，和合本全文与候选关键词仍须逐段核验。
72,11,周二,深入省察,模块2｜跟随基督,从认识进入回应、操练与跟随,你事奉谁？,你事奉谁？ · 周二省察,太6：24,在金钱、时间和决定上辨认谁是真正的主人，并让选择跟上答案。,诚实面对关于“面对金钱、工作、成就的控制力”的内在反应。,周二,今天从外在经文转向内在生命。读 马太福音 6:24，诚实面对：不要先批评自己，也不要替自己辩护；诚实辨认背后的欲望、惧怕、骄傲或不信，并把它带到主面前。。不要先解释自己，也不要急着定罪自己。试着辨认这个反应背后更深的欲望、惧怕、骄傲或不信。省察不是自责，而是在神面前停止遮掩，愿意让主触碰真实的自己。,,省察｜先面对里面真实的反应,我为什么会在“面对金钱、工作、成就的控制力”上有这样的反应？,不要先批评自己，也不要替自己辩护；诚实辨认背后的欲望、惧怕、骄傲或不信，并把它带到主面前。,今天诚实面对一个关于“面对金钱、工作、成就的控制力”的内在反应，不用属灵话语遮盖它。,你事奉谁｜周二省察｜你心中是否有｜两个主,我最接近的状态｜愿意面对｜有点抗拒｜容易解释自己｜需要别人陪伴,今天安静5分钟，不为自己辩解，只写下“面对金钱、工作、成就的控制力”引出的一个惧怕、欲望或惯性，然后用一句祷告交给主。,,V1.1｜第9–52周逐周具体内容已补全｜依据冻结版主题、每日经文与第1–8周确认的门训规则,本轮为内容制作稿；经文出处沿用冻结版，和合本全文与候选关键词仍须逐段核验。
73,11,周三,生活应用,模块2｜跟随基督,从认识进入回应、操练与跟随,你事奉谁？,你事奉谁？ · 周三应用,林前10：31,在金钱、时间和决定上辨认谁是真正的主人，并让选择跟上答案。,把“把普通工作转为敬拜”放进一个具体决定，用一个小行动回应经文。,周三,今天让“知道”变成“去做”。读 哥林多前书 10:31，思考“不要追求大改变，只走清楚的一步。”在你的现实处境中最小的下一步是什么。把行动限定在十分钟左右，越具体越好。做完后记下一句话：我做了什么？有什么阻力？主让我看见什么？,,行动｜把经文落到一个今天能做的选择,今天我可以怎样把“把普通工作转为敬拜”做出来？,把原则缩小到今天：一个时间点、一个决定、一个动作就够。不要追求大改变，只走清楚的一步。,今天把“把普通工作转为敬拜”放进一个具体决定，用一个小行动回应经文。,你事奉谁｜周三应用｜今天你如何在｜凡事上,我的行动准备度｜现在就能做｜需要一点计划｜需要别人提醒｜暂时还没想到,今天安排一个明确时间点，把“把普通工作转为敬拜”变成一个10分钟以内的行动，并在完成后记下一个结果。,,V1.1｜第9–52周逐周具体内容已补全｜依据冻结版主题、每日经文与第1–8周确认的门训规则,本轮为内容制作稿；经文出处沿用冻结版，和合本全文与候选关键词仍须逐段核验。
74,11,周四,关系实践,模块2｜跟随基督,从认识进入回应、操练与跟随,你事奉谁？,你事奉谁？ · 周四关系,西3：22-24,在金钱、时间和决定上辨认谁是真正的主人，并让选择跟上答案。,让“在责任与工作中忠心服事人”发生在一个真实关系里。,周四,今天观察自己怎样对待别人，也让经文重新整理这种关系。读 歌罗西书 3:22-24，围绕“想起一个具体的人，不停留在抽象的“爱人”；问自己：我可以听什么、说什么、给什么、承担什么？”作一个具体决定。找一个人，主动走近一步；可以是一句话、一次倾听、一次帮助或一次代祷。真实关系中的小小顺服，就是门徒训练的一部分。,,关系｜把跟随放进真实的人际关系,今天哪个关系最需要让我实践“在责任与工作中忠心服事人”？,想起一个具体的人，不停留在抽象的“爱人”；问自己：我可以听什么、说什么、给什么、承担什么？,今天让“在责任与工作中忠心服事人”发生在一个真实关系里，而不是停留在个人感受中。,你事奉谁｜周四关系｜今天你如何｜从心里,我在关系中的状态｜愿意主动｜想保持距离｜正在修复｜不知道怎么开口,今天选定一位具体的人，用一个可见动作实践“在责任与工作中忠心服事人”：主动联系、倾听、帮助、道歉、分享或代祷，六选一。,,V1.1｜第9–52周逐周具体内容已补全｜依据冻结版主题、每日经文与第1–8周确认的门训规则,本轮为内容制作稿；经文出处沿用冻结版，和合本全文与候选关键词仍须逐段核验。
75,11,周五,行动承诺,模块2｜跟随基督,从认识进入回应、操练与跟随,你事奉谁？,你事奉谁？ · 周五行动,彼前4：10-11,在金钱、时间和决定上辨认谁是真正的主人，并让选择跟上答案。,让一个真实行动显出“运用恩赐服事而不求掌声”正在改变我。,周五,今天来到回应与承担。读 彼得前书 4:10-11，问自己：用实际行动回应主的差遣。。把信仰从个人感受带向一个具体的人、一项责任或一个见证行动。不要追求被看见，只求忠心。完成之后写下发生了什么，让你自己的行动成为一个可以被回顾、也可以被分享的见证。,,回应｜从跟随走向见证与承担,如果我真的相信“运用恩赐服事而不求掌声”，今天会有什么不同？,把信仰从个人感受带向承担：选择一个人、一个场景或一项责任，用实际行动回应主的差遣。,今天让别人能够从我的一个真实行动，看见“运用恩赐服事而不求掌声”正在改变我。,你事奉谁｜周五行动｜今天你可以使｜用什么恩赐服,我的回应状态｜已经确定一步｜正在寻找机会｜有惧怕｜需要同伴同行,今天把“运用恩赐服事而不求掌声”带到一个真实的承担中：完成一次见证、服事、给予、修复关系或承担责任，并记录发生了什么。,,V1.1｜第9–52周逐周具体内容已补全｜依据冻结版主题、每日经文与第1–8周确认的门训规则,本轮为内容制作稿；经文出处沿用冻结版，和合本全文与候选关键词仍须逐段核验。
76,11,周六,轻回顾,模块2｜跟随基督,从认识进入回应、操练与跟随,你事奉谁？,回顾本周：你事奉谁？,诗23：1-6,在金钱、时间和决定上辨认谁是真正的主人，并让选择跟上答案。,回头看这一周：经文让我看见了什么，我真正走了哪一步？,周六,读 诗篇 23:1-6，安静回看这七天的经历：哪些地方有顺服，哪些地方仍在挣扎，哪里看见神的带领？特别思考“不要只评价自己“做得好不好”，而是辨认：神让我看见了什么？我实际做了什么？下一步要继续什么？”。今天把本周浓缩成“一个看见、一个行动、一个下一步”，让回顾成为继续跟随的桥梁。,,回顾｜看见本周发生了什么，并确定下一步,回头看七天，我在哪里真实经历了“回顾本周哪些事情仍在争夺主权”？,不要只评价自己“做得好不好”，而是辨认：神让我看见了什么？我实际做了什么？下一步要继续什么？,今天从经历而不是感觉回顾“回顾本周哪些事情仍在争夺主权”，辨认神的工作与下一步。,回顾本周｜你事奉谁｜这周你经历最｜多的是什么,本周最接近我的状态｜有真实改变｜有看见但未落实｜正在挣扎｜准备重新开始,今天用10分钟完成本周回顾：写下“神让我看见什么／我实际做了什么／下一步继续什么”，并把下一步写成一个下周可执行的动作。,本周总结｜主题“你事奉谁？”。回顾“确认真正的主人—回顾本周哪些事情仍在争夺主权”：神让我看见______；我实际回应了______；下一步我要继续______。｜宣告：主仍在带领我，我愿继续跟随。,V1.1｜第9–52周逐周具体内容已补全｜依据冻结版主题、每日经文与第1–8周确认的门训规则,本轮为内容制作稿；经文出处沿用冻结版，和合本全文与候选关键词仍须逐段核验。
77,12,主日,主日信息入口,模块2｜跟随基督,从认识进入回应、操练与跟随,谦卑的君王，走向十字架,谦卑的君王，走向十字架,太21：1-11,跟随谦卑的君王，在权力和面子上少抓一点，把自己放回服事的位置。,跟随谦卑的君王，在权力和面子上少抓一点，把自己放回服事的位置。,主日,今天把经文放在心里，也把自己放在经文面前。读 马太福音 21:1-11，围绕“谦卑的君王，走向十字架”安静片刻，思想：留意主怎样带你从认识走向跟随。。主日不是结束，而是进入本周门训的起点。今天选定一个具体场景，提醒自己在这一周继续回来面对这个主题。,,进入｜从主日信息进入本周,本周，我最需要面对的是：“看见谦卑进入王权的道路”,先不急着回答，把主日经文放进你的生活：看见谦卑进入王权的道路。留意主怎样带你从认识走向跟随。,本周不追求抽象改变，只在一个真实生活场景中练习“看见谦卑进入王权的道路”。,谦卑的君王｜走向十字架｜今天最触动你｜的是什么,今天最触动我的状态｜很有共鸣｜有一点挣扎｜还不清楚｜愿意开始,用3分钟写下本周回应：“主啊，在看见谦卑进入王权的道路上，我愿意跟随你。”再选定一个本周每天都可以提醒自己的具体场景。,,V1.1｜第9–52周逐周具体内容已补全｜依据冻结版主题、每日经文与第1–8周确认的门训规则,本轮为内容制作稿；经文出处沿用冻结版，和合本全文与候选关键词仍须逐段核验。
78,12,周一,拓宽眼界,模块2｜跟随基督,从认识进入回应、操练与跟随,谦卑的君王，走向十字架,谦卑的君王，走向十字架 · 周一默想,亚9：9-10,跟随谦卑的君王，在权力和面子上少抓一点，把自己放回服事的位置。,留意“学习以神的方式而不是自己的方式期待成功”在我的选择、情绪或习惯中如何出现。,周一,今天先学习看见。读 撒迦利亚书 9:9-10，不要急着批评或解决问题，留意经文让你看见什么：再问自己：我今天在哪里正在经历同样的事？（经文：谦卑的君王，走向十字架 · 周一默想）。再回到自己的生活，观察一个真实反应、选择或习惯。门徒不是先表现得正确，而是先在神的光中看清楚自己。把今天看见的一件事记下来，作为后面回应的起点。,,看见｜先看见经文与自己的处境,经文怎样让我看见“学习以神的方式而不是自己的方式期待成功”？,先观察经文中的人物、行动和张力，再问自己：我今天在哪里正在经历同样的事？（经文：谦卑的君王，走向十字架 · 周一默想）,今天先看见，不急着改变；留意“学习以神的方式而不是自己的方式期待成功”在我的选择、情绪或习惯中如何出现。,谦卑的君王｜走向十字架｜周一默想｜这骑驴驹的君,今天我的状态｜已经看见｜有些模糊｜容易忽略｜愿意留意,今天选一个固定场景（通勤、工作、吃饭或睡前），停下来1分钟，记录一次“学习以神的方式而不是自己的方式期待成功”在自己身上的真实表现。,,V1.1｜第9–52周逐周具体内容已补全｜依据冻结版主题、每日经文与第1–8周确认的门训规则,本轮为内容制作稿；经文出处沿用冻结版，和合本全文与候选关键词仍须逐段核验。
79,12,周二,深入省察,模块2｜跟随基督,从认识进入回应、操练与跟随,谦卑的君王，走向十字架,谦卑的君王，走向十字架 · 周二省察,腓2：5-11,跟随谦卑的君王，在权力和面子上少抓一点，把自己放回服事的位置。,诚实面对关于“省察自尊、掌控与被认可”的内在反应。,周二,今天给自己几分钟安静。读 腓立比书 2:5-11，把经文所揭开的张力带回心里：不要先批评自己，也不要替自己辩护；诚实辨认背后的欲望、惧怕、骄傲或不信，并把它带到主面前。。问自己，我在什么地方正在重复同样的模式？不必马上找到解决方案，只需要说真话，并用一句简单的祷告把这份真实交给主。,,省察｜先面对里面真实的反应,我为什么会在“省察自尊、掌控与被认可”上有这样的反应？,不要先批评自己，也不要替自己辩护；诚实辨认背后的欲望、惧怕、骄傲或不信，并把它带到主面前。,今天诚实面对一个关于“省察自尊、掌控与被认可”的内在反应，不用属灵话语遮盖它。,谦卑的君王｜走向十字架｜周二省察｜你愿意效法基,我最接近的状态｜愿意面对｜有点抗拒｜容易解释自己｜需要别人陪伴,今天安静5分钟，不为自己辩解，只写下“省察自尊、掌控与被认可”引出的一个惧怕、欲望或惯性，然后用一句祷告交给主。,,V1.1｜第9–52周逐周具体内容已补全｜依据冻结版主题、每日经文与第1–8周确认的门训规则,本轮为内容制作稿；经文出处沿用冻结版，和合本全文与候选关键词仍须逐段核验。
80,12,周三,生活应用,模块2｜跟随基督,从认识进入回应、操练与跟随,谦卑的君王，走向十字架,谦卑的君王，走向十字架 · 周三应用,约12：12-19,跟随谦卑的君王，在权力和面子上少抓一点，把自己放回服事的位置。,把“在具体选择上练习舍己”放进一个具体决定，用一个小行动回应经文。,周三,不要等到条件完美才回应经文。读 约翰福音 12:12-19，找出一个可以立即开始的动作，回应“不要追求大改变，只走清楚的一步。”。今天只走一步，但要真的走。行动之后，用一分钟回顾结果，让经验成为下一次跟随的依据。,,行动｜把经文落到一个今天能做的选择,今天我可以怎样把“在具体选择上练习舍己”做出来？,把原则缩小到今天：一个时间点、一个决定、一个动作就够。不要追求大改变，只走清楚的一步。,今天把“在具体选择上练习舍己”放进一个具体决定，用一个小行动回应经文。,谦卑的君王｜走向十字架｜周三应用｜今天你如何,我的行动准备度｜现在就能做｜需要一点计划｜需要别人提醒｜暂时还没想到,今天安排一个明确时间点，把“在具体选择上练习舍己”变成一个10分钟以内的行动，并在完成后记下一个结果。,,V1.1｜第9–52周逐周具体内容已补全｜依据冻结版主题、每日经文与第1–8周确认的门训规则,本轮为内容制作稿；经文出处沿用冻结版，和合本全文与候选关键词仍须逐段核验。
81,12,周四,关系实践,模块2｜跟随基督,从认识进入回应、操练与跟随,谦卑的君王，走向十字架,谦卑的君王，走向十字架 · 周四关系,可10：45,跟随谦卑的君王，在权力和面子上少抓一点，把自己放回服事的位置。,让“用服事代替争竞”发生在一个真实关系里。,周四,今天把跟随带进一个人的名字。读 马可福音 10:45，思想：想起一个具体的人，不停留在抽象的“爱人”；问自己：我可以听什么、说什么、给什么、承担什么？。想起一段真实关系，不停留在“我要更有爱心”的想法，而是决定一个看得见的动作：认真倾听、主动帮助、道歉、感谢、分享或代祷。让今天的经文通过你的关系被活出来。,,关系｜把跟随放进真实的人际关系,今天哪个关系最需要让我实践“用服事代替争竞”？,想起一个具体的人，不停留在抽象的“爱人”；问自己：我可以听什么、说什么、给什么、承担什么？,今天让“用服事代替争竞”发生在一个真实关系里，而不是停留在个人感受中。,谦卑的君王｜走向十字架｜周四关系｜今天你可以像,我在关系中的状态｜愿意主动｜想保持距离｜正在修复｜不知道怎么开口,今天选定一位具体的人，用一个可见动作实践“用服事代替争竞”：主动联系、倾听、帮助、道歉、分享或代祷，六选一。,,V1.1｜第9–52周逐周具体内容已补全｜依据冻结版主题、每日经文与第1–8周确认的门训规则,本轮为内容制作稿；经文出处沿用冻结版，和合本全文与候选关键词仍须逐段核验。
82,12,周五,行动承诺,模块2｜跟随基督,从认识进入回应、操练与跟随,谦卑的君王，走向十字架,谦卑的君王，走向十字架 · 周五行动,路19：28-40,跟随谦卑的君王，在权力和面子上少抓一点，把自己放回服事的位置。,让一个真实行动显出“在日常中公开承认基督为王”正在改变我。,周五,今天的重点不是再多懂一点，而是愿意承担一步。读 路加福音 19:28-40，把“用实际行动回应主的差遣。”落实到现实生活。可以是一次服事、一次给予、一次修复关系、一次见证或一次责任。先忠心完成今天能做的，然后在神面前感谢祂的带领。,,回应｜从跟随走向见证与承担,如果我真的相信“在日常中公开承认基督为王”，今天会有什么不同？,把信仰从个人感受带向承担：选择一个人、一个场景或一项责任，用实际行动回应主的差遣。,今天让别人能够从我的一个真实行动，看见“在日常中公开承认基督为王”正在改变我。,谦卑的君王｜走向十字架｜周五行动｜今天你如何用,我的回应状态｜已经确定一步｜正在寻找机会｜有惧怕｜需要同伴同行,今天把“在日常中公开承认基督为王”带到一个真实的承担中：完成一次见证、服事、给予、修复关系或承担责任，并记录发生了什么。,,V1.1｜第9–52周逐周具体内容已补全｜依据冻结版主题、每日经文与第1–8周确认的门训规则,本轮为内容制作稿；经文出处沿用冻结版，和合本全文与候选关键词仍须逐段核验。
83,12,周六,轻回顾,模块2｜跟随基督,从认识进入回应、操练与跟随,谦卑的君王，走向十字架,回顾本周：谦卑的君王，走向十字架,诗23：1-6,跟随谦卑的君王，在权力和面子上少抓一点，把自己放回服事的位置。,回头看这一周：经文让我看见了什么，我真正走了哪一步？,周六,回顾不是给自己打分，而是辨认神怎样工作。今天读 诗篇 23:1-6，整理你这一周在“不要只评价自己“做得好不好”，而是辨认：神让我看见了什么？我实际做了什么？下一步要继续什么？”上的经历。感谢已经发生的，也承认还没有改变的。最后写下一句本周总结，并确定一个可以带进下一周的小小行动。,,回顾｜看见本周发生了什么，并确定下一步,回头看七天，我在哪里真实经历了“回顾自己本周放下了什么”？,不要只评价自己“做得好不好”，而是辨认：神让我看见了什么？我实际做了什么？下一步要继续什么？,今天从经历而不是感觉回顾“回顾自己本周放下了什么”，辨认神的工作与下一步。,回顾本周｜谦卑的君王｜走向十字架｜这周你经历最,本周最接近我的状态｜有真实改变｜有看见但未落实｜正在挣扎｜准备重新开始,今天用10分钟完成本周回顾：写下“神让我看见什么／我实际做了什么／下一步继续什么”，并把下一步写成一个下周可执行的动作。,本周总结｜主题“谦卑的君王，走向十字架”。回顾“看见谦卑进入王权的道路—回顾自己本周放下了什么”：神让我看见______；我实际回应了______；下一步我要继续______。｜宣告：主仍在带领我，我愿继续跟随。,V1.1｜第9–52周逐周具体内容已补全｜依据冻结版主题、每日经文与第1–8周确认的门训规则,本轮为内容制作稿；经文出处沿用冻结版，和合本全文与候选关键词仍须逐段核验。
84,13,主日,主日信息入口,模块2｜跟随基督,从认识进入回应、操练与跟随,复活的主，差遣门徒,复活的主，差遣门徒,太28：1-20,从复活的主领受差遣，把福音带到一个今天真实接触得到的人。,从复活的主领受差遣，把福音带到一个今天真实接触得到的人。,主日,今天先慢下来。读 马太福音 28:1-20，让“复活的主，差遣门徒”成为这一周共同的入口。不要急着把主日信息变成更多知识，先问：留意主怎样带你从认识走向跟随。。把这个问题放进你真实的生活，找出一个本周愿意跟随主的场景。主日的领受要进入一周的生活，才会成为门徒的道路。,,进入｜从主日信息进入本周,本周，我最需要面对的是：“从复活事实进入差遣”,先不急着回答，把主日经文放进你的生活：从复活事实进入差遣。留意主怎样带你从认识走向跟随。,本周不追求抽象改变，只在一个真实生活场景中练习“从复活事实进入差遣”。,复活的主｜差遣门徒｜今天最触动你｜的是什么,今天最触动我的状态｜很有共鸣｜有一点挣扎｜还不清楚｜愿意开始,用3分钟写下本周回应：“主啊，在从复活事实进入差遣上，我愿意跟随你。”再选定一个本周每天都可以提醒自己的具体场景。,,V1.1｜第9–52周逐周具体内容已补全｜依据冻结版主题、每日经文与第1–8周确认的门训规则,本轮为内容制作稿；经文出处沿用冻结版，和合本全文与候选关键词仍须逐段核验。
85,13,周一,拓宽眼界,模块2｜跟随基督,从认识进入回应、操练与跟随,复活的主，差遣门徒,复活的主，差遣门徒 · 周一默想,约20：1-10,从复活的主领受差遣，把福音带到一个今天真实接触得到的人。,留意“让复活盼望进入今天的恐惧与疑惑”在我的选择、情绪或习惯中如何出现。,周一,读 约翰福音 20:1-10 时，先把注意力放在经文的人、行动和张力上。今天特别思想：再问自己：我今天在哪里正在经历同样的事？（经文：复活的主，差遣门徒 · 周一默想）。然后问自己，这件事在我的生活里有没有类似的位置？不要急着改变，先诚实记录一次。能够看见，是让神的话从纸面进入生命的第一步。,,看见｜先看见经文与自己的处境,经文怎样让我看见“让复活盼望进入今天的恐惧与疑惑”？,先观察经文中的人物、行动和张力，再问自己：我今天在哪里正在经历同样的事？（经文：复活的主，差遣门徒 · 周一默想）,今天先看见，不急着改变；留意“让复活盼望进入今天的恐惧与疑惑”在我的选择、情绪或习惯中如何出现。,复活的主｜差遣门徒｜周一默想｜面对空坟墓你,今天我的状态｜已经看见｜有些模糊｜容易忽略｜愿意留意,今天选一个固定场景（通勤、工作、吃饭或睡前），停下来1分钟，记录一次“让复活盼望进入今天的恐惧与疑惑”在自己身上的真实表现。,,V1.1｜第9–52周逐周具体内容已补全｜依据冻结版主题、每日经文与第1–8周确认的门训规则,本轮为内容制作稿；经文出处沿用冻结版，和合本全文与候选关键词仍须逐段核验。
86,13,周二,深入省察,模块2｜跟随基督,从认识进入回应、操练与跟随,复活的主，差遣门徒,复活的主，差遣门徒 · 周二省察,路24：13-35,从复活的主领受差遣，把福音带到一个今天真实接触得到的人。,诚实面对关于“面对不信、迟钝与失望”的内在反应。,周二,门徒训练不仅改变行为，也改变里面的动机。读 路加福音 24:13-35，认真面对“不要先批评自己，也不要替自己辩护；诚实辨认背后的欲望、惧怕、骄傲或不信，并把它带到主面前。”。当你察觉到防卫、焦虑、比较或自我保护时，不要赶快掩盖。把那个最真实的反应写下来，求主带你从看见走向悔改与信靠。,,省察｜先面对里面真实的反应,我为什么会在“面对不信、迟钝与失望”上有这样的反应？,不要先批评自己，也不要替自己辩护；诚实辨认背后的欲望、惧怕、骄傲或不信，并把它带到主面前。,今天诚实面对一个关于“面对不信、迟钝与失望”的内在反应，不用属灵话语遮盖它。,复活的主｜差遣门徒｜周二省察｜你的心是否,我最接近的状态｜愿意面对｜有点抗拒｜容易解释自己｜需要别人陪伴,今天安静5分钟，不为自己辩解，只写下“面对不信、迟钝与失望”引出的一个惧怕、欲望或惯性，然后用一句祷告交给主。,,V1.1｜第9–52周逐周具体内容已补全｜依据冻结版主题、每日经文与第1–8周确认的门训规则,本轮为内容制作稿；经文出处沿用冻结版，和合本全文与候选关键词仍须逐段核验。
87,13,周三,生活应用,模块2｜跟随基督,从认识进入回应、操练与跟随,复活的主，差遣门徒,复活的主，差遣门徒 · 周三应用,徒1：6-8,从复活的主领受差遣，把福音带到一个今天真实接触得到的人。,把“在所属的地方作复活见证”放进一个具体决定，用一个小行动回应经文。,周三,今天把经文缩小成一个选择。读 使徒行传 1:6-8，问自己：不要追求大改变，只走清楚的一步。。不要设计一个很大的计划，只找一个今天能完成的小行动。门徒的成长常常发生在普通时间、普通决定和普通责任里。选定时间点去做，完成后再回看它带来了什么改变。,,行动｜把经文落到一个今天能做的选择,今天我可以怎样把“在所属的地方作复活见证”做出来？,把原则缩小到今天：一个时间点、一个决定、一个动作就够。不要追求大改变，只走清楚的一步。,今天把“在所属的地方作复活见证”放进一个具体决定，用一个小行动回应经文。,复活的主｜差遣门徒｜周三应用｜今天你如何在,我的行动准备度｜现在就能做｜需要一点计划｜需要别人提醒｜暂时还没想到,今天安排一个明确时间点，把“在所属的地方作复活见证”变成一个10分钟以内的行动，并在完成后记下一个结果。,,V1.1｜第9–52周逐周具体内容已补全｜依据冻结版主题、每日经文与第1–8周确认的门训规则,本轮为内容制作稿；经文出处沿用冻结版，和合本全文与候选关键词仍须逐段核验。
88,13,周四,关系实践,模块2｜跟随基督,从认识进入回应、操练与跟随,复活的主，差遣门徒,复活的主，差遣门徒 · 周四关系,徒4：32-37,从复活的主领受差遣，把福音带到一个今天真实接触得到的人。,让“分享资源与生命，建立群体”发生在一个真实关系里。,周四,门徒生命一定会影响人与人的相处。读 使徒行传 4:32-37，问自己：想起一个具体的人，不停留在抽象的“爱人”；问自己：我可以听什么、说什么、给什么、承担什么？。选一个具体的人，少一点自我证明，多一点靠近与承担。你今天不需要解决这段关系的全部问题，只需要完成一个真实而善意的动作，并留意自己的心发生了什么。,,关系｜把跟随放进真实的人际关系,今天哪个关系最需要让我实践“分享资源与生命，建立群体”？,想起一个具体的人，不停留在抽象的“爱人”；问自己：我可以听什么、说什么、给什么、承担什么？,今天让“分享资源与生命，建立群体”发生在一个真实关系里，而不是停留在个人感受中。,复活的主｜差遣门徒｜周四关系｜今天你可以与,我在关系中的状态｜愿意主动｜想保持距离｜正在修复｜不知道怎么开口,今天选定一位具体的人，用一个可见动作实践“分享资源与生命，建立群体”：主动联系、倾听、帮助、道歉、分享或代祷，六选一。,,V1.1｜第9–52周逐周具体内容已补全｜依据冻结版主题、每日经文与第1–8周确认的门训规则,本轮为内容制作稿；经文出处沿用冻结版，和合本全文与候选关键词仍须逐段核验。
89,13,周五,行动承诺,模块2｜跟随基督,从认识进入回应、操练与跟随,复活的主，差遣门徒,复活的主，差遣门徒 · 周五行动,太28：18-20,从复活的主领受差遣，把福音带到一个今天真实接触得到的人。,让一个真实行动显出“把大使命落实为一个可教导的人”正在改变我。,周五,回应就是把领受交在行动里。读 马太福音 28:18-20，思想“用实际行动回应主的差遣。”对今天意味着什么。选择一个具体行动，并为它安排明确的时间。做完不要急着评估自己，而是回头看：我是否更愿意跟随？神又让我看见了什么？,,回应｜从跟随走向见证与承担,如果我真的相信“把大使命落实为一个可教导的人”，今天会有什么不同？,把信仰从个人感受带向承担：选择一个人、一个场景或一项责任，用实际行动回应主的差遣。,今天让别人能够从我的一个真实行动，看见“把大使命落实为一个可教导的人”正在改变我。,复活的主｜差遣门徒｜周五行动｜今天你如何实,我的回应状态｜已经确定一步｜正在寻找机会｜有惧怕｜需要同伴同行,今天把“把大使命落实为一个可教导的人”带到一个真实的承担中：完成一次见证、服事、给予、修复关系或承担责任，并记录发生了什么。,,V1.1｜第9–52周逐周具体内容已补全｜依据冻结版主题、每日经文与第1–8周确认的门训规则,本轮为内容制作稿；经文出处沿用冻结版，和合本全文与候选关键词仍须逐段核验。
90,13,周六,轻回顾,模块2｜跟随基督,从认识进入回应、操练与跟随,复活的主，差遣门徒,回顾本周：复活的主，差遣门徒,诗23：1-6,从复活的主领受差遣，把福音带到一个今天真实接触得到的人。,回头看这一周：经文让我看见了什么，我真正走了哪一步？,周六,今天是回顾的一天。读 诗篇 23:1-6，回头看这一周，特别整理：不要只评价自己“做得好不好”，而是辨认：神让我看见了什么？我实际做了什么？下一步要继续什么？。不要只问“我做得好不好”，而要问三件事：神让我看见什么？我实际做了什么？下一步要继续什么？把一个真实学习写下来，再把下一步写成下周可以执行的动作。,,回顾｜看见本周发生了什么，并确定下一步,回头看七天，我在哪里真实经历了“回顾有没有从被拯救走向差遣”？,不要只评价自己“做得好不好”，而是辨认：神让我看见了什么？我实际做了什么？下一步要继续什么？,今天从经历而不是感觉回顾“回顾有没有从被拯救走向差遣”，辨认神的工作与下一步。,回顾本周｜复活的主｜差遣门徒｜这周你经历最,本周最接近我的状态｜有真实改变｜有看见但未落实｜正在挣扎｜准备重新开始,今天用10分钟完成本周回顾：写下“神让我看见什么／我实际做了什么／下一步继续什么”，并把下一步写成一个下周可执行的动作。,本周总结｜主题“复活的主，差遣门徒”。回顾“从复活事实进入差遣—回顾有没有从被拯救走向差遣”：神让我看见______；我实际回应了______；下一步我要继续______。｜宣告：主仍在带领我，我愿继续跟随。,V1.1｜第9–52周逐周具体内容已补全｜依据冻结版主题、每日经文与第1–8周确认的门训规则,本轮为内容制作稿；经文出处沿用冻结版，和合本全文与候选关键词仍须逐段核验。
91,14,主日,主日信息入口,模块2｜跟随基督,从认识进入回应、操练与跟随,从复活到差遣,从复活到差遣,约20：19-23,从复活主得平安，也把平安带进一段真实关系，而不是只留在心里。,从复活主得平安，也把平安带进一段真实关系，而不是只留在心里。,主日,今天是新一周的起点。读 约翰福音 20:19-23，先观察经文如何把我们带到“从复活到差遣”。留意主怎样带你从认识走向跟随。。不要要求自己一次改变很多，只需要认出一个最真实的回应方向，并为接下来的六天留下一个可以反复操练的生活位置。,,进入｜从主日信息进入本周,本周，我最需要面对的是：“接受复活主带来的平安”,先不急着回答，把主日经文放进你的生活：接受复活主带来的平安。留意主怎样带你从认识走向跟随。,本周不追求抽象改变，只在一个真实生活场景中练习“接受复活主带来的平安”。,从复活到差遣｜今天最触动你｜的是什么｜平安,今天最触动我的状态｜很有共鸣｜有一点挣扎｜还不清楚｜愿意开始,用3分钟写下本周回应：“主啊，在接受复活主带来的平安上，我愿意跟随你。”再选定一个本周每天都可以提醒自己的具体场景。,,V1.1｜第9–52周逐周具体内容已补全｜依据冻结版主题、每日经文与第1–8周确认的门训规则,本轮为内容制作稿；经文出处沿用冻结版，和合本全文与候选关键词仍须逐段核验。
92,14,周一,拓宽眼界,模块2｜跟随基督,从认识进入回应、操练与跟随,从复活到差遣,从复活到差遣 · 周一默想,路24：36-49,从复活主得平安，也把平安带进一段真实关系，而不是只留在心里。,留意“用主的话整理混乱和惧怕”在我的选择、情绪或习惯中如何出现。,周一,今天不急着得到“正确答案”，而是练习观察。读 路加福音 24:36-49，留意“再问自己：我今天在哪里正在经历同样的事？（经文：从复活到差遣 · 周一默想）”怎样显现在经文里，也怎样可能出现在你今天的生活中。选择一个固定场景停一分钟，看见自己真实的反应，并把它带到主面前。,,看见｜先看见经文与自己的处境,经文怎样让我看见“用主的话整理混乱和惧怕”？,先观察经文中的人物、行动和张力，再问自己：我今天在哪里正在经历同样的事？（经文：从复活到差遣 · 周一默想）,今天先看见，不急着改变；留意“用主的话整理混乱和惧怕”在我的选择、情绪或习惯中如何出现。,从复活到差遣｜周一默想｜复活主的｜平安,今天我的状态｜已经看见｜有些模糊｜容易忽略｜愿意留意,今天选一个固定场景（通勤、工作、吃饭或睡前），停下来1分钟，记录一次“用主的话整理混乱和惧怕”在自己身上的真实表现。,,V1.1｜第9–52周逐周具体内容已补全｜依据冻结版主题、每日经文与第1–8周确认的门训规则,本轮为内容制作稿；经文出处沿用冻结版，和合本全文与候选关键词仍须逐段核验。
93,14,周二,深入省察,模块2｜跟随基督,从认识进入回应、操练与跟随,从复活到差遣,从复活到差遣 · 周二省察,约20：24-29,从复活主得平安，也把平安带进一段真实关系，而不是只留在心里。,诚实面对关于“承认自己对主同在的疑惑”的内在反应。,周二,今天从外在经文转向内在生命。读 约翰福音 20:24-29，诚实面对：不要先批评自己，也不要替自己辩护；诚实辨认背后的欲望、惧怕、骄傲或不信，并把它带到主面前。。不要先解释自己，也不要急着定罪自己。试着辨认这个反应背后更深的欲望、惧怕、骄傲或不信。省察不是自责，而是在神面前停止遮掩，愿意让主触碰真实的自己。,,省察｜先面对里面真实的反应,我为什么会在“承认自己对主同在的疑惑”上有这样的反应？,不要先批评自己，也不要替自己辩护；诚实辨认背后的欲望、惧怕、骄傲或不信，并把它带到主面前。,今天诚实面对一个关于“承认自己对主同在的疑惑”的内在反应，不用属灵话语遮盖它。,从复活到差遣｜周二省察｜你是否像多马｜一样有,我最接近的状态｜愿意面对｜有点抗拒｜容易解释自己｜需要别人陪伴,今天安静5分钟，不为自己辩解，只写下“承认自己对主同在的疑惑”引出的一个惧怕、欲望或惯性，然后用一句祷告交给主。,,V1.1｜第9–52周逐周具体内容已补全｜依据冻结版主题、每日经文与第1–8周确认的门训规则,本轮为内容制作稿；经文出处沿用冻结版，和合本全文与候选关键词仍须逐段核验。
94,14,周三,生活应用,模块2｜跟随基督,从认识进入回应、操练与跟随,从复活到差遣,从复活到差遣 · 周三应用,徒2：22-36,从复活主得平安，也把平安带进一段真实关系，而不是只留在心里。,把“在日常对人见证主的复活”放进一个具体决定，用一个小行动回应经文。,周三,今天让“知道”变成“去做”。读 使徒行传 2:22-36，思考“不要追求大改变，只走清楚的一步。”在你的现实处境中最小的下一步是什么。把行动限定在十分钟左右，越具体越好。做完后记下一句话：我做了什么？有什么阻力？主让我看见什么？,,行动｜把经文落到一个今天能做的选择,今天我可以怎样把“在日常对人见证主的复活”做出来？,把原则缩小到今天：一个时间点、一个决定、一个动作就够。不要追求大改变，只走清楚的一步。,今天把“在日常对人见证主的复活”放进一个具体决定，用一个小行动回应经文。,从复活到差遣｜周三应用｜今天你如何见｜神已经立祂为,我的行动准备度｜现在就能做｜需要一点计划｜需要别人提醒｜暂时还没想到,今天安排一个明确时间点，把“在日常对人见证主的复活”变成一个10分钟以内的行动，并在完成后记下一个结果。,,V1.1｜第9–52周逐周具体内容已补全｜依据冻结版主题、每日经文与第1–8周确认的门训规则,本轮为内容制作稿；经文出处沿用冻结版，和合本全文与候选关键词仍须逐段核验。
95,14,周四,关系实践,模块2｜跟随基督,从认识进入回应、操练与跟随,从复活到差遣,从复活到差遣 · 周四关系,徒4：23-31,从复活主得平安，也把平安带进一段真实关系，而不是只留在心里。,让“与一两个肢体同心祷告”发生在一个真实关系里。,周四,今天观察自己怎样对待别人，也让经文重新整理这种关系。读 使徒行传 4:23-31，围绕“想起一个具体的人，不停留在抽象的“爱人”；问自己：我可以听什么、说什么、给什么、承担什么？”作一个具体决定。找一个人，主动走近一步；可以是一句话、一次倾听、一次帮助或一次代祷。真实关系中的小小顺服，就是门徒训练的一部分。,,关系｜把跟随放进真实的人际关系,今天哪个关系最需要让我实践“与一两个肢体同心祷告”？,想起一个具体的人，不停留在抽象的“爱人”；问自己：我可以听什么、说什么、给什么、承担什么？,今天让“与一两个肢体同心祷告”发生在一个真实关系里，而不是停留在个人感受中。,从复活到差遣｜周四关系｜今天你可以与｜谁同心合意祷,我在关系中的状态｜愿意主动｜想保持距离｜正在修复｜不知道怎么开口,今天选定一位具体的人，用一个可见动作实践“与一两个肢体同心祷告”：主动联系、倾听、帮助、道歉、分享或代祷，六选一。,,V1.1｜第9–52周逐周具体内容已补全｜依据冻结版主题、每日经文与第1–8周确认的门训规则,本轮为内容制作稿；经文出处沿用冻结版，和合本全文与候选关键词仍须逐段核验。
96,14,周五,行动承诺,模块2｜跟随基督,从认识进入回应、操练与跟随,从复活到差遣,从复活到差遣 · 周五行动,约20：21,从复活主得平安，也把平安带进一段真实关系，而不是只留在心里。,让一个真实行动显出“把被差遣落实到今天的一个人或场景”正在改变我。,周五,今天来到回应与承担。读 约翰福音 20:21，问自己：用实际行动回应主的差遣。。把信仰从个人感受带向一个具体的人、一项责任或一个见证行动。不要追求被看见，只求忠心。完成之后写下发生了什么，让你自己的行动成为一个可以被回顾、也可以被分享的见证。,,回应｜从跟随走向见证与承担,如果我真的相信“把被差遣落实到今天的一个人或场景”，今天会有什么不同？,把信仰从个人感受带向承担：选择一个人、一个场景或一项责任，用实际行动回应主的差遣。,今天让别人能够从我的一个真实行动，看见“把被差遣落实到今天的一个人或场景”正在改变我。,从复活到差遣｜周五行动｜今天你如何被｜差遣,我的回应状态｜已经确定一步｜正在寻找机会｜有惧怕｜需要同伴同行,今天把“把被差遣落实到今天的一个人或场景”带到一个真实的承担中：完成一次见证、服事、给予、修复关系或承担责任，并记录发生了什么。,,V1.1｜第9–52周逐周具体内容已补全｜依据冻结版主题、每日经文与第1–8周确认的门训规则,本轮为内容制作稿；经文出处沿用冻结版，和合本全文与候选关键词仍须逐段核验。
97,14,周六,轻回顾,模块2｜跟随基督,从认识进入回应、操练与跟随,从复活到差遣,回顾本周：从复活到差遣,诗23：1-6,从复活主得平安，也把平安带进一段真实关系，而不是只留在心里。,回头看这一周：经文让我看见了什么，我真正走了哪一步？,周六,读 诗篇 23:1-6，安静回看这七天的经历：哪些地方有顺服，哪些地方仍在挣扎，哪里看见神的带领？特别思考“不要只评价自己“做得好不好”，而是辨认：神让我看见了什么？我实际做了什么？下一步要继续什么？”。今天把本周浓缩成“一个看见、一个行动、一个下一步”，让回顾成为继续跟随的桥梁。,,回顾｜看见本周发生了什么，并确定下一步,回头看七天，我在哪里真实经历了“回顾平安是否推动了行动”？,不要只评价自己“做得好不好”，而是辨认：神让我看见了什么？我实际做了什么？下一步要继续什么？,今天从经历而不是感觉回顾“回顾平安是否推动了行动”，辨认神的工作与下一步。,回顾本周｜从复活到差遣｜这周你经历最｜多的是什么,本周最接近我的状态｜有真实改变｜有看见但未落实｜正在挣扎｜准备重新开始,今天用10分钟完成本周回顾：写下“神让我看见什么／我实际做了什么／下一步继续什么”，并把下一步写成一个下周可执行的动作。,本周总结｜主题“从复活到差遣”。回顾“接受复活主带来的平安—回顾平安是否推动了行动”：神让我看见______；我实际回应了______；下一步我要继续______。｜宣告：主仍在带领我，我愿继续跟随。,V1.1｜第9–52周逐周具体内容已补全｜依据冻结版主题、每日经文与第1–8周确认的门训规则,本轮为内容制作稿；经文出处沿用冻结版，和合本全文与候选关键词仍须逐段核验。
98,15,主日,主日信息入口,模块2｜跟随基督,从认识进入回应、操练与跟随,知行合一,知行合一,太7：1-29,听见就去行，把今天的一项选择交给耶稣的话，而不是只停在明白。,听见就去行，把今天的一项选择交给耶稣的话，而不是只停在明白。,主日,今天把经文放在心里，也把自己放在经文面前。读 马太福音 7:1-29，围绕“知行合一”安静片刻，思想：而是行道。留意主怎样带你从认识走向跟随。。主日不是结束，而是进入本周门训的起点。今天选定一个具体场景，提醒自己在这一周继续回来面对这个主题。,,进入｜从主日信息进入本周,本周，我最需要面对的是：“不只听道，而是行道”,先不急着回答，把主日经文放进你的生活：不只听道，而是行道。留意主怎样带你从认识走向跟随。,本周不追求抽象改变，只在一个真实生活场景中练习“不只听道，而是行道”。,知行合一｜今天最触动你｜的是什么｜听见,今天最触动我的状态｜很有共鸣｜有一点挣扎｜还不清楚｜愿意开始,用3分钟写下本周回应：“主啊，在不只听道，而是行道上，我愿意跟随你。”再选定一个本周每天都可以提醒自己的具体场景。,,V1.1｜第9–52周逐周具体内容已补全｜依据冻结版主题、每日经文与第1–8周确认的门训规则,本轮为内容制作稿；经文出处沿用冻结版，和合本全文与候选关键词仍须逐段核验。
99,15,周一,拓宽眼界,模块2｜跟随基督,从认识进入回应、操练与跟随,知行合一,知行合一 · 周一默想,雅1：19-25,听见就去行，把今天的一项选择交给耶稣的话，而不是只停在明白。,留意“把听见与行出来的落差看清楚”在我的选择、情绪或习惯中如何出现。,周一,今天先学习看见。读 雅各书 1:19-25，不要急着批评或解决问题，留意经文让你看见什么：再问自己：我今天在哪里正在经历同样的事？（经文：知行合一 · 周一默想）。再回到自己的生活，观察一个真实反应、选择或习惯。门徒不是先表现得正确，而是先在神的光中看清楚自己。把今天看见的一件事记下来，作为后面回应的起点。,,看见｜先看见经文与自己的处境,经文怎样让我看见“把听见与行出来的落差看清楚”？,先观察经文中的人物、行动和张力，再问自己：我今天在哪里正在经历同样的事？（经文：知行合一 · 周一默想）,今天先看见，不急着改变；留意“把听见与行出来的落差看清楚”在我的选择、情绪或习惯中如何出现。,知行合一｜周一默想｜你是｜单单听道,今天我的状态｜已经看见｜有些模糊｜容易忽略｜愿意留意,今天选一个固定场景（通勤、工作、吃饭或睡前），停下来1分钟，记录一次“把听见与行出来的落差看清楚”在自己身上的真实表现。,,V1.1｜第9–52周逐周具体内容已补全｜依据冻结版主题、每日经文与第1–8周确认的门训规则,本轮为内容制作稿；经文出处沿用冻结版，和合本全文与候选关键词仍须逐段核验。
100,15,周二,深入省察,模块2｜跟随基督,从认识进入回应、操练与跟随,知行合一,知行合一 · 周二省察,罗2：17-24,听见就去行，把今天的一项选择交给耶稣的话，而不是只停在明白。,诚实面对关于“辨认只评价别人却不改自己的倾向”的内在反应。,周二,今天给自己几分钟安静。读 罗马书 2:17-24，把经文所揭开的张力带回心里：不要先批评自己，也不要替自己辩护；诚实辨认背后的欲望、惧怕、骄傲或不信，并把它带到主面前。。问自己，我在什么地方正在重复同样的模式？不必马上找到解决方案，只需要说真话，并用一句简单的祷告把这份真实交给主。,,省察｜先面对里面真实的反应,我为什么会在“辨认只评价别人却不改自己的倾向”上有这样的反应？,不要先批评自己，也不要替自己辩护；诚实辨认背后的欲望、惧怕、骄傲或不信，并把它带到主面前。,今天诚实面对一个关于“辨认只评价别人却不改自己的倾向”的内在反应，不用属灵话语遮盖它。,知行合一｜周二省察｜你是否｜能说不能行,我最接近的状态｜愿意面对｜有点抗拒｜容易解释自己｜需要别人陪伴,今天安静5分钟，不为自己辩解，只写下“辨认只评价别人却不改自己的倾向”引出的一个惧怕、欲望或惯性，然后用一句祷告交给主。,,V1.1｜第9–52周逐周具体内容已补全｜依据冻结版主题、每日经文与第1–8周确认的门训规则,本轮为内容制作稿；经文出处沿用冻结版，和合本全文与候选关键词仍须逐段核验。
101,15,周三,生活应用,模块2｜跟随基督,从认识进入回应、操练与跟随,知行合一,知行合一 · 周三应用,路6：46-49,听见就去行，把今天的一项选择交给耶稣的话，而不是只停在明白。,把“让主的话进入一个具体决定”放进一个具体决定，用一个小行动回应经文。,周三,不要等到条件完美才回应经文。读 路加福音 6:46-49，找出一个可以立即开始的动作，回应“不要追求大改变，只走清楚的一步。”。今天只走一步，但要真的走。行动之后，用一分钟回顾结果，让经验成为下一次跟随的依据。,,行动｜把经文落到一个今天能做的选择,今天我可以怎样把“让主的话进入一个具体决定”做出来？,把原则缩小到今天：一个时间点、一个决定、一个动作就够。不要追求大改变，只走清楚的一步。,今天把“让主的话进入一个具体决定”放进一个具体决定，用一个小行动回应经文。,知行合一｜周三应用｜你今天需要在｜哪件,我的行动准备度｜现在就能做｜需要一点计划｜需要别人提醒｜暂时还没想到,今天安排一个明确时间点，把“让主的话进入一个具体决定”变成一个10分钟以内的行动，并在完成后记下一个结果。,,V1.1｜第9–52周逐周具体内容已补全｜依据冻结版主题、每日经文与第1–8周确认的门训规则,本轮为内容制作稿；经文出处沿用冻结版，和合本全文与候选关键词仍须逐段核验。
102,15,周四,关系实践,模块2｜跟随基督,从认识进入回应、操练与跟随,知行合一,知行合一 · 周四关系,约一3：16-18,听见就去行，把今天的一项选择交给耶稣的话，而不是只停在明白。,让“用实际的爱回应一个人的需要”发生在一个真实关系里。,周四,今天把跟随带进一个人的名字。读 约翰一书 3:16-18，思想：想起一个具体的人，不停留在抽象的“爱人”；问自己：我可以听什么、说什么、给什么、承担什么？。想起一段真实关系，不停留在“我要更有爱心”的想法，而是决定一个看得见的动作：认真倾听、主动帮助、道歉、感谢、分享或代祷。让今天的经文通过你的关系被活出来。,,关系｜把跟随放进真实的人际关系,今天哪个关系最需要让我实践“用实际的爱回应一个人的需要”？,想起一个具体的人，不停留在抽象的“爱人”；问自己：我可以听什么、说什么、给什么、承担什么？,今天让“用实际的爱回应一个人的需要”发生在一个真实关系里，而不是停留在个人感受中。,知行合一｜周四关系｜今天你可以如｜相爱,我在关系中的状态｜愿意主动｜想保持距离｜正在修复｜不知道怎么开口,今天选定一位具体的人，用一个可见动作实践“用实际的爱回应一个人的需要”：主动联系、倾听、帮助、道歉、分享或代祷，六选一。,,V1.1｜第9–52周逐周具体内容已补全｜依据冻结版主题、每日经文与第1–8周确认的门训规则,本轮为内容制作稿；经文出处沿用冻结版，和合本全文与候选关键词仍须逐段核验。
103,15,周五,行动承诺,模块2｜跟随基督,从认识进入回应、操练与跟随,知行合一,知行合一 · 周五行动,太7：21-23,听见就去行，把今天的一项选择交给耶稣的话，而不是只停在明白。,让一个真实行动显出“选择顺服而不是属灵外表”正在改变我。,周五,今天的重点不是再多懂一点，而是愿意承担一步。读 马太福音 7:21-23，把“用实际行动回应主的差遣。”落实到现实生活。可以是一次服事、一次给予、一次修复关系、一次见证或一次责任。先忠心完成今天能做的，然后在神面前感谢祂的带领。,,回应｜从跟随走向见证与承担,如果我真的相信“选择顺服而不是属灵外表”，今天会有什么不同？,把信仰从个人感受带向承担：选择一个人、一个场景或一项责任，用实际行动回应主的差遣。,今天让别人能够从我的一个真实行动，看见“选择顺服而不是属灵外表”正在改变我。,知行合一｜周五行动｜今天你可以如｜遵行天父旨意,我的回应状态｜已经确定一步｜正在寻找机会｜有惧怕｜需要同伴同行,今天把“选择顺服而不是属灵外表”带到一个真实的承担中：完成一次见证、服事、给予、修复关系或承担责任，并记录发生了什么。,,V1.1｜第9–52周逐周具体内容已补全｜依据冻结版主题、每日经文与第1–8周确认的门训规则,本轮为内容制作稿；经文出处沿用冻结版，和合本全文与候选关键词仍须逐段核验。
104,15,周六,轻回顾,模块2｜跟随基督,从认识进入回应、操练与跟随,知行合一,回顾本周：知行合一,诗23：1-6,听见就去行，把今天的一项选择交给耶稣的话，而不是只停在明白。,回头看这一周：经文让我看见了什么，我真正走了哪一步？,周六,回顾不是给自己打分，而是辨认神怎样工作。今天读 诗篇 23:1-6，整理你这一周在“不要只评价自己“做得好不好”，而是辨认：神让我看见了什么？我实际做了什么？下一步要继续什么？”上的经历。感谢已经发生的，也承认还没有改变的。最后写下一句本周总结，并确定一个可以带进下一周的小小行动。,,回顾｜看见本周发生了什么，并确定下一步,回头看七天，我在哪里真实经历了“回顾一件真正行出来的事”？,不要只评价自己“做得好不好”，而是辨认：神让我看见了什么？我实际做了什么？下一步要继续什么？,今天从经历而不是感觉回顾“回顾一件真正行出来的事”，辨认神的工作与下一步。,回顾本周｜知行合一｜这周你经历最｜多的是什么,本周最接近我的状态｜有真实改变｜有看见但未落实｜正在挣扎｜准备重新开始,今天用10分钟完成本周回顾：写下“神让我看见什么／我实际做了什么／下一步继续什么”，并把下一步写成一个下周可执行的动作。,本周总结｜主题“知行合一”。回顾“不只听道，而是行道—回顾一件真正行出来的事”：神让我看见______；我实际回应了______；下一步我要继续______。｜宣告：主仍在带领我，我愿继续跟随。,V1.1｜第9–52周逐周具体内容已补全｜依据冻结版主题、每日经文与第1–8周确认的门训规则,本轮为内容制作稿；经文出处沿用冻结版，和合本全文与候选关键词仍须逐段核验。
105,16,主日,主日信息入口,模块2｜跟随基督,从认识进入回应、操练与跟随,住在基督里,住在基督里,约15：1-8,住在基督里不是靠自己撑住，而是持续连于祂，让今天的行动从祂而来。,住在基督里不是靠自己撑住，而是持续连于祂，让今天的行动从祂而来。,主日,今天先慢下来。读 约翰福音 15:1-8，让“住在基督里”成为这一周共同的入口。不要急着把主日信息变成更多知识，先问：留意主怎样带你从认识走向跟随。。把这个问题放进你真实的生活，找出一个本周愿意跟随主的场景。主日的领受要进入一周的生活，才会成为门徒的道路。,,进入｜从主日信息进入本周,本周，我最需要面对的是：“住在基督里而结果子”,先不急着回答，把主日经文放进你的生活：住在基督里而结果子。留意主怎样带你从认识走向跟随。,本周不追求抽象改变，只在一个真实生活场景中练习“住在基督里而结果子”。,住在基督里｜今天最触动你｜的是什么｜枝子,今天最触动我的状态｜很有共鸣｜有一点挣扎｜还不清楚｜愿意开始,用3分钟写下本周回应：“主啊，在住在基督里而结果子上，我愿意跟随你。”再选定一个本周每天都可以提醒自己的具体场景。,,V1.1｜第9–52周逐周具体内容已补全｜依据冻结版主题、每日经文与第1–8周确认的门训规则,本轮为内容制作稿；经文出处沿用冻结版，和合本全文与候选关键词仍须逐段核验。
106,16,周一,拓宽眼界,模块2｜跟随基督,从认识进入回应、操练与跟随,住在基督里,住在基督里 · 周一默想,诗91：1-6,住在基督里不是靠自己撑住，而是持续连于祂，让今天的行动从祂而来。,留意“辨认自己靠自己运行的习惯”在我的选择、情绪或习惯中如何出现。,周一,读 诗篇 91:1-6 时，先把注意力放在经文的人、行动和张力上。今天特别思想：再问自己：我今天在哪里正在经历同样的事？（经文：住在基督里 · 周一默想）。然后问自己，这件事在我的生活里有没有类似的位置？不要急着改变，先诚实记录一次。能够看见，是让神的话从纸面进入生命的第一步。,,看见｜先看见经文与自己的处境,经文怎样让我看见“辨认自己靠自己运行的习惯”？,先观察经文中的人物、行动和张力，再问自己：我今天在哪里正在经历同样的事？（经文：住在基督里 · 周一默想）,今天先看见，不急着改变；留意“辨认自己靠自己运行的习惯”在我的选择、情绪或习惯中如何出现。,住在基督里｜周一默想｜在基督里｜住在至高者隐,今天我的状态｜已经看见｜有些模糊｜容易忽略｜愿意留意,今天选一个固定场景（通勤、工作、吃饭或睡前），停下来1分钟，记录一次“辨认自己靠自己运行的习惯”在自己身上的真实表现。,,V1.1｜第9–52周逐周具体内容已补全｜依据冻结版主题、每日经文与第1–8周确认的门训规则,本轮为内容制作稿；经文出处沿用冻结版，和合本全文与候选关键词仍须逐段核验。
107,16,周二,深入省察,模块2｜跟随基督,从认识进入回应、操练与跟随,住在基督里,住在基督里 · 周二省察,约15：4-5,住在基督里不是靠自己撑住，而是持续连于祂，让今天的行动从祂而来。,诚实面对关于“面对离开主就失去力量的事实”的内在反应。,周二,门徒训练不仅改变行为，也改变里面的动机。读 约翰福音 15:4-5，认真面对“不要先批评自己，也不要替自己辩护；诚实辨认背后的欲望、惧怕、骄傲或不信，并把它带到主面前。”。当你察觉到防卫、焦虑、比较或自我保护时，不要赶快掩盖。把那个最真实的反应写下来，求主带你从看见走向悔改与信靠。,,省察｜先面对里面真实的反应,我为什么会在“面对离开主就失去力量的事实”上有这样的反应？,不要先批评自己，也不要替自己辩护；诚实辨认背后的欲望、惧怕、骄傲或不信，并把它带到主面前。,今天诚实面对一个关于“面对离开主就失去力量的事实”的内在反应，不用属灵话语遮盖它。,住在基督里｜周二省察｜有什么使你｜离了基督,我最接近的状态｜愿意面对｜有点抗拒｜容易解释自己｜需要别人陪伴,今天安静5分钟，不为自己辩解，只写下“面对离开主就失去力量的事实”引出的一个惧怕、欲望或惯性，然后用一句祷告交给主。,,V1.1｜第9–52周逐周具体内容已补全｜依据冻结版主题、每日经文与第1–8周确认的门训规则,本轮为内容制作稿；经文出处沿用冻结版，和合本全文与候选关键词仍须逐段核验。
108,16,周三,生活应用,模块2｜跟随基督,从认识进入回应、操练与跟随,住在基督里,住在基督里 · 周三应用,西2：6-7,住在基督里不是靠自己撑住，而是持续连于祂，让今天的行动从祂而来。,把“在一个日常节奏中主动连于主”放进一个具体决定，用一个小行动回应经文。,周三,今天把经文缩小成一个选择。读 歌罗西书 2:6-7，问自己：不要追求大改变，只走清楚的一步。。不要设计一个很大的计划，只找一个今天能完成的小行动。门徒的成长常常发生在普通时间、普通决定和普通责任里。选定时间点去做，完成后再回看它带来了什么改变。,,行动｜把经文落到一个今天能做的选择,今天我可以怎样把“在一个日常节奏中主动连于主”做出来？,把原则缩小到今天：一个时间点、一个决定、一个动作就够。不要追求大改变，只走清楚的一步。,今天把“在一个日常节奏中主动连于主”放进一个具体决定，用一个小行动回应经文。,住在基督里｜周三应用｜今天你如何在｜生根建造,我的行动准备度｜现在就能做｜需要一点计划｜需要别人提醒｜暂时还没想到,今天安排一个明确时间点，把“在一个日常节奏中主动连于主”变成一个10分钟以内的行动，并在完成后记下一个结果。,,V1.1｜第9–52周逐周具体内容已补全｜依据冻结版主题、每日经文与第1–8周确认的门训规则,本轮为内容制作稿；经文出处沿用冻结版，和合本全文与候选关键词仍须逐段核验。
109,16,周四,关系实践,模块2｜跟随基督,从认识进入回应、操练与跟随,住在基督里,住在基督里 · 周四关系,约15：12-17,住在基督里不是靠自己撑住，而是持续连于祂，让今天的行动从祂而来。,让“用爱和联系维持门徒关系”发生在一个真实关系里。,周四,门徒生命一定会影响人与人的相处。读 约翰福音 15:12-17，问自己：想起一个具体的人，不停留在抽象的“爱人”；问自己：我可以听什么、说什么、给什么、承担什么？。选一个具体的人，少一点自我证明，多一点靠近与承担。你今天不需要解决这段关系的全部问题，只需要完成一个真实而善意的动作，并留意自己的心发生了什么。,,关系｜把跟随放进真实的人际关系,今天哪个关系最需要让我实践“用爱和联系维持门徒关系”？,想起一个具体的人，不停留在抽象的“爱人”；问自己：我可以听什么、说什么、给什么、承担什么？,今天让“用爱和联系维持门徒关系”发生在一个真实关系里，而不是停留在个人感受中。,住在基督里｜周四关系｜今天你如何｜彼此相爱,我在关系中的状态｜愿意主动｜想保持距离｜正在修复｜不知道怎么开口,今天选定一位具体的人，用一个可见动作实践“用爱和联系维持门徒关系”：主动联系、倾听、帮助、道歉、分享或代祷，六选一。,,V1.1｜第9–52周逐周具体内容已补全｜依据冻结版主题、每日经文与第1–8周确认的门训规则,本轮为内容制作稿；经文出处沿用冻结版，和合本全文与候选关键词仍须逐段核验。
110,16,周五,行动承诺,模块2｜跟随基督,从认识进入回应、操练与跟随,住在基督里,住在基督里 · 周五行动,约一2：3-6,住在基督里不是靠自己撑住，而是持续连于祂，让今天的行动从祂而来。,让一个真实行动显出“用顺服检验是否真的住在主里”正在改变我。,周五,回应就是把领受交在行动里。读 约翰一书 2:3-6，思想“用实际行动回应主的差遣。”对今天意味着什么。选择一个具体行动，并为它安排明确的时间。做完不要急着评估自己，而是回头看：我是否更愿意跟随？神又让我看见了什么？,,回应｜从跟随走向见证与承担,如果我真的相信“用顺服检验是否真的住在主里”，今天会有什么不同？,把信仰从个人感受带向承担：选择一个人、一个场景或一项责任，用实际行动回应主的差遣。,今天让别人能够从我的一个真实行动，看见“用顺服检验是否真的住在主里”正在改变我。,住在基督里｜周五行动｜今天你如何｜在祂里面行,我的回应状态｜已经确定一步｜正在寻找机会｜有惧怕｜需要同伴同行,今天把“用顺服检验是否真的住在主里”带到一个真实的承担中：完成一次见证、服事、给予、修复关系或承担责任，并记录发生了什么。,,V1.1｜第9–52周逐周具体内容已补全｜依据冻结版主题、每日经文与第1–8周确认的门训规则,本轮为内容制作稿；经文出处沿用冻结版，和合本全文与候选关键词仍须逐段核验。
111,16,周六,轻回顾,模块2｜跟随基督,从认识进入回应、操练与跟随,住在基督里,回顾本周：住在基督里,诗23：1-6,住在基督里不是靠自己撑住，而是持续连于祂，让今天的行动从祂而来。,回头看这一周：经文让我看见了什么，我真正走了哪一步？,周六,今天是回顾的一天。读 诗篇 23:1-6，回头看这一周，特别整理：不要只评价自己“做得好不好”，而是辨认：神让我看见了什么？我实际做了什么？下一步要继续什么？。不要只问“我做得好不好”，而要问三件事：神让我看见什么？我实际做了什么？下一步要继续什么？把一个真实学习写下来，再把下一步写成下周可以执行的动作。,,回顾｜看见本周发生了什么，并确定下一步,回头看七天，我在哪里真实经历了“回顾本周哪些事情来自与主连接”？,不要只评价自己“做得好不好”，而是辨认：神让我看见了什么？我实际做了什么？下一步要继续什么？,今天从经历而不是感觉回顾“回顾本周哪些事情来自与主连接”，辨认神的工作与下一步。,回顾本周｜住在基督里｜这周你经历最｜多的是什么,本周最接近我的状态｜有真实改变｜有看见但未落实｜正在挣扎｜准备重新开始,今天用10分钟完成本周回顾：写下“神让我看见什么／我实际做了什么／下一步继续什么”，并把下一步写成一个下周可执行的动作。,本周总结｜主题“住在基督里”。回顾“住在基督里而结果子—回顾本周哪些事情来自与主连接”：神让我看见______；我实际回应了______；下一步我要继续______。｜宣告：主仍在带领我，我愿继续跟随。,V1.1｜第9–52周逐周具体内容已补全｜依据冻结版主题、每日经文与第1–8周确认的门训规则,本轮为内容制作稿；经文出处沿用冻结版，和合本全文与候选关键词仍须逐段核验。
112,17,主日,主日信息入口,模块2｜跟随基督,从认识进入回应、操练与跟随,住在爱里,住在爱里,约15：9-17,住在基督的爱里，先领受再去爱一个具体的人，而不是只谈爱。,住在基督的爱里，先领受再去爱一个具体的人，而不是只谈爱。,主日,今天是新一周的起点。读 约翰福音 15:9-17，先观察经文如何把我们带到“住在爱里”。留意主怎样带你从认识走向跟随。。不要要求自己一次改变很多，只需要认出一个最真实的回应方向，并为接下来的六天留下一个可以反复操练的生活位置。,,进入｜从主日信息进入本周,本周，我最需要面对的是：“住在基督的爱里”,先不急着回答，把主日经文放进你的生活：住在基督的爱里。留意主怎样带你从认识走向跟随。,本周不追求抽象改变，只在一个真实生活场景中练习“住在基督的爱里”。,住在爱里｜今天最触动你｜的是什么｜命令,今天最触动我的状态｜很有共鸣｜有一点挣扎｜还不清楚｜愿意开始,用3分钟写下本周回应：“主啊，在住在基督的爱里上，我愿意跟随你。”再选定一个本周每天都可以提醒自己的具体场景。,,V1.1｜第9–52周逐周具体内容已补全｜依据冻结版主题、每日经文与第1–8周确认的门训规则,本轮为内容制作稿；经文出处沿用冻结版，和合本全文与候选关键词仍须逐段核验。
113,17,周一,拓宽眼界,模块2｜跟随基督,从认识进入回应、操练与跟随,住在爱里,住在爱里 · 周一默想,林前13：1-7,住在基督的爱里，先领受再去爱一个具体的人，而不是只谈爱。,留意“让爱的标准超过情绪”在我的选择、情绪或习惯中如何出现。,周一,今天不急着得到“正确答案”，而是练习观察。读 哥林多前书 13:1-7，留意“再问自己：我今天在哪里正在经历同样的事？（经文：住在爱里 · 周一默想）”怎样显现在经文里，也怎样可能出现在你今天的生活中。选择一个固定场景停一分钟，看见自己真实的反应，并把它带到主面前。,,看见｜先看见经文与自己的处境,经文怎样让我看见“让爱的标准超过情绪”？,先观察经文中的人物、行动和张力，再问自己：我今天在哪里正在经历同样的事？（经文：住在爱里 · 周一默想）,今天先看见，不急着改变；留意“让爱的标准超过情绪”在我的选择、情绪或习惯中如何出现。,住在爱里｜周一默想｜你对｜爱的真谛,今天我的状态｜已经看见｜有些模糊｜容易忽略｜愿意留意,今天选一个固定场景（通勤、工作、吃饭或睡前），停下来1分钟，记录一次“让爱的标准超过情绪”在自己身上的真实表现。,,V1.1｜第9–52周逐周具体内容已补全｜依据冻结版主题、每日经文与第1–8周确认的门训规则,本轮为内容制作稿；经文出处沿用冻结版，和合本全文与候选关键词仍须逐段核验。
114,17,周二,深入省察,模块2｜跟随基督,从认识进入回应、操练与跟随,住在爱里,住在爱里 · 周二省察,弗3：14-19,住在基督的爱里，先领受再去爱一个具体的人，而不是只谈爱。,诚实面对关于“面对冷淡、受伤和不想爱的人”的内在反应。,周二,今天从外在经文转向内在生命。读 以弗所书 3:14-19，诚实面对：不要先批评自己，也不要替自己辩护；诚实辨认背后的欲望、惧怕、骄傲或不信，并把它带到主面前。。不要先解释自己，也不要急着定罪自己。试着辨认这个反应背后更深的欲望、惧怕、骄傲或不信。省察不是自责，而是在神面前停止遮掩，愿意让主触碰真实的自己。,,省察｜先面对里面真实的反应,我为什么会在“面对冷淡、受伤和不想爱的人”上有这样的反应？,不要先批评自己，也不要替自己辩护；诚实辨认背后的欲望、惧怕、骄傲或不信，并把它带到主面前。,今天诚实面对一个关于“面对冷淡、受伤和不想爱的人”的内在反应，不用属灵话语遮盖它。,住在爱里｜周二省察｜你是否被｜基督的爱,我最接近的状态｜愿意面对｜有点抗拒｜容易解释自己｜需要别人陪伴,今天安静5分钟，不为自己辩解，只写下“面对冷淡、受伤和不想爱的人”引出的一个惧怕、欲望或惯性，然后用一句祷告交给主。,,V1.1｜第9–52周逐周具体内容已补全｜依据冻结版主题、每日经文与第1–8周确认的门训规则,本轮为内容制作稿；经文出处沿用冻结版，和合本全文与候选关键词仍须逐段核验。
115,17,周三,生活应用,模块2｜跟随基督,从认识进入回应、操练与跟随,住在爱里,住在爱里 · 周三应用,约一3：16-20,住在基督的爱里，先领受再去爱一个具体的人，而不是只谈爱。,把“在具体场景中主动表达爱”放进一个具体决定，用一个小行动回应经文。,周三,今天让“知道”变成“去做”。读 约翰一书 3:16-20，思考“不要追求大改变，只走清楚的一步。”在你的现实处境中最小的下一步是什么。把行动限定在十分钟左右，越具体越好。做完后记下一句话：我做了什么？有什么阻力？主让我看见什么？,,行动｜把经文落到一个今天能做的选择,今天我可以怎样把“在具体场景中主动表达爱”做出来？,把原则缩小到今天：一个时间点、一个决定、一个动作就够。不要追求大改变，只走清楚的一步。,今天把“在具体场景中主动表达爱”放进一个具体决定，用一个小行动回应经文。,住在爱里｜周三应用｜今天你如何｜用行动爱,我的行动准备度｜现在就能做｜需要一点计划｜需要别人提醒｜暂时还没想到,今天安排一个明确时间点，把“在具体场景中主动表达爱”变成一个10分钟以内的行动，并在完成后记下一个结果。,,V1.1｜第9–52周逐周具体内容已补全｜依据冻结版主题、每日经文与第1–8周确认的门训规则,本轮为内容制作稿；经文出处沿用冻结版，和合本全文与候选关键词仍须逐段核验。
116,17,周四,关系实践,模块2｜跟随基督,从认识进入回应、操练与跟随,住在爱里,住在爱里 · 周四关系,彼前4：7-10,住在基督的爱里，先领受再去爱一个具体的人，而不是只谈爱。,让“以代祷、接纳、包容建立关系”发生在一个真实关系里。,周四,今天观察自己怎样对待别人，也让经文重新整理这种关系。读 彼得前书 4:7-10，围绕“想起一个具体的人，不停留在抽象的“爱人”；问自己：我可以听什么、说什么、给什么、承担什么？”作一个具体决定。找一个人，主动走近一步；可以是一句话、一次倾听、一次帮助或一次代祷。真实关系中的小小顺服，就是门徒训练的一部分。,,关系｜把跟随放进真实的人际关系,今天哪个关系最需要让我实践“以代祷、接纳、包容建立关系”？,想起一个具体的人，不停留在抽象的“爱人”；问自己：我可以听什么、说什么、给什么、承担什么？,今天让“以代祷、接纳、包容建立关系”发生在一个真实关系里，而不是停留在个人感受中。,住在爱里｜周四关系｜今天你可以如｜彼此切实相爱,我在关系中的状态｜愿意主动｜想保持距离｜正在修复｜不知道怎么开口,今天选定一位具体的人，用一个可见动作实践“以代祷、接纳、包容建立关系”：主动联系、倾听、帮助、道歉、分享或代祷，六选一。,,V1.1｜第9–52周逐周具体内容已补全｜依据冻结版主题、每日经文与第1–8周确认的门训规则,本轮为内容制作稿；经文出处沿用冻结版，和合本全文与候选关键词仍须逐段核验。
117,17,周五,行动承诺,模块2｜跟随基督,从认识进入回应、操练与跟随,住在爱里,住在爱里 · 周五行动,约15：12,住在基督的爱里，先领受再去爱一个具体的人，而不是只谈爱。,让一个真实行动显出“今天用一个具体行动遵行彼此相爱”正在改变我。,周五,今天来到回应与承担。读 约翰福音 15:12，问自己：用实际行动回应主的差遣。。把信仰从个人感受带向一个具体的人、一项责任或一个见证行动。不要追求被看见，只求忠心。完成之后写下发生了什么，让你自己的行动成为一个可以被回顾、也可以被分享的见证。,,回应｜从跟随走向见证与承担,如果我真的相信“今天用一个具体行动遵行彼此相爱”，今天会有什么不同？,把信仰从个人感受带向承担：选择一个人、一个场景或一项责任，用实际行动回应主的差遣。,今天让别人能够从我的一个真实行动，看见“今天用一个具体行动遵行彼此相爱”正在改变我。,住在爱里｜周五行动｜今天你为谁｜舍命,我的回应状态｜已经确定一步｜正在寻找机会｜有惧怕｜需要同伴同行,今天把“今天用一个具体行动遵行彼此相爱”带到一个真实的承担中：完成一次见证、服事、给予、修复关系或承担责任，并记录发生了什么。,,V1.1｜第9–52周逐周具体内容已补全｜依据冻结版主题、每日经文与第1–8周确认的门训规则,本轮为内容制作稿；经文出处沿用冻结版，和合本全文与候选关键词仍须逐段核验。
118,17,周六,轻回顾,模块2｜跟随基督,从认识进入回应、操练与跟随,住在爱里,回顾本周：住在爱里,诗23：1-6,住在基督的爱里，先领受再去爱一个具体的人，而不是只谈爱。,回头看这一周：经文让我看见了什么，我真正走了哪一步？,周六,读 诗篇 23:1-6，安静回看这七天的经历：哪些地方有顺服，哪些地方仍在挣扎，哪里看见神的带领？特别思考“不要只评价自己“做得好不好”，而是辨认：神让我看见了什么？我实际做了什么？下一步要继续什么？”。今天把本周浓缩成“一个看见、一个行动、一个下一步”，让回顾成为继续跟随的桥梁。,,回顾｜看见本周发生了什么，并确定下一步,回头看七天，我在哪里真实经历了“回顾爱是否成为行动而非感觉”？,不要只评价自己“做得好不好”，而是辨认：神让我看见了什么？我实际做了什么？下一步要继续什么？,今天从经历而不是感觉回顾“回顾爱是否成为行动而非感觉”，辨认神的工作与下一步。,回顾本周｜住在爱里｜这周你经历最｜多的是什么,本周最接近我的状态｜有真实改变｜有看见但未落实｜正在挣扎｜准备重新开始,今天用10分钟完成本周回顾：写下“神让我看见什么／我实际做了什么／下一步继续什么”，并把下一步写成一个下周可执行的动作。,本周总结｜主题“住在爱里”。回顾“住在基督的爱里—回顾爱是否成为行动而非感觉”：神让我看见______；我实际回应了______；下一步我要继续______。｜宣告：主仍在带领我，我愿继续跟随。,V1.1｜第9–52周逐周具体内容已补全｜依据冻结版主题、每日经文与第1–8周确认的门训规则,本轮为内容制作稿；经文出处沿用冻结版，和合本全文与候选关键词仍须逐段核验。
119,18,主日,主日信息入口,模块2｜跟随基督,从认识进入回应、操练与跟随,不再是奴仆,不再是奴仆,罗8：1-17,记得自己是神的儿女，不再用惧怕和讨好驱动自己，今天按儿女的身份作决定。,记得自己是神的儿女，不再用惧怕和讨好驱动自己，今天按儿女的身份作决定。,主日,今天把经文放在心里，也把自己放在经文面前。读 罗马书 8:1-17，围绕“不再是奴仆”安静片刻，思想：留意主怎样带你从认识走向跟随。。主日不是结束，而是进入本周门训的起点。今天选定一个具体场景，提醒自己在这一周继续回来面对这个主题。,,进入｜从主日信息进入本周,本周，我最需要面对的是：“以儿女身份而不是奴仆心生活”,先不急着回答，把主日经文放进你的生活：以儿女身份而不是奴仆心生活。留意主怎样带你从认识走向跟随。,本周不追求抽象改变，只在一个真实生活场景中练习“以儿女身份而不是奴仆心生活”。,不再是奴仆｜今天最触动你｜的是什么｜不定罪,今天最触动我的状态｜很有共鸣｜有一点挣扎｜还不清楚｜愿意开始,用3分钟写下本周回应：“主啊，在以儿女身份而不是奴仆心生活上，我愿意跟随你。”再选定一个本周每天都可以提醒自己的具体场景。,,V1.1｜第9–52周逐周具体内容已补全｜依据冻结版主题、每日经文与第1–8周确认的门训规则,本轮为内容制作稿；经文出处沿用冻结版，和合本全文与候选关键词仍须逐段核验。
120,18,周一,拓宽眼界,模块2｜跟随基督,从认识进入回应、操练与跟随,不再是奴仆,不再是奴仆 · 周一默想,加4：1-7,记得自己是神的儿女，不再用惧怕和讨好驱动自己，今天按儿女的身份作决定。,留意“从身份看今天的恐惧与需要”在我的选择、情绪或习惯中如何出现。,周一,今天先学习看见。读 加拉太书 4:1-7，不要急着批评或解决问题，留意经文让你看见什么：再问自己：我今天在哪里正在经历同样的事？（经文：不再是奴仆 · 周一默想）。再回到自己的生活，观察一个真实反应、选择或习惯。门徒不是先表现得正确，而是先在神的光中看清楚自己。把今天看见的一件事记下来，作为后面回应的起点。,,看见｜先看见经文与自己的处境,经文怎样让我看见“从身份看今天的恐惧与需要”？,先观察经文中的人物、行动和张力，再问自己：我今天在哪里正在经历同样的事？（经文：不再是奴仆 · 周一默想）,今天先看见，不急着改变；留意“从身份看今天的恐惧与需要”在我的选择、情绪或习惯中如何出现。,不再是奴仆｜周一默想｜奴仆｜儿子,今天我的状态｜已经看见｜有些模糊｜容易忽略｜愿意留意,今天选一个固定场景（通勤、工作、吃饭或睡前），停下来1分钟，记录一次“从身份看今天的恐惧与需要”在自己身上的真实表现。,,V1.1｜第9–52周逐周具体内容已补全｜依据冻结版主题、每日经文与第1–8周确认的门训规则,本轮为内容制作稿；经文出处沿用冻结版，和合本全文与候选关键词仍须逐段核验。
121,18,周二,深入省察,模块2｜跟随基督,从认识进入回应、操练与跟随,不再是奴仆,不再是奴仆 · 周二省察,罗7：14-25,记得自己是神的儿女，不再用惧怕和讨好驱动自己，今天按儿女的身份作决定。,诚实面对关于“辨认罪疚、比较与自我证明”的内在反应。,周二,今天给自己几分钟安静。读 罗马书 7:14-25，把经文所揭开的张力带回心里：不要先批评自己，也不要替自己辩护；诚实辨认背后的欲望、惧怕、骄傲或不信，并把它带到主面前。。问自己，我在什么地方正在重复同样的模式？不必马上找到解决方案，只需要说真话，并用一句简单的祷告把这份真实交给主。,,省察｜先面对里面真实的反应,我为什么会在“辨认罪疚、比较与自我证明”上有这样的反应？,不要先批评自己，也不要替自己辩护；诚实辨认背后的欲望、惧怕、骄傲或不信，并把它带到主面前。,今天诚实面对一个关于“辨认罪疚、比较与自我证明”的内在反应，不用属灵话语遮盖它。,不再是奴仆｜周二省察｜你是否有｜被罪捆绑,我最接近的状态｜愿意面对｜有点抗拒｜容易解释自己｜需要别人陪伴,今天安静5分钟，不为自己辩解，只写下“辨认罪疚、比较与自我证明”引出的一个惧怕、欲望或惯性，然后用一句祷告交给主。,,V1.1｜第9–52周逐周具体内容已补全｜依据冻结版主题、每日经文与第1–8周确认的门训规则,本轮为内容制作稿；经文出处沿用冻结版，和合本全文与候选关键词仍须逐段核验。
122,18,周三,生活应用,模块2｜跟随基督,从认识进入回应、操练与跟随,不再是奴仆,不再是奴仆 · 周三应用,约8：31-36,记得自己是神的儿女，不再用惧怕和讨好驱动自己，今天按儿女的身份作决定。,把“在一个被捆绑的领域选择自由”放进一个具体决定，用一个小行动回应经文。,周三,不要等到条件完美才回应经文。读 约翰福音 8:31-36，找出一个可以立即开始的动作，回应“不要追求大改变，只走清楚的一步。”。今天只走一步，但要真的走。行动之后，用一分钟回顾结果，让经验成为下一次跟随的依据。,,行动｜把经文落到一个今天能做的选择,今天我可以怎样把“在一个被捆绑的领域选择自由”做出来？,把原则缩小到今天：一个时间点、一个决定、一个动作就够。不要追求大改变，只走清楚的一步。,今天把“在一个被捆绑的领域选择自由”放进一个具体决定，用一个小行动回应经文。,不再是奴仆｜周三应用｜今天你如何在｜真理中得自由,我的行动准备度｜现在就能做｜需要一点计划｜需要别人提醒｜暂时还没想到,今天安排一个明确时间点，把“在一个被捆绑的领域选择自由”变成一个10分钟以内的行动，并在完成后记下一个结果。,,V1.1｜第9–52周逐周具体内容已补全｜依据冻结版主题、每日经文与第1–8周确认的门训规则,本轮为内容制作稿；经文出处沿用冻结版，和合本全文与候选关键词仍须逐段核验。
123,18,周四,关系实践,模块2｜跟随基督,从认识进入回应、操练与跟随,不再是奴仆,不再是奴仆 · 周四关系,加5：13-14,记得自己是神的儿女，不再用惧怕和讨好驱动自己，今天按儿女的身份作决定。,让“用自由服事而不是放纵自己”发生在一个真实关系里。,周四,今天把跟随带进一个人的名字。读 加拉太书 5:13-14，思想：想起一个具体的人，不停留在抽象的“爱人”；问自己：我可以听什么、说什么、给什么、承担什么？。想起一段真实关系，不停留在“我要更有爱心”的想法，而是决定一个看得见的动作：认真倾听、主动帮助、道歉、感谢、分享或代祷。让今天的经文通过你的关系被活出来。,,关系｜把跟随放进真实的人际关系,今天哪个关系最需要让我实践“用自由服事而不是放纵自己”？,想起一个具体的人，不停留在抽象的“爱人”；问自己：我可以听什么、说什么、给什么、承担什么？,今天让“用自由服事而不是放纵自己”发生在一个真实关系里，而不是停留在个人感受中。,不再是奴仆｜周四关系｜今天你如何用｜自由,我在关系中的状态｜愿意主动｜想保持距离｜正在修复｜不知道怎么开口,今天选定一位具体的人，用一个可见动作实践“用自由服事而不是放纵自己”：主动联系、倾听、帮助、道歉、分享或代祷，六选一。,,V1.1｜第9–52周逐周具体内容已补全｜依据冻结版主题、每日经文与第1–8周确认的门训规则,本轮为内容制作稿；经文出处沿用冻结版，和合本全文与候选关键词仍须逐段核验。
124,18,周五,行动承诺,模块2｜跟随基督,从认识进入回应、操练与跟随,不再是奴仆,不再是奴仆 · 周五行动,罗8：12-17,记得自己是神的儿女，不再用惧怕和讨好驱动自己，今天按儿女的身份作决定。,让一个真实行动显出“用儿女的身份向父神呼求”正在改变我。,周五,今天的重点不是再多懂一点，而是愿意承担一步。读 罗马书 8:12-17，把“用实际行动回应主的差遣。”落实到现实生活。可以是一次服事、一次给予、一次修复关系、一次见证或一次责任。先忠心完成今天能做的，然后在神面前感谢祂的带领。,,回应｜从跟随走向见证与承担,如果我真的相信“用儿女的身份向父神呼求”，今天会有什么不同？,把信仰从个人感受带向承担：选择一个人、一个场景或一项责任，用实际行动回应主的差遣。,今天让别人能够从我的一个真实行动，看见“用儿女的身份向父神呼求”正在改变我。,不再是奴仆｜周五行动｜今天你如何｜靠着圣灵治死,我的回应状态｜已经确定一步｜正在寻找机会｜有惧怕｜需要同伴同行,今天把“用儿女的身份向父神呼求”带到一个真实的承担中：完成一次见证、服事、给予、修复关系或承担责任，并记录发生了什么。,,V1.1｜第9–52周逐周具体内容已补全｜依据冻结版主题、每日经文与第1–8周确认的门训规则,本轮为内容制作稿；经文出处沿用冻结版，和合本全文与候选关键词仍须逐段核验。
125,18,周六,轻回顾,模块2｜跟随基督,从认识进入回应、操练与跟随,不再是奴仆,回顾本周：不再是奴仆,诗23：1-6,记得自己是神的儿女，不再用惧怕和讨好驱动自己，今天按儿女的身份作决定。,回头看这一周：经文让我看见了什么，我真正走了哪一步？,周六,回顾不是给自己打分，而是辨认神怎样工作。今天读 诗篇 23:1-6，整理你这一周在“不要只评价自己“做得好不好”，而是辨认：神让我看见了什么？我实际做了什么？下一步要继续什么？”上的经历。感谢已经发生的，也承认还没有改变的。最后写下一句本周总结，并确定一个可以带进下一周的小小行动。,,回顾｜看见本周发生了什么，并确定下一步,回头看七天，我在哪里真实经历了“回顾自己是否更多靠身份而非表现”？,不要只评价自己“做得好不好”，而是辨认：神让我看见了什么？我实际做了什么？下一步要继续什么？,今天从经历而不是感觉回顾“回顾自己是否更多靠身份而非表现”，辨认神的工作与下一步。,回顾本周｜不再是奴仆｜这周你经历最｜多的是什么,本周最接近我的状态｜有真实改变｜有看见但未落实｜正在挣扎｜准备重新开始,今天用10分钟完成本周回顾：写下“神让我看见什么／我实际做了什么／下一步继续什么”，并把下一步写成一个下周可执行的动作。,本周总结｜主题“不再是奴仆”。回顾“以儿女身份而不是奴仆心生活—回顾自己是否更多靠身份而非表现”：神让我看见______；我实际回应了______；下一步我要继续______。｜宣告：主仍在带领我，我愿继续跟随。,V1.1｜第9–52周逐周具体内容已补全｜依据冻结版主题、每日经文与第1–8周确认的门训规则,本轮为内容制作稿；经文出处沿用冻结版，和合本全文与候选关键词仍须逐段核验。
126,19,主日,主日信息入口,模块2｜跟随基督,从认识进入回应、操练与跟随,基督升天，直到地极作见证,基督升天，直到地极作见证,徒1：6-11,知道主掌权，也知道自己被差遣；在眼前的生活位置上忠心作见证。,知道主掌权，也知道自己被差遣；在眼前的生活位置上忠心作见证。,主日,今天先慢下来。读 使徒行传 1:6-11，让“基督升天，直到地极作见证”成为这一周共同的入口。不要急着把主日信息变成更多知识，先问：留意主怎样带你从认识走向跟随。。把这个问题放进你真实的生活，找出一个本周愿意跟随主的场景。主日的领受要进入一周的生活，才会成为门徒的道路。,,进入｜从主日信息进入本周,本周，我最需要面对的是：“接受升天之主掌权并被差遣”,先不急着回答，把主日经文放进你的生活：接受升天之主掌权并被差遣。留意主怎样带你从认识走向跟随。,本周不追求抽象改变，只在一个真实生活场景中练习“接受升天之主掌权并被差遣”。,基督升天｜直到地极作见｜今天最触动你｜的是什么,今天最触动我的状态｜很有共鸣｜有一点挣扎｜还不清楚｜愿意开始,用3分钟写下本周回应：“主啊，在接受升天之主掌权并被差遣上，我愿意跟随你。”再选定一个本周每天都可以提醒自己的具体场景。,,V1.1｜第9–52周逐周具体内容已补全｜依据冻结版主题、每日经文与第1–8周确认的门训规则,本轮为内容制作稿；经文出处沿用冻结版，和合本全文与候选关键词仍须逐段核验。
127,19,周一,拓宽眼界,模块2｜跟随基督,从认识进入回应、操练与跟随,基督升天，直到地极作见证,基督升天，直到地极作见证 · 周一默想,但7：13-14,知道主掌权，也知道自己被差遣；在眼前的生活位置上忠心作见证。,留意“用天国的视角看世界”在我的选择、情绪或习惯中如何出现。,周一,读 但以理书 7:13-14 时，先把注意力放在经文的人、行动和张力上。今天特别思想：再问自己：我今天在哪里正在经历同样的事？（经文：基督升天，直到地极作见证 · 周一默想）。然后问自己，这件事在我的生活里有没有类似的位置？不要急着改变，先诚实记录一次。能够看见，是让神的话从纸面进入生命的第一步。,,看见｜先看见经文与自己的处境,经文怎样让我看见“用天国的视角看世界”？,先观察经文中的人物、行动和张力，再问自己：我今天在哪里正在经历同样的事？（经文：基督升天，直到地极作见证 · 周一默想）,今天先看见，不急着改变；留意“用天国的视角看世界”在我的选择、情绪或习惯中如何出现。,基督升天｜直到地极作见｜周一默想｜人子,今天我的状态｜已经看见｜有些模糊｜容易忽略｜愿意留意,今天选一个固定场景（通勤、工作、吃饭或睡前），停下来1分钟，记录一次“用天国的视角看世界”在自己身上的真实表现。,,V1.1｜第9–52周逐周具体内容已补全｜依据冻结版主题、每日经文与第1–8周确认的门训规则,本轮为内容制作稿；经文出处沿用冻结版，和合本全文与候选关键词仍须逐段核验。
128,19,周二,深入省察,模块2｜跟随基督,从认识进入回应、操练与跟随,基督升天，直到地极作见证,基督升天，直到地极作见证 · 周二省察,来12：1-3,知道主掌权，也知道自己被差遣；在眼前的生活位置上忠心作见证。,诚实面对关于“放下短期焦虑与沉重”的内在反应。,周二,门徒训练不仅改变行为，也改变里面的动机。读 希伯来书 12:1-3，认真面对“不要先批评自己，也不要替自己辩护；诚实辨认背后的欲望、惧怕、骄傲或不信，并把它带到主面前。”。当你察觉到防卫、焦虑、比较或自我保护时，不要赶快掩盖。把那个最真实的反应写下来，求主带你从看见走向悔改与信靠。,,省察｜先面对里面真实的反应,我为什么会在“放下短期焦虑与沉重”上有这样的反应？,不要先批评自己，也不要替自己辩护；诚实辨认背后的欲望、惧怕、骄傲或不信，并把它带到主面前。,今天诚实面对一个关于“放下短期焦虑与沉重”的内在反应，不用属灵话语遮盖它。,基督升天｜直到地极作见｜周二省察｜你是否,我最接近的状态｜愿意面对｜有点抗拒｜容易解释自己｜需要别人陪伴,今天安静5分钟，不为自己辩解，只写下“放下短期焦虑与沉重”引出的一个惧怕、欲望或惯性，然后用一句祷告交给主。,,V1.1｜第9–52周逐周具体内容已补全｜依据冻结版主题、每日经文与第1–8周确认的门训规则,本轮为内容制作稿；经文出处沿用冻结版，和合本全文与候选关键词仍须逐段核验。
129,19,周三,生活应用,模块2｜跟随基督,从认识进入回应、操练与跟随,基督升天，直到地极作见证,基督升天，直到地极作见证 · 周三应用,徒1：8,知道主掌权，也知道自己被差遣；在眼前的生活位置上忠心作见证。,把“在生活半径内成为见证人”放进一个具体决定，用一个小行动回应经文。,周三,今天把经文缩小成一个选择。读 使徒行传 1:8，问自己：不要追求大改变，只走清楚的一步。。不要设计一个很大的计划，只找一个今天能完成的小行动。门徒的成长常常发生在普通时间、普通决定和普通责任里。选定时间点去做，完成后再回看它带来了什么改变。,,行动｜把经文落到一个今天能做的选择,今天我可以怎样把“在生活半径内成为见证人”做出来？,把原则缩小到今天：一个时间点、一个决定、一个动作就够。不要追求大改变，只走清楚的一步。,今天把“在生活半径内成为见证人”放进一个具体决定，用一个小行动回应经文。,基督升天｜直到地极作见｜周三应用｜今天你可以在,我的行动准备度｜现在就能做｜需要一点计划｜需要别人提醒｜暂时还没想到,今天安排一个明确时间点，把“在生活半径内成为见证人”变成一个10分钟以内的行动，并在完成后记下一个结果。,,V1.1｜第9–52周逐周具体内容已补全｜依据冻结版主题、每日经文与第1–8周确认的门训规则,本轮为内容制作稿；经文出处沿用冻结版，和合本全文与候选关键词仍须逐段核验。
130,19,周四,关系实践,模块2｜跟随基督,从认识进入回应、操练与跟随,基督升天，直到地极作见证,基督升天，直到地极作见证 · 周四关系,徒8：26-40,知道主掌权，也知道自己被差遣；在眼前的生活位置上忠心作见证。,让“主动走向一个需要听见福音的人”发生在一个真实关系里。,周四,门徒生命一定会影响人与人的相处。读 使徒行传 8:26-40，问自己：想起一个具体的人，不停留在抽象的“爱人”；问自己：我可以听什么、说什么、给什么、承担什么？。选一个具体的人，少一点自我证明，多一点靠近与承担。你今天不需要解决这段关系的全部问题，只需要完成一个真实而善意的动作，并留意自己的心发生了什么。,,关系｜把跟随放进真实的人际关系,今天哪个关系最需要让我实践“主动走向一个需要听见福音的人”？,想起一个具体的人，不停留在抽象的“爱人”；问自己：我可以听什么、说什么、给什么、承担什么？,今天让“主动走向一个需要听见福音的人”发生在一个真实关系里，而不是停留在个人感受中。,基督升天｜直到地极作见｜周四关系｜今天你可以像,我在关系中的状态｜愿意主动｜想保持距离｜正在修复｜不知道怎么开口,今天选定一位具体的人，用一个可见动作实践“主动走向一个需要听见福音的人”：主动联系、倾听、帮助、道歉、分享或代祷，六选一。,,V1.1｜第9–52周逐周具体内容已补全｜依据冻结版主题、每日经文与第1–8周确认的门训规则,本轮为内容制作稿；经文出处沿用冻结版，和合本全文与候选关键词仍须逐段核验。
131,19,周五,行动承诺,模块2｜跟随基督,从认识进入回应、操练与跟随,基督升天，直到地极作见证,基督升天，直到地极作见证 · 周五行动,可16：15-20,知道主掌权，也知道自己被差遣；在眼前的生活位置上忠心作见证。,让一个真实行动显出“完成一次清楚、温柔的见证”正在改变我。,周五,回应就是把领受交在行动里。读 马可福音 16:15-20，思想“用实际行动回应主的差遣。”对今天意味着什么。选择一个具体行动，并为它安排明确的时间。做完不要急着评估自己，而是回头看：我是否更愿意跟随？神又让我看见了什么？,,回应｜从跟随走向见证与承担,如果我真的相信“完成一次清楚、温柔的见证”，今天会有什么不同？,把信仰从个人感受带向承担：选择一个人、一个场景或一项责任，用实际行动回应主的差遣。,今天让别人能够从我的一个真实行动，看见“完成一次清楚、温柔的见证”正在改变我。,基督升天｜直到地极作见｜周五行动｜今天你如何,我的回应状态｜已经确定一步｜正在寻找机会｜有惧怕｜需要同伴同行,今天把“完成一次清楚、温柔的见证”带到一个真实的承担中：完成一次见证、服事、给予、修复关系或承担责任，并记录发生了什么。,,V1.1｜第9–52周逐周具体内容已补全｜依据冻结版主题、每日经文与第1–8周确认的门训规则,本轮为内容制作稿；经文出处沿用冻结版，和合本全文与候选关键词仍须逐段核验。
132,19,周六,轻回顾,模块2｜跟随基督,从认识进入回应、操练与跟随,基督升天，直到地极作见证,回顾本周：基督升天，直到地极作见证,诗23：1-6,知道主掌权，也知道自己被差遣；在眼前的生活位置上忠心作见证。,回头看这一周：经文让我看见了什么，我真正走了哪一步？,周六,今天是回顾的一天。读 诗篇 23:1-6，回头看这一周，特别整理：不要只评价自己“做得好不好”，而是辨认：神让我看见了什么？我实际做了什么？下一步要继续什么？。不要只问“我做得好不好”，而要问三件事：神让我看见什么？我实际做了什么？下一步要继续什么？把一个真实学习写下来，再把下一步写成下周可以执行的动作。,,回顾｜看见本周发生了什么，并确定下一步,回头看七天，我在哪里真实经历了“回顾自己是否活得更有地极意识”？,不要只评价自己“做得好不好”，而是辨认：神让我看见了什么？我实际做了什么？下一步要继续什么？,今天从经历而不是感觉回顾“回顾自己是否活得更有地极意识”，辨认神的工作与下一步。,回顾本周｜基督升天｜直到地极作见｜这周你经历最,本周最接近我的状态｜有真实改变｜有看见但未落实｜正在挣扎｜准备重新开始,今天用10分钟完成本周回顾：写下“神让我看见什么／我实际做了什么／下一步继续什么”，并把下一步写成一个下周可执行的动作。,本周总结｜主题“基督升天，直到地极作见证”。回顾“接受升天之主掌权并被差遣—回顾自己是否活得更有地极意识”：神让我看见______；我实际回应了______；下一步我要继续______。｜宣告：主仍在带领我，我愿继续跟随。,V1.1｜第9–52周逐周具体内容已补全｜依据冻结版主题、每日经文与第1–8周确认的门训规则,本轮为内容制作稿；经文出处沿用冻结版，和合本全文与候选关键词仍须逐段核验。
133,20,主日,主日信息入口,模块2｜跟随基督,从认识进入回应、操练与跟随,圣灵降临，教会被差派,圣灵降临，教会被差派,徒2：1-21,领受圣灵并活在教会群体中，今天主动进入一次真实的彼此相顾。,领受圣灵并活在教会群体中，今天主动进入一次真实的彼此相顾。,主日,今天是新一周的起点。读 使徒行传 2:1-21，先观察经文如何把我们带到“圣灵降临，教会被差派”。留意主怎样带你从认识走向跟随。。不要要求自己一次改变很多，只需要认出一个最真实的回应方向，并为接下来的六天留下一个可以反复操练的生活位置。,,进入｜从主日信息进入本周,本周，我最需要面对的是：“从圣灵降临进入教会生活”,先不急着回答，把主日经文放进你的生活：从圣灵降临进入教会生活。留意主怎样带你从认识走向跟随。,本周不追求抽象改变，只在一个真实生活场景中练习“从圣灵降临进入教会生活”。,圣灵降临｜教会被差派｜今天最触动你｜的是什么,今天最触动我的状态｜很有共鸣｜有一点挣扎｜还不清楚｜愿意开始,用3分钟写下本周回应：“主啊，在从圣灵降临进入教会生活上，我愿意跟随你。”再选定一个本周每天都可以提醒自己的具体场景。,,V1.1｜第9–52周逐周具体内容已补全｜依据冻结版主题、每日经文与第1–8周确认的门训规则,本轮为内容制作稿；经文出处沿用冻结版，和合本全文与候选关键词仍须逐段核验。
134,20,周一,拓宽眼界,模块2｜跟随基督,从认识进入回应、操练与跟随,圣灵降临，教会被差派,圣灵降临，教会被差派 · 周一默想,结36：26-28,领受圣灵并活在教会群体中，今天主动进入一次真实的彼此相顾。,留意“求圣灵更新内心而非只追求体验”在我的选择、情绪或习惯中如何出现。,周一,今天不急着得到“正确答案”，而是练习观察。读 以西结书 36:26-28，留意“再问自己：我今天在哪里正在经历同样的事？（经文：圣灵降临，教会被差派 · 周一默想）”怎样显现在经文里，也怎样可能出现在你今天的生活中。选择一个固定场景停一分钟，看见自己真实的反应，并把它带到主面前。,,看见｜先看见经文与自己的处境,经文怎样让我看见“求圣灵更新内心而非只追求体验”？,先观察经文中的人物、行动和张力，再问自己：我今天在哪里正在经历同样的事？（经文：圣灵降临，教会被差派 · 周一默想）,今天先看见，不急着改变；留意“求圣灵更新内心而非只追求体验”在我的选择、情绪或习惯中如何出现。,圣灵降临｜教会被差派｜周一默想｜圣灵更新人心,今天我的状态｜已经看见｜有些模糊｜容易忽略｜愿意留意,今天选一个固定场景（通勤、工作、吃饭或睡前），停下来1分钟，记录一次“求圣灵更新内心而非只追求体验”在自己身上的真实表现。,,V1.1｜第9–52周逐周具体内容已补全｜依据冻结版主题、每日经文与第1–8周确认的门训规则,本轮为内容制作稿；经文出处沿用冻结版，和合本全文与候选关键词仍须逐段核验。
135,20,周二,深入省察,模块2｜跟随基督,从认识进入回应、操练与跟随,圣灵降临，教会被差派,圣灵降临，教会被差派 · 周二省察,徒5：1-11,领受圣灵并活在教会群体中，今天主动进入一次真实的彼此相顾。,诚实面对关于“省察虚假、比较和属灵表演”的内在反应。,周二,今天从外在经文转向内在生命。读 使徒行传 5:1-11，诚实面对：不要先批评自己，也不要替自己辩护；诚实辨认背后的欲望、惧怕、骄傲或不信，并把它带到主面前。。不要先解释自己，也不要急着定罪自己。试着辨认这个反应背后更深的欲望、惧怕、骄傲或不信。省察不是自责，而是在神面前停止遮掩，愿意让主触碰真实的自己。,,省察｜先面对里面真实的反应,我为什么会在“省察虚假、比较和属灵表演”上有这样的反应？,不要先批评自己，也不要替自己辩护；诚实辨认背后的欲望、惧怕、骄傲或不信，并把它带到主面前。,今天诚实面对一个关于“省察虚假、比较和属灵表演”的内在反应，不用属灵话语遮盖它。,圣灵降临｜教会被差派｜周二省察｜你的心是否完,我最接近的状态｜愿意面对｜有点抗拒｜容易解释自己｜需要别人陪伴,今天安静5分钟，不为自己辩解，只写下“省察虚假、比较和属灵表演”引出的一个惧怕、欲望或惯性，然后用一句祷告交给主。,,V1.1｜第9–52周逐周具体内容已补全｜依据冻结版主题、每日经文与第1–8周确认的门训规则,本轮为内容制作稿；经文出处沿用冻结版，和合本全文与候选关键词仍须逐段核验。
136,20,周三,生活应用,模块2｜跟随基督,从认识进入回应、操练与跟随,圣灵降临，教会被差派,圣灵降临，教会被差派 · 周三应用,弗5：15-21,领受圣灵并活在教会群体中，今天主动进入一次真实的彼此相顾。,把“按圣灵引导安排时间与生活”放进一个具体决定，用一个小行动回应经文。,周三,今天让“知道”变成“去做”。读 以弗所书 5:15-21，思考“不要追求大改变，只走清楚的一步。”在你的现实处境中最小的下一步是什么。把行动限定在十分钟左右，越具体越好。做完后记下一句话：我做了什么？有什么阻力？主让我看见什么？,,行动｜把经文落到一个今天能做的选择,今天我可以怎样把“按圣灵引导安排时间与生活”做出来？,把原则缩小到今天：一个时间点、一个决定、一个动作就够。不要追求大改变，只走清楚的一步。,今天把“按圣灵引导安排时间与生活”放进一个具体决定，用一个小行动回应经文。,圣灵降临｜教会被差派｜周三应用｜今天你如何,我的行动准备度｜现在就能做｜需要一点计划｜需要别人提醒｜暂时还没想到,今天安排一个明确时间点，把“按圣灵引导安排时间与生活”变成一个10分钟以内的行动，并在完成后记下一个结果。,,V1.1｜第9–52周逐周具体内容已补全｜依据冻结版主题、每日经文与第1–8周确认的门训规则,本轮为内容制作稿；经文出处沿用冻结版，和合本全文与候选关键词仍须逐段核验。
137,20,周四,关系实践,模块2｜跟随基督,从认识进入回应、操练与跟随,圣灵降临，教会被差派,圣灵降临，教会被差派 · 周四关系,徒2：42-47,领受圣灵并活在教会群体中，今天主动进入一次真实的彼此相顾。,让“进入祷告、团契与彼此分享”发生在一个真实关系里。,周四,今天观察自己怎样对待别人，也让经文重新整理这种关系。读 使徒行传 2:42-47，围绕“想起一个具体的人，不停留在抽象的“爱人”；问自己：我可以听什么、说什么、给什么、承担什么？”作一个具体决定。找一个人，主动走近一步；可以是一句话、一次倾听、一次帮助或一次代祷。真实关系中的小小顺服，就是门徒训练的一部分。,,关系｜把跟随放进真实的人际关系,今天哪个关系最需要让我实践“进入祷告、团契与彼此分享”？,想起一个具体的人，不停留在抽象的“爱人”；问自己：我可以听什么、说什么、给什么、承担什么？,今天让“进入祷告、团契与彼此分享”发生在一个真实关系里，而不是停留在个人感受中。,圣灵降临｜教会被差派｜周四关系｜今天你可以如,我在关系中的状态｜愿意主动｜想保持距离｜正在修复｜不知道怎么开口,今天选定一位具体的人，用一个可见动作实践“进入祷告、团契与彼此分享”：主动联系、倾听、帮助、道歉、分享或代祷，六选一。,,V1.1｜第9–52周逐周具体内容已补全｜依据冻结版主题、每日经文与第1–8周确认的门训规则,本轮为内容制作稿；经文出处沿用冻结版，和合本全文与候选关键词仍须逐段核验。
138,20,周五,行动承诺,模块2｜跟随基督,从认识进入回应、操练与跟随,圣灵降临，教会被差派,圣灵降临，教会被差派 · 周五行动,徒2：37-38,领受圣灵并活在教会群体中，今天主动进入一次真实的彼此相顾。,让一个真实行动显出“以悔改和信靠回应圣灵工作”正在改变我。,周五,今天来到回应与承担。读 使徒行传 2:37-38，问自己：用实际行动回应主的差遣。。把信仰从个人感受带向一个具体的人、一项责任或一个见证行动。不要追求被看见，只求忠心。完成之后写下发生了什么，让你自己的行动成为一个可以被回顾、也可以被分享的见证。,,回应｜从跟随走向见证与承担,如果我真的相信“以悔改和信靠回应圣灵工作”，今天会有什么不同？,把信仰从个人感受带向承担：选择一个人、一个场景或一项责任，用实际行动回应主的差遣。,今天让别人能够从我的一个真实行动，看见“以悔改和信靠回应圣灵工作”正在改变我。,圣灵降临｜教会被差派｜周五行动｜今天你如何回,我的回应状态｜已经确定一步｜正在寻找机会｜有惧怕｜需要同伴同行,今天把“以悔改和信靠回应圣灵工作”带到一个真实的承担中：完成一次见证、服事、给予、修复关系或承担责任，并记录发生了什么。,,V1.1｜第9–52周逐周具体内容已补全｜依据冻结版主题、每日经文与第1–8周确认的门训规则,本轮为内容制作稿；经文出处沿用冻结版，和合本全文与候选关键词仍须逐段核验。
139,20,周六,轻回顾,模块2｜跟随基督,从认识进入回应、操练与跟随,圣灵降临，教会被差派,回顾本周：圣灵降临，教会被差派,诗23：1-6,领受圣灵并活在教会群体中，今天主动进入一次真实的彼此相顾。,回头看这一周：经文让我看见了什么，我真正走了哪一步？,周六,读 诗篇 23:1-6，安静回看这七天的经历：哪些地方有顺服，哪些地方仍在挣扎，哪里看见神的带领？特别思考“不要只评价自己“做得好不好”，而是辨认：神让我看见了什么？我实际做了什么？下一步要继续什么？”。今天把本周浓缩成“一个看见、一个行动、一个下一步”，让回顾成为继续跟随的桥梁。,,回顾｜看见本周发生了什么，并确定下一步,回头看七天，我在哪里真实经历了“回顾本周是否更愿顺服圣灵”？,不要只评价自己“做得好不好”，而是辨认：神让我看见了什么？我实际做了什么？下一步要继续什么？,今天从经历而不是感觉回顾“回顾本周是否更愿顺服圣灵”，辨认神的工作与下一步。,回顾本周｜圣灵降临｜教会被差派｜这周你经历最,本周最接近我的状态｜有真实改变｜有看见但未落实｜正在挣扎｜准备重新开始,今天用10分钟完成本周回顾：写下“神让我看见什么／我实际做了什么／下一步继续什么”，并把下一步写成一个下周可执行的动作。,本周总结｜主题“圣灵降临，教会被差派”。回顾“从圣灵降临进入教会生活—回顾本周是否更愿顺服圣灵”：神让我看见______；我实际回应了______；下一步我要继续______。｜宣告：主仍在带领我，我愿继续跟随。,V1.1｜第9–52周逐周具体内容已补全｜依据冻结版主题、每日经文与第1–8周确认的门训规则,本轮为内容制作稿；经文出处沿用冻结版，和合本全文与候选关键词仍须逐段核验。
140,21,主日,主日信息入口,模块3｜活在群体中,从个人跟随进入教会关系与共同生活,以善胜恶,以善胜恶,罗12：17-21,面对伤害不以恶报恶，今天用一个具体的善打断旧的回应方式。,面对伤害不以恶报恶，今天用一个具体的善打断旧的回应方式。,主日,今天把经文放在心里，也把自己放在经文面前。读 罗马书 12:17-21，围绕“以善胜恶”安静片刻，思想：留意主怎样带你从认识走向跟随。。主日不是结束，而是进入本周门训的起点。今天选定一个具体场景，提醒自己在这一周继续回来面对这个主题。,,进入｜从主日信息进入本周,本周，我最需要面对的是：“用善胜过恶”,先不急着回答，把主日经文放进你的生活：用善胜过恶。留意主怎样带你从认识走向跟随。,本周不追求抽象改变，只在一个真实生活场景中练习“用善胜过恶”。,以善胜恶｜今天最触动你｜的是什么,今天最触动我的状态｜很有共鸣｜有一点挣扎｜还不清楚｜愿意开始,用3分钟写下本周回应：“主啊，在用善胜过恶上，我愿意跟随你。”再选定一个本周每天都可以提醒自己的具体场景。,,V1.1｜第9–52周逐周具体内容已补全｜依据冻结版主题、每日经文与第1–8周确认的门训规则,本轮为内容制作稿；经文出处沿用冻结版，和合本全文与候选关键词仍须逐段核验。
141,21,周一,拓宽眼界,模块3｜活在群体中,从个人跟随进入教会关系与共同生活,以善胜恶,以善胜恶 · 周一默想,箴25：21-22,面对伤害不以恶报恶，今天用一个具体的善打断旧的回应方式。,留意“在冲突中不以恶报恶”在我的选择、情绪或习惯中如何出现。,周一,今天先学习看见。读 箴言 25:21-22，不要急着批评或解决问题，留意经文让你看见什么：再问自己：我今天在哪里正在经历同样的事？（经文：以善胜恶 · 周一默想）。再回到自己的生活，观察一个真实反应、选择或习惯。门徒不是先表现得正确，而是先在神的光中看清楚自己。把今天看见的一件事记下来，作为后面回应的起点。,,看见｜先看见经文与自己的处境,经文怎样让我看见“在冲突中不以恶报恶”？,先观察经文中的人物、行动和张力，再问自己：我今天在哪里正在经历同样的事？（经文：以善胜恶 · 周一默想）,今天先看见，不急着改变；留意“在冲突中不以恶报恶”在我的选择、情绪或习惯中如何出现。,以善胜恶｜周一默想｜炭火堆在头上｜对你意味着什,今天我的状态｜已经看见｜有些模糊｜容易忽略｜愿意留意,今天选一个固定场景（通勤、工作、吃饭或睡前），停下来1分钟，记录一次“在冲突中不以恶报恶”在自己身上的真实表现。,,V1.1｜第9–52周逐周具体内容已补全｜依据冻结版主题、每日经文与第1–8周确认的门训规则,本轮为内容制作稿；经文出处沿用冻结版，和合本全文与候选关键词仍须逐段核验。
142,21,周二,深入省察,模块3｜活在群体中,从个人跟随进入教会关系与共同生活,以善胜恶,以善胜恶 · 周二省察,太5：38-42,面对伤害不以恶报恶，今天用一个具体的善打断旧的回应方式。,诚实面对关于“辨认报复和证明自己的冲动”的内在反应。,周二,今天给自己几分钟安静。读 马太福音 5:38-42，把经文所揭开的张力带回心里：不要先批评自己，也不要替自己辩护；诚实辨认背后的欲望、惧怕、骄傲或不信，并把它带到主面前。。问自己，我在什么地方正在重复同样的模式？不必马上找到解决方案，只需要说真话，并用一句简单的祷告把这份真实交给主。,,省察｜先面对里面真实的反应,我为什么会在“辨认报复和证明自己的冲动”上有这样的反应？,不要先批评自己，也不要替自己辩护；诚实辨认背后的欲望、惧怕、骄傲或不信，并把它带到主面前。,今天诚实面对一个关于“辨认报复和证明自己的冲动”的内在反应，不用属灵话语遮盖它。,以善胜恶｜周二省察｜你心中是否有｜以牙还牙,我最接近的状态｜愿意面对｜有点抗拒｜容易解释自己｜需要别人陪伴,今天安静5分钟，不为自己辩解，只写下“辨认报复和证明自己的冲动”引出的一个惧怕、欲望或惯性，然后用一句祷告交给主。,,V1.1｜第9–52周逐周具体内容已补全｜依据冻结版主题、每日经文与第1–8周确认的门训规则,本轮为内容制作稿；经文出处沿用冻结版，和合本全文与候选关键词仍须逐段核验。
143,21,周三,生活应用,模块3｜活在群体中,从个人跟随进入教会关系与共同生活,以善胜恶,以善胜恶 · 周三应用,彼前3：8-12,面对伤害不以恶报恶，今天用一个具体的善打断旧的回应方式。,把“以善回应一个真实冲突”放进一个具体决定，用一个小行动回应经文。,周三,不要等到条件完美才回应经文。读 彼得前书 3:8-12，找出一个可以立即开始的动作，回应“不要追求大改变，只走清楚的一步。”。今天只走一步，但要真的走。行动之后，用一分钟回顾结果，让经验成为下一次跟随的依据。,,行动｜把经文落到一个今天能做的选择,今天我可以怎样把“以善回应一个真实冲突”做出来？,把原则缩小到今天：一个时间点、一个决定、一个动作就够。不要追求大改变，只走清楚的一步。,今天把“以善回应一个真实冲突”放进一个具体决定，用一个小行动回应经文。,以善胜恶｜周三应用｜今天你可以在｜具体冲突中如,我的行动准备度｜现在就能做｜需要一点计划｜需要别人提醒｜暂时还没想到,今天安排一个明确时间点，把“以善回应一个真实冲突”变成一个10分钟以内的行动，并在完成后记下一个结果。,,V1.1｜第9–52周逐周具体内容已补全｜依据冻结版主题、每日经文与第1–8周确认的门训规则,本轮为内容制作稿；经文出处沿用冻结版，和合本全文与候选关键词仍须逐段核验。
144,21,周四,关系实践,模块3｜活在群体中,从个人跟随进入教会关系与共同生活,以善胜恶,以善胜恶 · 周四关系,罗12：9-21,面对伤害不以恶报恶，今天用一个具体的善打断旧的回应方式。,让“主动祝福或帮助一个难相处的人”发生在一个真实关系里。,周四,今天把跟随带进一个人的名字。读 罗马书 12:9-21，思想：想起一个具体的人，不停留在抽象的“爱人”；问自己：我可以听什么、说什么、给什么、承担什么？。想起一段真实关系，不停留在“我要更有爱心”的想法，而是决定一个看得见的动作：认真倾听、主动帮助、道歉、感谢、分享或代祷。让今天的经文通过你的关系被活出来。,,关系｜把跟随放进真实的人际关系,今天哪个关系最需要让我实践“主动祝福或帮助一个难相处的人”？,想起一个具体的人，不停留在抽象的“爱人”；问自己：我可以听什么、说什么、给什么、承担什么？,今天让“主动祝福或帮助一个难相处的人”发生在一个真实关系里，而不是停留在个人感受中。,以善胜恶｜周四关系｜今天你可以对｜仇敌,我在关系中的状态｜愿意主动｜想保持距离｜正在修复｜不知道怎么开口,今天选定一位具体的人，用一个可见动作实践“主动祝福或帮助一个难相处的人”：主动联系、倾听、帮助、道歉、分享或代祷，六选一。,,V1.1｜第9–52周逐周具体内容已补全｜依据冻结版主题、每日经文与第1–8周确认的门训规则,本轮为内容制作稿；经文出处沿用冻结版，和合本全文与候选关键词仍须逐段核验。
145,21,周五,行动承诺,模块3｜活在群体中,从个人跟随进入教会关系与共同生活,以善胜恶,以善胜恶 · 周五行动,路6：27-36,面对伤害不以恶报恶，今天用一个具体的善打断旧的回应方式。,让一个真实行动显出“为敌对者祷告并采取善意行动”正在改变我。,周五,今天的重点不是再多懂一点，而是愿意承担一步。读 路加福音 6:27-36，把“用实际行动回应主的差遣。”落实到现实生活。可以是一次服事、一次给予、一次修复关系、一次见证或一次责任。先忠心完成今天能做的，然后在神面前感谢祂的带领。,,回应｜从跟随走向见证与承担,如果我真的相信“为敌对者祷告并采取善意行动”，今天会有什么不同？,把信仰从个人感受带向承担：选择一个人、一个场景或一项责任，用实际行动回应主的差遣。,今天让别人能够从我的一个真实行动，看见“为敌对者祷告并采取善意行动”正在改变我。,以善胜恶｜周五行动｜今天你如何｜爱仇敌,我的回应状态｜已经确定一步｜正在寻找机会｜有惧怕｜需要同伴同行,今天把“为敌对者祷告并采取善意行动”带到一个真实的承担中：完成一次见证、服事、给予、修复关系或承担责任，并记录发生了什么。,,V1.1｜第9–52周逐周具体内容已补全｜依据冻结版主题、每日经文与第1–8周确认的门训规则,本轮为内容制作稿；经文出处沿用冻结版，和合本全文与候选关键词仍须逐段核验。
146,21,周六,轻回顾,模块3｜活在群体中,从个人跟随进入教会关系与共同生活,以善胜恶,回顾本周：以善胜恶,诗23：1-6,面对伤害不以恶报恶，今天用一个具体的善打断旧的回应方式。,回头看这一周：经文让我看见了什么，我真正走了哪一步？,周六,回顾不是给自己打分，而是辨认神怎样工作。今天读 诗篇 23:1-6，整理你这一周在“不要只评价自己“做得好不好”，而是辨认：神让我看见了什么？我实际做了什么？下一步要继续什么？”上的经历。感谢已经发生的，也承认还没有改变的。最后写下一句本周总结，并确定一个可以带进下一周的小小行动。,,回顾｜看见本周发生了什么，并确定下一步,回头看七天，我在哪里真实经历了“回顾冲突中最真实的改变”？,不要只评价自己“做得好不好”，而是辨认：神让我看见了什么？我实际做了什么？下一步要继续什么？,今天从经历而不是感觉回顾“回顾冲突中最真实的改变”，辨认神的工作与下一步。,回顾本周｜以善胜恶｜这周你经历最｜多的是什么,本周最接近我的状态｜有真实改变｜有看见但未落实｜正在挣扎｜准备重新开始,今天用10分钟完成本周回顾：写下“神让我看见什么／我实际做了什么／下一步继续什么”，并把下一步写成一个下周可执行的动作。,本周总结｜主题“以善胜恶”。回顾“用善胜过恶—回顾冲突中最真实的改变”：神让我看见______；我实际回应了______；下一步我要继续______。｜宣告：主仍在带领我，我愿继续跟随。,V1.1｜第9–52周逐周具体内容已补全｜依据冻结版主题、每日经文与第1–8周确认的门训规则,本轮为内容制作稿；经文出处沿用冻结版，和合本全文与候选关键词仍须逐段核验。
147,22,主日,主日信息入口,模块3｜活在群体中,从个人跟随进入教会关系与共同生活,你们要作我的见证,你们要作我的见证,徒1：1-11,见证不是展示自己，而是为所看见、所经历的基督作真实见证；今天向一个人说出来。,见证不是展示自己，而是为所看见、所经历的基督作真实见证；今天向一个人说出来。,主日,今天先慢下来。读 使徒行传 1:1-11，让“你们要作我的见证”成为这一周共同的入口。不要急着把主日信息变成更多知识，先问：留意主怎样带你从认识走向跟随。。把这个问题放进你真实的生活，找出一个本周愿意跟随主的场景。主日的领受要进入一周的生活，才会成为门徒的道路。,,进入｜从主日信息进入本周,本周，我最需要面对的是：“知道自己为何作见证”,先不急着回答，把主日经文放进你的生活：知道自己为何作见证。留意主怎样带你从认识走向跟随。,本周不追求抽象改变，只在一个真实生活场景中练习“知道自己为何作见证”。,你们要作我的｜见证｜今天最触动你｜的是什么,今天最触动我的状态｜很有共鸣｜有一点挣扎｜还不清楚｜愿意开始,用3分钟写下本周回应：“主啊，在知道自己为何作见证上，我愿意跟随你。”再选定一个本周每天都可以提醒自己的具体场景。,,V1.1｜第9–52周逐周具体内容已补全｜依据冻结版主题、每日经文与第1–8周确认的门训规则,本轮为内容制作稿；经文出处沿用冻结版，和合本全文与候选关键词仍须逐段核验。
148,22,周一,拓宽眼界,模块3｜活在群体中,从个人跟随进入教会关系与共同生活,你们要作我的见证,你们要作我的见证 · 周一默想,赛43：8-13,见证不是展示自己，而是为所看见、所经历的基督作真实见证；今天向一个人说出来。,留意“看见神赐下见证人的身份”在我的选择、情绪或习惯中如何出现。,周一,读 以赛亚书 43:8-13 时，先把注意力放在经文的人、行动和张力上。今天特别思想：再问自己：我今天在哪里正在经历同样的事？（经文：你们要作我的见证 · 周一默想）。然后问自己，这件事在我的生活里有没有类似的位置？不要急着改变，先诚实记录一次。能够看见，是让神的话从纸面进入生命的第一步。,,看见｜先看见经文与自己的处境,经文怎样让我看见“看见神赐下见证人的身份”？,先观察经文中的人物、行动和张力，再问自己：我今天在哪里正在经历同样的事？（经文：你们要作我的见证 · 周一默想）,今天先看见，不急着改变；留意“看见神赐下见证人的身份”在我的选择、情绪或习惯中如何出现。,你们要作我的｜见证｜周一默想｜神说,今天我的状态｜已经看见｜有些模糊｜容易忽略｜愿意留意,今天选一个固定场景（通勤、工作、吃饭或睡前），停下来1分钟，记录一次“看见神赐下见证人的身份”在自己身上的真实表现。,,V1.1｜第9–52周逐周具体内容已补全｜依据冻结版主题、每日经文与第1–8周确认的门训规则,本轮为内容制作稿；经文出处沿用冻结版，和合本全文与候选关键词仍须逐段核验。
149,22,周二,深入省察,模块3｜活在群体中,从个人跟随进入教会关系与共同生活,你们要作我的见证,你们要作我的见证 · 周二省察,太10：32-33,见证不是展示自己，而是为所看见、所经历的基督作真实见证；今天向一个人说出来。,诚实面对关于“面对在人前承认主的压力”的内在反应。,周二,门徒训练不仅改变行为，也改变里面的动机。读 马太福音 10:32-33，认真面对“不要先批评自己，也不要替自己辩护；诚实辨认背后的欲望、惧怕、骄傲或不信，并把它带到主面前。”。当你察觉到防卫、焦虑、比较或自我保护时，不要赶快掩盖。把那个最真实的反应写下来，求主带你从看见走向悔改与信靠。,,省察｜先面对里面真实的反应,我为什么会在“面对在人前承认主的压力”上有这样的反应？,不要先批评自己，也不要替自己辩护；诚实辨认背后的欲望、惧怕、骄傲或不信，并把它带到主面前。,今天诚实面对一个关于“面对在人前承认主的压力”的内在反应，不用属灵话语遮盖它。,你们要作我的｜见证｜周二省察｜你是否羞于在,我最接近的状态｜愿意面对｜有点抗拒｜容易解释自己｜需要别人陪伴,今天安静5分钟，不为自己辩解，只写下“面对在人前承认主的压力”引出的一个惧怕、欲望或惯性，然后用一句祷告交给主。,,V1.1｜第9–52周逐周具体内容已补全｜依据冻结版主题、每日经文与第1–8周确认的门训规则,本轮为内容制作稿；经文出处沿用冻结版，和合本全文与候选关键词仍须逐段核验。
150,22,周三,生活应用,模块3｜活在群体中,从个人跟随进入教会关系与共同生活,你们要作我的见证,你们要作我的见证 · 周三应用,彼前3：13-17,见证不是展示自己，而是为所看见、所经历的基督作真实见证；今天向一个人说出来。,把“为信仰准备一句清楚的见证”放进一个具体决定，用一个小行动回应经文。,周三,今天把经文缩小成一个选择。读 彼得前书 3:13-17，问自己：不要追求大改变，只走清楚的一步。。不要设计一个很大的计划，只找一个今天能完成的小行动。门徒的成长常常发生在普通时间、普通决定和普通责任里。选定时间点去做，完成后再回看它带来了什么改变。,,行动｜把经文落到一个今天能做的选择,今天我可以怎样把“为信仰准备一句清楚的见证”做出来？,把原则缩小到今天：一个时间点、一个决定、一个动作就够。不要追求大改变，只走清楚的一步。,今天把“为信仰准备一句清楚的见证”放进一个具体决定，用一个小行动回应经文。,你们要作我的｜见证｜周三应用｜今天你如何为,我的行动准备度｜现在就能做｜需要一点计划｜需要别人提醒｜暂时还没想到,今天安排一个明确时间点，把“为信仰准备一句清楚的见证”变成一个10分钟以内的行动，并在完成后记下一个结果。,,V1.1｜第9–52周逐周具体内容已补全｜依据冻结版主题、每日经文与第1–8周确认的门训规则,本轮为内容制作稿；经文出处沿用冻结版，和合本全文与候选关键词仍须逐段核验。
151,22,周四,关系实践,模块3｜活在群体中,从个人跟随进入教会关系与共同生活,你们要作我的见证,你们要作我的见证 · 周四关系,约4：27-30,见证不是展示自己，而是为所看见、所经历的基督作真实见证；今天向一个人说出来。,让“向一个真实的人讲述主在自己身上的作为”发生在一个真实关系里。,周四,门徒生命一定会影响人与人的相处。读 约翰福音 4:27-30，问自己：想起一个具体的人，不停留在抽象的“爱人”；问自己：我可以听什么、说什么、给什么、承担什么？。选一个具体的人，少一点自我证明，多一点靠近与承担。你今天不需要解决这段关系的全部问题，只需要完成一个真实而善意的动作，并留意自己的心发生了什么。,,关系｜把跟随放进真实的人际关系,今天哪个关系最需要让我实践“向一个真实的人讲述主在自己身上的作为”？,想起一个具体的人，不停留在抽象的“爱人”；问自己：我可以听什么、说什么、给什么、承担什么？,今天让“向一个真实的人讲述主在自己身上的作为”发生在一个真实关系里，而不是停留在个人感受中。,你们要作我的｜见证｜周四关系｜今天你可以向,我在关系中的状态｜愿意主动｜想保持距离｜正在修复｜不知道怎么开口,今天选定一位具体的人，用一个可见动作实践“向一个真实的人讲述主在自己身上的作为”：主动联系、倾听、帮助、道歉、分享或代祷，六选一。,,V1.1｜第9–52周逐周具体内容已补全｜依据冻结版主题、每日经文与第1–8周确认的门训规则,本轮为内容制作稿；经文出处沿用冻结版，和合本全文与候选关键词仍须逐段核验。
152,22,周五,行动承诺,模块3｜活在群体中,从个人跟随进入教会关系与共同生活,你们要作我的见证,你们要作我的见证 · 周五行动,徒22：14-15,见证不是展示自己，而是为所看见、所经历的基督作真实见证；今天向一个人说出来。,让一个真实行动显出“跨出一次主动见证”正在改变我。,周五,回应就是把领受交在行动里。读 使徒行传 22:14-15，思想“用实际行动回应主的差遣。”对今天意味着什么。选择一个具体行动，并为它安排明确的时间。做完不要急着评估自己，而是回头看：我是否更愿意跟随？神又让我看见了什么？,,回应｜从跟随走向见证与承担,如果我真的相信“跨出一次主动见证”，今天会有什么不同？,把信仰从个人感受带向承担：选择一个人、一个场景或一项责任，用实际行动回应主的差遣。,今天让别人能够从我的一个真实行动，看见“跨出一次主动见证”正在改变我。,你们要作我的｜见证｜周五行动｜今天你如何用,我的回应状态｜已经确定一步｜正在寻找机会｜有惧怕｜需要同伴同行,今天把“跨出一次主动见证”带到一个真实的承担中：完成一次见证、服事、给予、修复关系或承担责任，并记录发生了什么。,,V1.1｜第9–52周逐周具体内容已补全｜依据冻结版主题、每日经文与第1–8周确认的门训规则,本轮为内容制作稿；经文出处沿用冻结版，和合本全文与候选关键词仍须逐段核验。
153,22,周六,轻回顾,模块3｜活在群体中,从个人跟随进入教会关系与共同生活,你们要作我的见证,回顾本周：你们要作我的见证,诗23：1-6,见证不是展示自己，而是为所看见、所经历的基督作真实见证；今天向一个人说出来。,回头看这一周：经文让我看见了什么，我真正走了哪一步？,周六,今天是回顾的一天。读 诗篇 23:1-6，回头看这一周，特别整理：不要只评价自己“做得好不好”，而是辨认：神让我看见了什么？我实际做了什么？下一步要继续什么？。不要只问“我做得好不好”，而要问三件事：神让我看见什么？我实际做了什么？下一步要继续什么？把一个真实学习写下来，再把下一步写成下周可以执行的动作。,,回顾｜看见本周发生了什么，并确定下一步,回头看七天，我在哪里真实经历了“回顾见证中的惧怕与恩典”？,不要只评价自己“做得好不好”，而是辨认：神让我看见了什么？我实际做了什么？下一步要继续什么？,今天从经历而不是感觉回顾“回顾见证中的惧怕与恩典”，辨认神的工作与下一步。,回顾本周｜你们要作我的｜见证｜这周你经历最,本周最接近我的状态｜有真实改变｜有看见但未落实｜正在挣扎｜准备重新开始,今天用10分钟完成本周回顾：写下“神让我看见什么／我实际做了什么／下一步继续什么”，并把下一步写成一个下周可执行的动作。,本周总结｜主题“你们要作我的见证”。回顾“知道自己为何作见证—回顾见证中的惧怕与恩典”：神让我看见______；我实际回应了______；下一步我要继续______。｜宣告：主仍在带领我，我愿继续跟随。,V1.1｜第9–52周逐周具体内容已补全｜依据冻结版主题、每日经文与第1–8周确认的门训规则,本轮为内容制作稿；经文出处沿用冻结版，和合本全文与候选关键词仍须逐段核验。
154,23,主日,主日信息入口,模块3｜活在群体中,从个人跟随进入教会关系与共同生活,圣灵降临,圣灵降临,徒2：1-21,让圣灵把人带成一个群体，今天少一点独自承担，多一次彼此分享与扶持。,让圣灵把人带成一个群体，今天少一点独自承担，多一次彼此分享与扶持。,主日,今天是新一周的起点。读 使徒行传 2:1-21，先观察经文如何把我们带到“圣灵降临”。留意主怎样带你从认识走向跟随。。不要要求自己一次改变很多，只需要认出一个最真实的回应方向，并为接下来的六天留下一个可以反复操练的生活位置。,,进入｜从主日信息进入本周,本周，我最需要面对的是：“领受圣灵并活在群体中”,先不急着回答，把主日经文放进你的生活：领受圣灵并活在群体中。留意主怎样带你从认识走向跟随。,本周不追求抽象改变，只在一个真实生活场景中练习“领受圣灵并活在群体中”。,圣灵降临｜今天最触动你｜的是什么｜圣灵,今天最触动我的状态｜很有共鸣｜有一点挣扎｜还不清楚｜愿意开始,用3分钟写下本周回应：“主啊，在领受圣灵并活在群体中上，我愿意跟随你。”再选定一个本周每天都可以提醒自己的具体场景。,,V1.1｜第9–52周逐周具体内容已补全｜依据冻结版主题、每日经文与第1–8周确认的门训规则,本轮为内容制作稿；经文出处沿用冻结版，和合本全文与候选关键词仍须逐段核验。
155,23,周一,拓宽眼界,模块3｜活在群体中,从个人跟随进入教会关系与共同生活,圣灵降临,圣灵降临 · 周一默想,珥2：28-32,让圣灵把人带成一个群体，今天少一点独自承担，多一次彼此分享与扶持。,留意“留意圣灵如何改变群体关系”在我的选择、情绪或习惯中如何出现。,周一,今天不急着得到“正确答案”，而是练习观察。读 约珥书 2:28-32，留意“再问自己：我今天在哪里正在经历同样的事？（经文：圣灵降临 · 周一默想）”怎样显现在经文里，也怎样可能出现在你今天的生活中。选择一个固定场景停一分钟，看见自己真实的反应，并把它带到主面前。,,看见｜先看见经文与自己的处境,经文怎样让我看见“留意圣灵如何改变群体关系”？,先观察经文中的人物、行动和张力，再问自己：我今天在哪里正在经历同样的事？（经文：圣灵降临 · 周一默想）,今天先看见，不急着改变；留意“留意圣灵如何改变群体关系”在我的选择、情绪或习惯中如何出现。,圣灵降临｜周一默想｜圣灵浇灌凡有｜血气的应许如,今天我的状态｜已经看见｜有些模糊｜容易忽略｜愿意留意,今天选一个固定场景（通勤、工作、吃饭或睡前），停下来1分钟，记录一次“留意圣灵如何改变群体关系”在自己身上的真实表现。,,V1.1｜第9–52周逐周具体内容已补全｜依据冻结版主题、每日经文与第1–8周确认的门训规则,本轮为内容制作稿；经文出处沿用冻结版，和合本全文与候选关键词仍须逐段核验。
156,23,周二,深入省察,模块3｜活在群体中,从个人跟随进入教会关系与共同生活,圣灵降临,圣灵降临 · 周二省察,弗4：25-32,让圣灵把人带成一个群体，今天少一点独自承担，多一次彼此分享与扶持。,诚实面对关于“省察言语、怒气与苦毒”的内在反应。,周二,今天从外在经文转向内在生命。读 以弗所书 4:25-32，诚实面对：不要先批评自己，也不要替自己辩护；诚实辨认背后的欲望、惧怕、骄傲或不信，并把它带到主面前。。不要先解释自己，也不要急着定罪自己。试着辨认这个反应背后更深的欲望、惧怕、骄傲或不信。省察不是自责，而是在神面前停止遮掩，愿意让主触碰真实的自己。,,省察｜先面对里面真实的反应,我为什么会在“省察言语、怒气与苦毒”上有这样的反应？,不要先批评自己，也不要替自己辩护；诚实辨认背后的欲望、惧怕、骄傲或不信，并把它带到主面前。,今天诚实面对一个关于“省察言语、怒气与苦毒”的内在反应，不用属灵话语遮盖它。,圣灵降临｜周二省察｜你是否有｜叫圣灵担忧,我最接近的状态｜愿意面对｜有点抗拒｜容易解释自己｜需要别人陪伴,今天安静5分钟，不为自己辩解，只写下“省察言语、怒气与苦毒”引出的一个惧怕、欲望或惯性，然后用一句祷告交给主。,,V1.1｜第9–52周逐周具体内容已补全｜依据冻结版主题、每日经文与第1–8周确认的门训规则,本轮为内容制作稿；经文出处沿用冻结版，和合本全文与候选关键词仍须逐段核验。
157,23,周三,生活应用,模块3｜活在群体中,从个人跟随进入教会关系与共同生活,圣灵降临,圣灵降临 · 周三应用,加5：16-25,让圣灵把人带成一个群体，今天少一点独自承担，多一次彼此分享与扶持。,把“选择圣灵所结的果子中的一项操练”放进一个具体决定，用一个小行动回应经文。,周三,今天让“知道”变成“去做”。读 加拉太书 5:16-25，思考“不要追求大改变，只走清楚的一步。”在你的现实处境中最小的下一步是什么。把行动限定在十分钟左右，越具体越好。做完后记下一句话：我做了什么？有什么阻力？主让我看见什么？,,行动｜把经文落到一个今天能做的选择,今天我可以怎样把“选择圣灵所结的果子中的一项操练”做出来？,把原则缩小到今天：一个时间点、一个决定、一个动作就够。不要追求大改变，只走清楚的一步。,今天把“选择圣灵所结的果子中的一项操练”放进一个具体决定，用一个小行动回应经文。,圣灵降临｜周三应用｜今天你如何｜顺着圣灵而行,我的行动准备度｜现在就能做｜需要一点计划｜需要别人提醒｜暂时还没想到,今天安排一个明确时间点，把“选择圣灵所结的果子中的一项操练”变成一个10分钟以内的行动，并在完成后记下一个结果。,,V1.1｜第9–52周逐周具体内容已补全｜依据冻结版主题、每日经文与第1–8周确认的门训规则,本轮为内容制作稿；经文出处沿用冻结版，和合本全文与候选关键词仍须逐段核验。
158,23,周四,关系实践,模块3｜活在群体中,从个人跟随进入教会关系与共同生活,圣灵降临,圣灵降临 · 周四关系,徒4：23-31,让圣灵把人带成一个群体，今天少一点独自承担，多一次彼此分享与扶持。,让“与肢体一起祷告寻求主”发生在一个真实关系里。,周四,今天观察自己怎样对待别人，也让经文重新整理这种关系。读 使徒行传 4:23-31，围绕“想起一个具体的人，不停留在抽象的“爱人”；问自己：我可以听什么、说什么、给什么、承担什么？”作一个具体决定。找一个人，主动走近一步；可以是一句话、一次倾听、一次帮助或一次代祷。真实关系中的小小顺服，就是门徒训练的一部分。,,关系｜把跟随放进真实的人际关系,今天哪个关系最需要让我实践“与肢体一起祷告寻求主”？,想起一个具体的人，不停留在抽象的“爱人”；问自己：我可以听什么、说什么、给什么、承担什么？,今天让“与肢体一起祷告寻求主”发生在一个真实关系里，而不是停留在个人感受中。,圣灵降临｜周四关系｜今天你可以与｜谁一同被圣灵,我在关系中的状态｜愿意主动｜想保持距离｜正在修复｜不知道怎么开口,今天选定一位具体的人，用一个可见动作实践“与肢体一起祷告寻求主”：主动联系、倾听、帮助、道歉、分享或代祷，六选一。,,V1.1｜第9–52周逐周具体内容已补全｜依据冻结版主题、每日经文与第1–8周确认的门训规则,本轮为内容制作稿；经文出处沿用冻结版，和合本全文与候选关键词仍须逐段核验。
159,23,周五,行动承诺,模块3｜活在群体中,从个人跟随进入教会关系与共同生活,圣灵降临,圣灵降临 · 周五行动,徒1：4-5,让圣灵把人带成一个群体，今天少一点独自承担，多一次彼此分享与扶持。,让一个真实行动显出“为一次具体需要同心祈求”正在改变我。,周五,今天来到回应与承担。读 使徒行传 1:4-5，问自己：用实际行动回应主的差遣。。把信仰从个人感受带向一个具体的人、一项责任或一个见证行动。不要追求被看见，只求忠心。完成之后写下发生了什么，让你自己的行动成为一个可以被回顾、也可以被分享的见证。,,回应｜从跟随走向见证与承担,如果我真的相信“为一次具体需要同心祈求”，今天会有什么不同？,把信仰从个人感受带向承担：选择一个人、一个场景或一项责任，用实际行动回应主的差遣。,今天让别人能够从我的一个真实行动，看见“为一次具体需要同心祈求”正在改变我。,圣灵降临｜周五行动｜今天你如何等｜候圣灵的工作,我的回应状态｜已经确定一步｜正在寻找机会｜有惧怕｜需要同伴同行,今天把“为一次具体需要同心祈求”带到一个真实的承担中：完成一次见证、服事、给予、修复关系或承担责任，并记录发生了什么。,,V1.1｜第9–52周逐周具体内容已补全｜依据冻结版主题、每日经文与第1–8周确认的门训规则,本轮为内容制作稿；经文出处沿用冻结版，和合本全文与候选关键词仍须逐段核验。
160,23,周六,轻回顾,模块3｜活在群体中,从个人跟随进入教会关系与共同生活,圣灵降临,回顾本周：圣灵降临,诗23：1-6,让圣灵把人带成一个群体，今天少一点独自承担，多一次彼此分享与扶持。,回头看这一周：经文让我看见了什么，我真正走了哪一步？,周六,读 诗篇 23:1-6，安静回看这七天的经历：哪些地方有顺服，哪些地方仍在挣扎，哪里看见神的带领？特别思考“不要只评价自己“做得好不好”，而是辨认：神让我看见了什么？我实际做了什么？下一步要继续什么？”。今天把本周浓缩成“一个看见、一个行动、一个下一步”，让回顾成为继续跟随的桥梁。,,回顾｜看见本周发生了什么，并确定下一步,回头看七天，我在哪里真实经历了“回顾群体关系是否更有圣灵的果子”？,不要只评价自己“做得好不好”，而是辨认：神让我看见了什么？我实际做了什么？下一步要继续什么？,今天从经历而不是感觉回顾“回顾群体关系是否更有圣灵的果子”，辨认神的工作与下一步。,回顾本周｜圣灵降临｜这周你经历最｜多的是什么,本周最接近我的状态｜有真实改变｜有看见但未落实｜正在挣扎｜准备重新开始,今天用10分钟完成本周回顾：写下“神让我看见什么／我实际做了什么／下一步继续什么”，并把下一步写成一个下周可执行的动作。,本周总结｜主题“圣灵降临”。回顾“领受圣灵并活在群体中—回顾群体关系是否更有圣灵的果子”：神让我看见______；我实际回应了______；下一步我要继续______。｜宣告：主仍在带领我，我愿继续跟随。,V1.1｜第9–52周逐周具体内容已补全｜依据冻结版主题、每日经文与第1–8周确认的门训规则,本轮为内容制作稿；经文出处沿用冻结版，和合本全文与候选关键词仍须逐段核验。
161,24,主日,主日信息入口,模块3｜活在群体中,从个人跟随进入教会关系与共同生活,你们当悔改,你们当悔改,徒2：22-41,悔改就是转向神；今天停止一个旧方向，转向一个更具体的顺服。,悔改就是转向神；今天停止一个旧方向，转向一个更具体的顺服。,主日,今天把经文放在心里，也把自己放在经文面前。读 使徒行传 2:22-41，围绕“你们当悔改”安静片刻，思想：留意主怎样带你从认识走向跟随。。主日不是结束，而是进入本周门训的起点。今天选定一个具体场景，提醒自己在这一周继续回来面对这个主题。,,进入｜从主日信息进入本周,本周，我最需要面对的是：“悔改就是转向神”,先不急着回答，把主日经文放进你的生活：悔改就是转向神。留意主怎样带你从认识走向跟随。,本周不追求抽象改变，只在一个真实生活场景中练习“悔改就是转向神”。,你们当悔改｜今天最触动你｜的是什么｜十字架,今天最触动我的状态｜很有共鸣｜有一点挣扎｜还不清楚｜愿意开始,用3分钟写下本周回应：“主啊，在悔改就是转向神上，我愿意跟随你。”再选定一个本周每天都可以提醒自己的具体场景。,,V1.1｜第9–52周逐周具体内容已补全｜依据冻结版主题、每日经文与第1–8周确认的门训规则,本轮为内容制作稿；经文出处沿用冻结版，和合本全文与候选关键词仍须逐段核验。
162,24,周一,拓宽眼界,模块3｜活在群体中,从个人跟随进入教会关系与共同生活,你们当悔改,你们当悔改 · 周一默想,赛55：6-9,悔改就是转向神；今天停止一个旧方向，转向一个更具体的顺服。,留意“从神的恩慈看待悔改”在我的选择、情绪或习惯中如何出现。,周一,今天先学习看见。读 以赛亚书 55:6-9，不要急着批评或解决问题，留意经文让你看见什么：再问自己：我今天在哪里正在经历同样的事？（经文：你们当悔改 · 周一默想）。再回到自己的生活，观察一个真实反应、选择或习惯。门徒不是先表现得正确，而是先在神的光中看清楚自己。把今天看见的一件事记下来，作为后面回应的起点。,,看见｜先看见经文与自己的处境,经文怎样让我看见“从神的恩慈看待悔改”？,先观察经文中的人物、行动和张力，再问自己：我今天在哪里正在经历同样的事？（经文：你们当悔改 · 周一默想）,今天先看见，不急着改变；留意“从神的恩慈看待悔改”在我的选择、情绪或习惯中如何出现。,你们当悔改｜周一默想｜归向耶和华意｜味着什么,今天我的状态｜已经看见｜有些模糊｜容易忽略｜愿意留意,今天选一个固定场景（通勤、工作、吃饭或睡前），停下来1分钟，记录一次“从神的恩慈看待悔改”在自己身上的真实表现。,,V1.1｜第9–52周逐周具体内容已补全｜依据冻结版主题、每日经文与第1–8周确认的门训规则,本轮为内容制作稿；经文出处沿用冻结版，和合本全文与候选关键词仍须逐段核验。
163,24,周二,深入省察,模块3｜活在群体中,从个人跟随进入教会关系与共同生活,你们当悔改,你们当悔改 · 周二省察,林后7：8-11,悔改就是转向神；今天停止一个旧方向，转向一个更具体的顺服。,诚实面对关于“辨认把悔改变成自责或推诿的方式”的内在反应。,周二,今天给自己几分钟安静。读 哥林多后书 7:8-11，把经文所揭开的张力带回心里：不要先批评自己，也不要替自己辩护；诚实辨认背后的欲望、惧怕、骄傲或不信，并把它带到主面前。。问自己，我在什么地方正在重复同样的模式？不必马上找到解决方案，只需要说真话，并用一句简单的祷告把这份真实交给主。,,省察｜先面对里面真实的反应,我为什么会在“辨认把悔改变成自责或推诿的方式”上有这样的反应？,不要先批评自己，也不要替自己辩护；诚实辨认背后的欲望、惧怕、骄傲或不信，并把它带到主面前。,今天诚实面对一个关于“辨认把悔改变成自责或推诿的方式”的内在反应，不用属灵话语遮盖它。,你们当悔改｜周二省察｜你的悔改是｜世俗的忧愁,我最接近的状态｜愿意面对｜有点抗拒｜容易解释自己｜需要别人陪伴,今天安静5分钟，不为自己辩解，只写下“辨认把悔改变成自责或推诿的方式”引出的一个惧怕、欲望或惯性，然后用一句祷告交给主。,,V1.1｜第9–52周逐周具体内容已补全｜依据冻结版主题、每日经文与第1–8周确认的门训规则,本轮为内容制作稿；经文出处沿用冻结版，和合本全文与候选关键词仍须逐段核验。
164,24,周三,生活应用,模块3｜活在群体中,从个人跟随进入教会关系与共同生活,你们当悔改,你们当悔改 · 周三应用,路13：1-5,悔改就是转向神；今天停止一个旧方向，转向一个更具体的顺服。,把“在一个具体行为上转向神”放进一个具体决定，用一个小行动回应经文。,周三,不要等到条件完美才回应经文。读 路加福音 13:1-5，找出一个可以立即开始的动作，回应“不要追求大改变，只走清楚的一步。”。今天只走一步，但要真的走。行动之后，用一分钟回顾结果，让经验成为下一次跟随的依据。,,行动｜把经文落到一个今天能做的选择,今天我可以怎样把“在一个具体行为上转向神”做出来？,把原则缩小到今天：一个时间点、一个决定、一个动作就够。不要追求大改变，只走清楚的一步。,今天把“在一个具体行为上转向神”放进一个具体决定，用一个小行动回应经文。,你们当悔改｜周三应用｜今天你如何活｜悔改的果子,我的行动准备度｜现在就能做｜需要一点计划｜需要别人提醒｜暂时还没想到,今天安排一个明确时间点，把“在一个具体行为上转向神”变成一个10分钟以内的行动，并在完成后记下一个结果。,,V1.1｜第9–52周逐周具体内容已补全｜依据冻结版主题、每日经文与第1–8周确认的门训规则,本轮为内容制作稿；经文出处沿用冻结版，和合本全文与候选关键词仍须逐段核验。
165,24,周四,关系实践,模块3｜活在群体中,从个人跟随进入教会关系与共同生活,你们当悔改,你们当悔改 · 周四关系,徒3：17-21,悔改就是转向神；今天停止一个旧方向，转向一个更具体的顺服。,让“向需要知道的人承认并修复”发生在一个真实关系里。,周四,今天把跟随带进一个人的名字。读 使徒行传 3:17-21，思想：想起一个具体的人，不停留在抽象的“爱人”；问自己：我可以听什么、说什么、给什么、承担什么？。想起一段真实关系，不停留在“我要更有爱心”的想法，而是决定一个看得见的动作：认真倾听、主动帮助、道歉、感谢、分享或代祷。让今天的经文通过你的关系被活出来。,,关系｜把跟随放进真实的人际关系,今天哪个关系最需要让我实践“向需要知道的人承认并修复”？,想起一个具体的人，不停留在抽象的“爱人”；问自己：我可以听什么、说什么、给什么、承担什么？,今天让“向需要知道的人承认并修复”发生在一个真实关系里，而不是停留在个人感受中。,你们当悔改｜周四关系｜今天你可以如｜何劝人,我在关系中的状态｜愿意主动｜想保持距离｜正在修复｜不知道怎么开口,今天选定一位具体的人，用一个可见动作实践“向需要知道的人承认并修复”：主动联系、倾听、帮助、道歉、分享或代祷，六选一。,,V1.1｜第9–52周逐周具体内容已补全｜依据冻结版主题、每日经文与第1–8周确认的门训规则,本轮为内容制作稿；经文出处沿用冻结版，和合本全文与候选关键词仍须逐段核验。
166,24,周五,行动承诺,模块3｜活在群体中,从个人跟随进入教会关系与共同生活,你们当悔改,你们当悔改 · 周五行动,可1：14-15,悔改就是转向神；今天停止一个旧方向，转向一个更具体的顺服。,让一个真实行动显出“今天停止一个旧行为、开始一个新行动”正在改变我。,周五,今天的重点不是再多懂一点，而是愿意承担一步。读 马可福音 1:14-15，把“用实际行动回应主的差遣。”落实到现实生活。可以是一次服事、一次给予、一次修复关系、一次见证或一次责任。先忠心完成今天能做的，然后在神面前感谢祂的带领。,,回应｜从跟随走向见证与承担,如果我真的相信“今天停止一个旧行为、开始一个新行动”，今天会有什么不同？,把信仰从个人感受带向承担：选择一个人、一个场景或一项责任，用实际行动回应主的差遣。,今天让别人能够从我的一个真实行动，看见“今天停止一个旧行为、开始一个新行动”正在改变我。,你们当悔改｜周五行动｜今天你如何具｜体回应,我的回应状态｜已经确定一步｜正在寻找机会｜有惧怕｜需要同伴同行,今天把“今天停止一个旧行为、开始一个新行动”带到一个真实的承担中：完成一次见证、服事、给予、修复关系或承担责任，并记录发生了什么。,,V1.1｜第9–52周逐周具体内容已补全｜依据冻结版主题、每日经文与第1–8周确认的门训规则,本轮为内容制作稿；经文出处沿用冻结版，和合本全文与候选关键词仍须逐段核验。
167,24,周六,轻回顾,模块3｜活在群体中,从个人跟随进入教会关系与共同生活,你们当悔改,回顾本周：你们当悔改,诗23：1-6,悔改就是转向神；今天停止一个旧方向，转向一个更具体的顺服。,回头看这一周：经文让我看见了什么，我真正走了哪一步？,周六,回顾不是给自己打分，而是辨认神怎样工作。今天读 诗篇 23:1-6，整理你这一周在“不要只评价自己“做得好不好”，而是辨认：神让我看见了什么？我实际做了什么？下一步要继续什么？”上的经历。感谢已经发生的，也承认还没有改变的。最后写下一句本周总结，并确定一个可以带进下一周的小小行动。,,回顾｜看见本周发生了什么，并确定下一步,回头看七天，我在哪里真实经历了“回顾一项真正发生的转向”？,不要只评价自己“做得好不好”，而是辨认：神让我看见了什么？我实际做了什么？下一步要继续什么？,今天从经历而不是感觉回顾“回顾一项真正发生的转向”，辨认神的工作与下一步。,回顾本周｜你们当悔改｜这周你经历最｜多的是什么,本周最接近我的状态｜有真实改变｜有看见但未落实｜正在挣扎｜准备重新开始,今天用10分钟完成本周回顾：写下“神让我看见什么／我实际做了什么／下一步继续什么”，并把下一步写成一个下周可执行的动作。,本周总结｜主题“你们当悔改”。回顾“悔改就是转向神—回顾一项真正发生的转向”：神让我看见______；我实际回应了______；下一步我要继续______。｜宣告：主仍在带领我，我愿继续跟随。,V1.1｜第9–52周逐周具体内容已补全｜依据冻结版主题、每日经文与第1–8周确认的门训规则,本轮为内容制作稿；经文出处沿用冻结版，和合本全文与候选关键词仍须逐段核验。
168,25,主日,主日信息入口,模块3｜活在群体中,从个人跟随进入教会关系与共同生活,这样的教会,这样的教会,徒2：42-47,教会不是参加活动，而是一起学习、一起祷告、一起承担；今天进入一次真实的群体生活。,教会不是参加活动，而是一起学习、一起祷告、一起承担；今天进入一次真实的群体生活。,主日,今天先慢下来。读 使徒行传 2:42-47，让“这样的教会”成为这一周共同的入口。不要急着把主日信息变成更多知识，先问：留意主怎样带你从认识走向跟随。。把这个问题放进你真实的生活，找出一个本周愿意跟随主的场景。主日的领受要进入一周的生活，才会成为门徒的道路。,,进入｜从主日信息进入本周,本周，我最需要面对的是：“活出使徒行传式的群体”,先不急着回答，把主日经文放进你的生活：活出使徒行传式的群体。留意主怎样带你从认识走向跟随。,本周不追求抽象改变，只在一个真实生活场景中练习“活出使徒行传式的群体”。,这样的教会｜今天最触动你｜的是什么｜教导,今天最触动我的状态｜很有共鸣｜有一点挣扎｜还不清楚｜愿意开始,用3分钟写下本周回应：“主啊，在活出使徒行传式的群体上，我愿意跟随你。”再选定一个本周每天都可以提醒自己的具体场景。,,V1.1｜第9–52周逐周具体内容已补全｜依据冻结版主题、每日经文与第1–8周确认的门训规则,本轮为内容制作稿；经文出处沿用冻结版，和合本全文与候选关键词仍须逐段核验。
169,25,周一,拓宽眼界,模块3｜活在群体中,从个人跟随进入教会关系与共同生活,这样的教会,这样的教会 · 周一默想,弗4：1-6,教会不是参加活动，而是一起学习、一起祷告、一起承担；今天进入一次真实的群体生活。,留意“重新看教会不只是聚会而是共同生活”在我的选择、情绪或习惯中如何出现。,周一,读 以弗所书 4:1-6 时，先把注意力放在经文的人、行动和张力上。今天特别思想：再问自己：我今天在哪里正在经历同样的事？（经文：这样的教会 · 周一默想）。然后问自己，这件事在我的生活里有没有类似的位置？不要急着改变，先诚实记录一次。能够看见，是让神的话从纸面进入生命的第一步。,,看见｜先看见经文与自己的处境,经文怎样让我看见“重新看教会不只是聚会而是共同生活”？,先观察经文中的人物、行动和张力，再问自己：我今天在哪里正在经历同样的事？（经文：这样的教会 · 周一默想）,今天先看见，不急着改变；留意“重新看教会不只是聚会而是共同生活”在我的选择、情绪或习惯中如何出现。,这样的教会｜周一默想｜教会合一的根｜基是什么,今天我的状态｜已经看见｜有些模糊｜容易忽略｜愿意留意,今天选一个固定场景（通勤、工作、吃饭或睡前），停下来1分钟，记录一次“重新看教会不只是聚会而是共同生活”在自己身上的真实表现。,,V1.1｜第9–52周逐周具体内容已补全｜依据冻结版主题、每日经文与第1–8周确认的门训规则,本轮为内容制作稿；经文出处沿用冻结版，和合本全文与候选关键词仍须逐段核验。
170,25,周二,深入省察,模块3｜活在群体中,从个人跟随进入教会关系与共同生活,这样的教会,这样的教会 · 周二省察,林前12：12-27,教会不是参加活动，而是一起学习、一起祷告、一起承担；今天进入一次真实的群体生活。,诚实面对关于“面对孤立、旁观和只接受不承担”的内在反应。,周二,门徒训练不仅改变行为，也改变里面的动机。读 哥林多前书 12:12-27，认真面对“不要先批评自己，也不要替自己辩护；诚实辨认背后的欲望、惧怕、骄傲或不信，并把它带到主面前。”。当你察觉到防卫、焦虑、比较或自我保护时，不要赶快掩盖。把那个最真实的反应写下来，求主带你从看见走向悔改与信靠。,,省察｜先面对里面真实的反应,我为什么会在“面对孤立、旁观和只接受不承担”上有这样的反应？,不要先批评自己，也不要替自己辩护；诚实辨认背后的欲望、惧怕、骄傲或不信，并把它带到主面前。,今天诚实面对一个关于“面对孤立、旁观和只接受不承担”的内在反应，不用属灵话语遮盖它。,这样的教会｜周二省察｜你是否觉得在｜教会中自己是,我最接近的状态｜愿意面对｜有点抗拒｜容易解释自己｜需要别人陪伴,今天安静5分钟，不为自己辩解，只写下“面对孤立、旁观和只接受不承担”引出的一个惧怕、欲望或惯性，然后用一句祷告交给主。,,V1.1｜第9–52周逐周具体内容已补全｜依据冻结版主题、每日经文与第1–8周确认的门训规则,本轮为内容制作稿；经文出处沿用冻结版，和合本全文与候选关键词仍须逐段核验。
171,25,周三,生活应用,模块3｜活在群体中,从个人跟随进入教会关系与共同生活,这样的教会,这样的教会 · 周三应用,来10：19-25,教会不是参加活动，而是一起学习、一起祷告、一起承担；今天进入一次真实的群体生活。,把“主动参加一个真实的群体行动”放进一个具体决定，用一个小行动回应经文。,周三,今天把经文缩小成一个选择。读 希伯来书 10:19-25，问自己：不要追求大改变，只走清楚的一步。。不要设计一个很大的计划，只找一个今天能完成的小行动。门徒的成长常常发生在普通时间、普通决定和普通责任里。选定时间点去做，完成后再回看它带来了什么改变。,,行动｜把经文落到一个今天能做的选择,今天我可以怎样把“主动参加一个真实的群体行动”做出来？,把原则缩小到今天：一个时间点、一个决定、一个动作就够。不要追求大改变，只走清楚的一步。,今天把“主动参加一个真实的群体行动”放进一个具体决定，用一个小行动回应经文。,这样的教会｜周三应用｜今天你如何｜不可停止聚会,我的行动准备度｜现在就能做｜需要一点计划｜需要别人提醒｜暂时还没想到,今天安排一个明确时间点，把“主动参加一个真实的群体行动”变成一个10分钟以内的行动，并在完成后记下一个结果。,,V1.1｜第9–52周逐周具体内容已补全｜依据冻结版主题、每日经文与第1–8周确认的门训规则,本轮为内容制作稿；经文出处沿用冻结版，和合本全文与候选关键词仍须逐段核验。
172,25,周四,关系实践,模块3｜活在群体中,从个人跟随进入教会关系与共同生活,这样的教会,这样的教会 · 周四关系,徒2：44-47,教会不是参加活动，而是一起学习、一起祷告、一起承担；今天进入一次真实的群体生活。,让“分享时间、物质与需要”发生在一个真实关系里。,周四,门徒生命一定会影响人与人的相处。读 使徒行传 2:44-47，问自己：想起一个具体的人，不停留在抽象的“爱人”；问自己：我可以听什么、说什么、给什么、承担什么？。选一个具体的人，少一点自我证明，多一点靠近与承担。你今天不需要解决这段关系的全部问题，只需要完成一个真实而善意的动作，并留意自己的心发生了什么。,,关系｜把跟随放进真实的人际关系,今天哪个关系最需要让我实践“分享时间、物质与需要”？,想起一个具体的人，不停留在抽象的“爱人”；问自己：我可以听什么、说什么、给什么、承担什么？,今天让“分享时间、物质与需要”发生在一个真实关系里，而不是停留在个人感受中。,这样的教会｜周四关系｜今天你可以与｜凡物公用,我在关系中的状态｜愿意主动｜想保持距离｜正在修复｜不知道怎么开口,今天选定一位具体的人，用一个可见动作实践“分享时间、物质与需要”：主动联系、倾听、帮助、道歉、分享或代祷，六选一。,,V1.1｜第9–52周逐周具体内容已补全｜依据冻结版主题、每日经文与第1–8周确认的门训规则,本轮为内容制作稿；经文出处沿用冻结版，和合本全文与候选关键词仍须逐段核验。
173,25,周五,行动承诺,模块3｜活在群体中,从个人跟随进入教会关系与共同生活,这样的教会,这样的教会 · 周五行动,雅5：13-16,教会不是参加活动，而是一起学习、一起祷告、一起承担；今天进入一次真实的群体生活。,让一个真实行动显出“彼此代求并承担一项服事”正在改变我。,周五,回应就是把领受交在行动里。读 雅各书 5:13-16，思想“用实际行动回应主的差遣。”对今天意味着什么。选择一个具体行动，并为它安排明确的时间。做完不要急着评估自己，而是回头看：我是否更愿意跟随？神又让我看见了什么？,,回应｜从跟随走向见证与承担,如果我真的相信“彼此代求并承担一项服事”，今天会有什么不同？,把信仰从个人感受带向承担：选择一个人、一个场景或一项责任，用实际行动回应主的差遣。,今天让别人能够从我的一个真实行动，看见“彼此代求并承担一项服事”正在改变我。,这样的教会｜周五行动｜今天你如何实｜互相代求,我的回应状态｜已经确定一步｜正在寻找机会｜有惧怕｜需要同伴同行,今天把“彼此代求并承担一项服事”带到一个真实的承担中：完成一次见证、服事、给予、修复关系或承担责任，并记录发生了什么。,,V1.1｜第9–52周逐周具体内容已补全｜依据冻结版主题、每日经文与第1–8周确认的门训规则,本轮为内容制作稿；经文出处沿用冻结版，和合本全文与候选关键词仍须逐段核验。
174,25,周六,轻回顾,模块3｜活在群体中,从个人跟随进入教会关系与共同生活,这样的教会,回顾本周：这样的教会,诗23：1-6,教会不是参加活动，而是一起学习、一起祷告、一起承担；今天进入一次真实的群体生活。,回头看这一周：经文让我看见了什么，我真正走了哪一步？,周六,今天是回顾的一天。读 诗篇 23:1-6，回头看这一周，特别整理：不要只评价自己“做得好不好”，而是辨认：神让我看见了什么？我实际做了什么？下一步要继续什么？。不要只问“我做得好不好”，而要问三件事：神让我看见什么？我实际做了什么？下一步要继续什么？把一个真实学习写下来，再把下一步写成下周可以执行的动作。,,回顾｜看见本周发生了什么，并确定下一步,回头看七天，我在哪里真实经历了“回顾自己从消费者走向参与者了吗”？,不要只评价自己“做得好不好”，而是辨认：神让我看见了什么？我实际做了什么？下一步要继续什么？,今天从经历而不是感觉回顾“回顾自己从消费者走向参与者了吗”，辨认神的工作与下一步。,回顾本周｜这样的教会｜这周你经历最｜多的是什么,本周最接近我的状态｜有真实改变｜有看见但未落实｜正在挣扎｜准备重新开始,今天用10分钟完成本周回顾：写下“神让我看见什么／我实际做了什么／下一步继续什么”，并把下一步写成一个下周可执行的动作。,本周总结｜主题“这样的教会”。回顾“活出使徒行传式的群体—回顾自己从消费者走向参与者了吗”：神让我看见______；我实际回应了______；下一步我要继续______。｜宣告：主仍在带领我，我愿继续跟随。,V1.1｜第9–52周逐周具体内容已补全｜依据冻结版主题、每日经文与第1–8周确认的门训规则,本轮为内容制作稿；经文出处沿用冻结版，和合本全文与候选关键词仍须逐段核验。
175,26,主日,主日信息入口,模块3｜活在群体中,从个人跟随进入教会关系与共同生活,没有人缺乏,没有人缺乏,徒4：32-37,在基督的身体里彼此顾念，今天留意一个人的缺乏，并用实际行动回应。,在基督的身体里彼此顾念，今天留意一个人的缺乏，并用实际行动回应。,主日,今天是新一周的起点。读 使徒行传 4:32-37，先观察经文如何把我们带到“没有人缺乏”。留意主怎样带你从认识走向跟随。。不要要求自己一次改变很多，只需要认出一个最真实的回应方向，并为接下来的六天留下一个可以反复操练的生活位置。,,进入｜从主日信息进入本周,本周，我最需要面对的是：“在主里没有人缺乏”,先不急着回答，把主日经文放进你的生活：在主里没有人缺乏。留意主怎样带你从认识走向跟随。,本周不追求抽象改变，只在一个真实生活场景中练习“在主里没有人缺乏”。,没有人缺乏｜今天最触动你｜的是什么｜同心,今天最触动我的状态｜很有共鸣｜有一点挣扎｜还不清楚｜愿意开始,用3分钟写下本周回应：“主啊，在在主里没有人缺乏上，我愿意跟随你。”再选定一个本周每天都可以提醒自己的具体场景。,,V1.1｜第9–52周逐周具体内容已补全｜依据冻结版主题、每日经文与第1–8周确认的门训规则,本轮为内容制作稿；经文出处沿用冻结版，和合本全文与候选关键词仍须逐段核验。
176,26,周一,拓宽眼界,模块3｜活在群体中,从个人跟随进入教会关系与共同生活,没有人缺乏,没有人缺乏 · 周一默想,申15：7-11,在基督的身体里彼此顾念，今天留意一个人的缺乏，并用实际行动回应。,留意“从所有权转向管家身份”在我的选择、情绪或习惯中如何出现。,周一,今天不急着得到“正确答案”，而是练习观察。读 申命记 15:7-11，留意“再问自己：我今天在哪里正在经历同样的事？（经文：没有人缺乏 · 周一默想）”怎样显现在经文里，也怎样可能出现在你今天的生活中。选择一个固定场景停一分钟，看见自己真实的反应，并把它带到主面前。,,看见｜先看见经文与自己的处境,经文怎样让我看见“从所有权转向管家身份”？,先观察经文中的人物、行动和张力，再问自己：我今天在哪里正在经历同样的事？（经文：没有人缺乏 · 周一默想）,今天先看见，不急着改变；留意“从所有权转向管家身份”在我的选择、情绪或习惯中如何出现。,没有人缺乏｜周一默想｜在神眼中｜没有穷乏人,今天我的状态｜已经看见｜有些模糊｜容易忽略｜愿意留意,今天选一个固定场景（通勤、工作、吃饭或睡前），停下来1分钟，记录一次“从所有权转向管家身份”在自己身上的真实表现。,,V1.1｜第9–52周逐周具体内容已补全｜依据冻结版主题、每日经文与第1–8周确认的门训规则,本轮为内容制作稿；经文出处沿用冻结版，和合本全文与候选关键词仍须逐段核验。
177,26,周二,深入省察,模块3｜活在群体中,从个人跟随进入教会关系与共同生活,没有人缺乏,没有人缺乏 · 周二省察,太19：16-22,在基督的身体里彼此顾念，今天留意一个人的缺乏，并用实际行动回应。,诚实面对关于“面对舍不得、比较与不信任”的内在反应。,周二,今天从外在经文转向内在生命。读 马太福音 19:16-22，诚实面对：不要先批评自己，也不要替自己辩护；诚实辨认背后的欲望、惧怕、骄傲或不信，并把它带到主面前。。不要先解释自己，也不要急着定罪自己。试着辨认这个反应背后更深的欲望、惧怕、骄傲或不信。省察不是自责，而是在神面前停止遮掩，愿意让主触碰真实的自己。,,省察｜先面对里面真实的反应,我为什么会在“面对舍不得、比较与不信任”上有这样的反应？,不要先批评自己，也不要替自己辩护；诚实辨认背后的欲望、惧怕、骄傲或不信，并把它带到主面前。,今天诚实面对一个关于“面对舍不得、比较与不信任”的内在反应，不用属灵话语遮盖它。,没有人缺乏｜周二省察｜你是否｜产业很多,我最接近的状态｜愿意面对｜有点抗拒｜容易解释自己｜需要别人陪伴,今天安静5分钟，不为自己辩解，只写下“面对舍不得、比较与不信任”引出的一个惧怕、欲望或惯性，然后用一句祷告交给主。,,V1.1｜第9–52周逐周具体内容已补全｜依据冻结版主题、每日经文与第1–8周确认的门训规则,本轮为内容制作稿；经文出处沿用冻结版，和合本全文与候选关键词仍须逐段核验。
178,26,周三,生活应用,模块3｜活在群体中,从个人跟随进入教会关系与共同生活,没有人缺乏,没有人缺乏 · 周三应用,路3：10-14,在基督的身体里彼此顾念，今天留意一个人的缺乏，并用实际行动回应。,把“在资源使用上作一次调整”放进一个具体决定，用一个小行动回应经文。,周三,今天让“知道”变成“去做”。读 路加福音 3:10-14，思考“不要追求大改变，只走清楚的一步。”在你的现实处境中最小的下一步是什么。把行动限定在十分钟左右，越具体越好。做完后记下一句话：我做了什么？有什么阻力？主让我看见什么？,,行动｜把经文落到一个今天能做的选择,今天我可以怎样把“在资源使用上作一次调整”做出来？,把原则缩小到今天：一个时间点、一个决定、一个动作就够。不要追求大改变，只走清楚的一步。,今天把“在资源使用上作一次调整”放进一个具体决定，用一个小行动回应经文。,没有人缺乏｜周三应用｜今天你可以｜分给,我的行动准备度｜现在就能做｜需要一点计划｜需要别人提醒｜暂时还没想到,今天安排一个明确时间点，把“在资源使用上作一次调整”变成一个10分钟以内的行动，并在完成后记下一个结果。,,V1.1｜第9–52周逐周具体内容已补全｜依据冻结版主题、每日经文与第1–8周确认的门训规则,本轮为内容制作稿；经文出处沿用冻结版，和合本全文与候选关键词仍须逐段核验。
179,26,周四,关系实践,模块3｜活在群体中,从个人跟随进入教会关系与共同生活,没有人缺乏,没有人缺乏 · 周四关系,林后8：1-5,在基督的身体里彼此顾念，今天留意一个人的缺乏，并用实际行动回应。,让“主动分享时间、金钱或物品”发生在一个真实关系里。,周四,今天观察自己怎样对待别人，也让经文重新整理这种关系。读 哥林多后书 8:1-5，围绕“想起一个具体的人，不停留在抽象的“爱人”；问自己：我可以听什么、说什么、给什么、承担什么？”作一个具体决定。找一个人，主动走近一步；可以是一句话、一次倾听、一次帮助或一次代祷。真实关系中的小小顺服，就是门徒训练的一部分。,,关系｜把跟随放进真实的人际关系,今天哪个关系最需要让我实践“主动分享时间、金钱或物品”？,想起一个具体的人，不停留在抽象的“爱人”；问自己：我可以听什么、说什么、给什么、承担什么？,今天让“主动分享时间、金钱或物品”发生在一个真实关系里，而不是停留在个人感受中。,没有人缺乏｜周四关系｜今天你可以像｜马其顿教会一,我在关系中的状态｜愿意主动｜想保持距离｜正在修复｜不知道怎么开口,今天选定一位具体的人，用一个可见动作实践“主动分享时间、金钱或物品”：主动联系、倾听、帮助、道歉、分享或代祷，六选一。,,V1.1｜第9–52周逐周具体内容已补全｜依据冻结版主题、每日经文与第1–8周确认的门训规则,本轮为内容制作稿；经文出处沿用冻结版，和合本全文与候选关键词仍须逐段核验。
180,26,周五,行动承诺,模块3｜活在群体中,从个人跟随进入教会关系与共同生活,没有人缺乏,没有人缺乏 · 周五行动,约一3：17-18,在基督的身体里彼此顾念，今天留意一个人的缺乏，并用实际行动回应。,让一个真实行动显出“把帮助落实给一位真实有需要的人”正在改变我。,周五,今天来到回应与承担。读 约翰一书 3:17-18，问自己：用实际行动回应主的差遣。。把信仰从个人感受带向一个具体的人、一项责任或一个见证行动。不要追求被看见，只求忠心。完成之后写下发生了什么，让你自己的行动成为一个可以被回顾、也可以被分享的见证。,,回应｜从跟随走向见证与承担,如果我真的相信“把帮助落实给一位真实有需要的人”，今天会有什么不同？,把信仰从个人感受带向承担：选择一个人、一个场景或一项责任，用实际行动回应主的差遣。,今天让别人能够从我的一个真实行动，看见“把帮助落实给一位真实有需要的人”正在改变我。,没有人缺乏｜周五行动｜今天你如何｜用行动,我的回应状态｜已经确定一步｜正在寻找机会｜有惧怕｜需要同伴同行,今天把“把帮助落实给一位真实有需要的人”带到一个真实的承担中：完成一次见证、服事、给予、修复关系或承担责任，并记录发生了什么。,,V1.1｜第9–52周逐周具体内容已补全｜依据冻结版主题、每日经文与第1–8周确认的门训规则,本轮为内容制作稿；经文出处沿用冻结版，和合本全文与候选关键词仍须逐段核验。
181,26,周六,轻回顾,模块3｜活在群体中,从个人跟随进入教会关系与共同生活,没有人缺乏,回顾本周：没有人缺乏,诗23：1-6,在基督的身体里彼此顾念，今天留意一个人的缺乏，并用实际行动回应。,回头看这一周：经文让我看见了什么，我真正走了哪一步？,周六,读 诗篇 23:1-6，安静回看这七天的经历：哪些地方有顺服，哪些地方仍在挣扎，哪里看见神的带领？特别思考“不要只评价自己“做得好不好”，而是辨认：神让我看见了什么？我实际做了什么？下一步要继续什么？”。今天把本周浓缩成“一个看见、一个行动、一个下一步”，让回顾成为继续跟随的桥梁。,,回顾｜看见本周发生了什么，并确定下一步,回头看七天，我在哪里真实经历了“回顾资源是否更愿意流向别人”？,不要只评价自己“做得好不好”，而是辨认：神让我看见了什么？我实际做了什么？下一步要继续什么？,今天从经历而不是感觉回顾“回顾资源是否更愿意流向别人”，辨认神的工作与下一步。,回顾本周｜没有人缺乏｜这周你经历最｜多的是什么,本周最接近我的状态｜有真实改变｜有看见但未落实｜正在挣扎｜准备重新开始,今天用10分钟完成本周回顾：写下“神让我看见什么／我实际做了什么／下一步继续什么”，并把下一步写成一个下周可执行的动作。,本周总结｜主题“没有人缺乏”。回顾“在主里没有人缺乏—回顾资源是否更愿意流向别人”：神让我看见______；我实际回应了______；下一步我要继续______。｜宣告：主仍在带领我，我愿继续跟随。,V1.1｜第9–52周逐周具体内容已补全｜依据冻结版主题、每日经文与第1–8周确认的门训规则,本轮为内容制作稿；经文出处沿用冻结版，和合本全文与候选关键词仍须逐段核验。
182,27,主日,主日信息入口,模块3｜活在群体中,从个人跟随进入教会关系与共同生活,服事也需要治理,服事也需要治理,徒6：1-7,服事既需要爱也需要治理，今天把一项混乱的责任处理清楚，好让人得到照顾。,服事既需要爱也需要治理，今天把一项混乱的责任处理清楚，好让人得到照顾。,主日,今天把经文放在心里，也把自己放在经文面前。读 使徒行传 6:1-7，围绕“服事也需要治理”安静片刻，思想：留意主怎样带你从认识走向跟随。。主日不是结束，而是进入本周门训的起点。今天选定一个具体场景，提醒自己在这一周继续回来面对这个主题。,,进入｜从主日信息进入本周,本周，我最需要面对的是：“服事需要属灵与实际治理”,先不急着回答，把主日经文放进你的生活：服事需要属灵与实际治理。留意主怎样带你从认识走向跟随。,本周不追求抽象改变，只在一个真实生活场景中练习“服事需要属灵与实际治理”。,服事也需要治｜今天最触动你｜的是什么｜怨言,今天最触动我的状态｜很有共鸣｜有一点挣扎｜还不清楚｜愿意开始,用3分钟写下本周回应：“主啊，在服事需要属灵与实际治理上，我愿意跟随你。”再选定一个本周每天都可以提醒自己的具体场景。,,V1.1｜第9–52周逐周具体内容已补全｜依据冻结版主题、每日经文与第1–8周确认的门训规则,本轮为内容制作稿；经文出处沿用冻结版，和合本全文与候选关键词仍须逐段核验。
183,27,周一,拓宽眼界,模块3｜活在群体中,从个人跟随进入教会关系与共同生活,服事也需要治理,服事也需要治理 · 周一默想,出18：13-27,服事既需要爱也需要治理，今天把一项混乱的责任处理清楚，好让人得到照顾。,留意“看见问题、角色与责任”在我的选择、情绪或习惯中如何出现。,周一,今天先学习看见。读 出埃及记 18:13-27，不要急着批评或解决问题，留意经文让你看见什么：再问自己：我今天在哪里正在经历同样的事？（经文：服事也需要治理 · 周一默想）。再回到自己的生活，观察一个真实反应、选择或习惯。门徒不是先表现得正确，而是先在神的光中看清楚自己。把今天看见的一件事记下来，作为后面回应的起点。,,看见｜先看见经文与自己的处境,经文怎样让我看见“看见问题、角色与责任”？,先观察经文中的人物、行动和张力，再问自己：我今天在哪里正在经历同样的事？（经文：服事也需要治理 · 周一默想）,今天先看见，不急着改变；留意“看见问题、角色与责任”在我的选择、情绪或习惯中如何出现。,服事也需要治｜周一默想｜分层的治理原｜则对今日教会,今天我的状态｜已经看见｜有些模糊｜容易忽略｜愿意留意,今天选一个固定场景（通勤、工作、吃饭或睡前），停下来1分钟，记录一次“看见问题、角色与责任”在自己身上的真实表现。,,V1.1｜第9–52周逐周具体内容已补全｜依据冻结版主题、每日经文与第1–8周确认的门训规则,本轮为内容制作稿；经文出处沿用冻结版，和合本全文与候选关键词仍须逐段核验。
184,27,周二,深入省察,模块3｜活在群体中,从个人跟随进入教会关系与共同生活,服事也需要治理,服事也需要治理 · 周二省察,林前14：26-33,服事既需要爱也需要治理，今天把一项混乱的责任处理清楚，好让人得到照顾。,诚实面对关于“省察控制、争功或逃避责任”的内在反应。,周二,今天给自己几分钟安静。读 哥林多前书 14:26-33，把经文所揭开的张力带回心里：不要先批评自己，也不要替自己辩护；诚实辨认背后的欲望、惧怕、骄傲或不信，并把它带到主面前。。问自己，我在什么地方正在重复同样的模式？不必马上找到解决方案，只需要说真话，并用一句简单的祷告把这份真实交给主。,,省察｜先面对里面真实的反应,我为什么会在“省察控制、争功或逃避责任”上有这样的反应？,不要先批评自己，也不要替自己辩护；诚实辨认背后的欲望、惧怕、骄傲或不信，并把它带到主面前。,今天诚实面对一个关于“省察控制、争功或逃避责任”的内在反应，不用属灵话语遮盖它。,服事也需要治｜周二省察｜你是否有｜混乱,我最接近的状态｜愿意面对｜有点抗拒｜容易解释自己｜需要别人陪伴,今天安静5分钟，不为自己辩解，只写下“省察控制、争功或逃避责任”引出的一个惧怕、欲望或惯性，然后用一句祷告交给主。,,V1.1｜第9–52周逐周具体内容已补全｜依据冻结版主题、每日经文与第1–8周确认的门训规则,本轮为内容制作稿；经文出处沿用冻结版，和合本全文与候选关键词仍须逐段核验。
185,27,周三,生活应用,模块3｜活在群体中,从个人跟随进入教会关系与共同生活,服事也需要治理,服事也需要治理 · 周三应用,提前3：1-7,服事既需要爱也需要治理，今天把一项混乱的责任处理清楚，好让人得到照顾。,把“把一项服事做得更有秩序”放进一个具体决定，用一个小行动回应经文。,周三,不要等到条件完美才回应经文。读 提摩太前书 3:1-7，找出一个可以立即开始的动作，回应“不要追求大改变，只走清楚的一步。”。今天只走一步，但要真的走。行动之后，用一分钟回顾结果，让经验成为下一次跟随的依据。,,行动｜把经文落到一个今天能做的选择,今天我可以怎样把“把一项服事做得更有秩序”做出来？,把原则缩小到今天：一个时间点、一个决定、一个动作就够。不要追求大改变，只走清楚的一步。,今天把“把一项服事做得更有秩序”放进一个具体决定，用一个小行动回应经文。,服事也需要治｜周三应用｜今天你如何在｜自己的岗位上,我的行动准备度｜现在就能做｜需要一点计划｜需要别人提醒｜暂时还没想到,今天安排一个明确时间点，把“把一项服事做得更有秩序”变成一个10分钟以内的行动，并在完成后记下一个结果。,,V1.1｜第9–52周逐周具体内容已补全｜依据冻结版主题、每日经文与第1–8周确认的门训规则,本轮为内容制作稿；经文出处沿用冻结版，和合本全文与候选关键词仍须逐段核验。
186,27,周四,关系实践,模块3｜活在群体中,从个人跟随进入教会关系与共同生活,服事也需要治理,服事也需要治理 · 周四关系,徒6：1-7,服事既需要爱也需要治理，今天把一项混乱的责任处理清楚，好让人得到照顾。,让“主动协调、分担并尊重角色”发生在一个真实关系里。,周四,今天把跟随带进一个人的名字。读 使徒行传 6:1-7，思想：想起一个具体的人，不停留在抽象的“爱人”；问自己：我可以听什么、说什么、给什么、承担什么？。想起一段真实关系，不停留在“我要更有爱心”的想法，而是决定一个看得见的动作：认真倾听、主动帮助、道歉、感谢、分享或代祷。让今天的经文通过你的关系被活出来。,,关系｜把跟随放进真实的人际关系,今天哪个关系最需要让我实践“主动协调、分担并尊重角色”？,想起一个具体的人，不停留在抽象的“爱人”；问自己：我可以听什么、说什么、给什么、承担什么？,今天让“主动协调、分担并尊重角色”发生在一个真实关系里，而不是停留在个人感受中。,服事也需要治｜周四关系｜今天你可以如｜派他们管理这,我在关系中的状态｜愿意主动｜想保持距离｜正在修复｜不知道怎么开口,今天选定一位具体的人，用一个可见动作实践“主动协调、分担并尊重角色”：主动联系、倾听、帮助、道歉、分享或代祷，六选一。,,V1.1｜第9–52周逐周具体内容已补全｜依据冻结版主题、每日经文与第1–8周确认的门训规则,本轮为内容制作稿；经文出处沿用冻结版，和合本全文与候选关键词仍须逐段核验。
187,27,周五,行动承诺,模块3｜活在群体中,从个人跟随进入教会关系与共同生活,服事也需要治理,服事也需要治理 · 周五行动,路16：10-12,服事既需要爱也需要治理，今天把一项混乱的责任处理清楚，好让人得到照顾。,让一个真实行动显出“忠心处理一个小而重要的责任”正在改变我。,周五,今天的重点不是再多懂一点，而是愿意承担一步。读 路加福音 16:10-12，把“用实际行动回应主的差遣。”落实到现实生活。可以是一次服事、一次给予、一次修复关系、一次见证或一次责任。先忠心完成今天能做的，然后在神面前感谢祂的带领。,,回应｜从跟随走向见证与承担,如果我真的相信“忠心处理一个小而重要的责任”，今天会有什么不同？,把信仰从个人感受带向承担：选择一个人、一个场景或一项责任，用实际行动回应主的差遣。,今天让别人能够从我的一个真实行动，看见“忠心处理一个小而重要的责任”正在改变我。,服事也需要治｜周五行动｜今天你如何在｜小事,我的回应状态｜已经确定一步｜正在寻找机会｜有惧怕｜需要同伴同行,今天把“忠心处理一个小而重要的责任”带到一个真实的承担中：完成一次见证、服事、给予、修复关系或承担责任，并记录发生了什么。,,V1.1｜第9–52周逐周具体内容已补全｜依据冻结版主题、每日经文与第1–8周确认的门训规则,本轮为内容制作稿；经文出处沿用冻结版，和合本全文与候选关键词仍须逐段核验。
188,27,周六,轻回顾,模块3｜活在群体中,从个人跟随进入教会关系与共同生活,服事也需要治理,回顾本周：服事也需要治理,诗23：1-6,服事既需要爱也需要治理，今天把一项混乱的责任处理清楚，好让人得到照顾。,回头看这一周：经文让我看见了什么，我真正走了哪一步？,周六,回顾不是给自己打分，而是辨认神怎样工作。今天读 诗篇 23:1-6，整理你这一周在“不要只评价自己“做得好不好”，而是辨认：神让我看见了什么？我实际做了什么？下一步要继续什么？”上的经历。感谢已经发生的，也承认还没有改变的。最后写下一句本周总结，并确定一个可以带进下一周的小小行动。,,回顾｜看见本周发生了什么，并确定下一步,回头看七天，我在哪里真实经历了“回顾自己是否更可靠、更可合作”？,不要只评价自己“做得好不好”，而是辨认：神让我看见了什么？我实际做了什么？下一步要继续什么？,今天从经历而不是感觉回顾“回顾自己是否更可靠、更可合作”，辨认神的工作与下一步。,回顾本周｜服事也需要治｜这周你经历最｜多的是什么,本周最接近我的状态｜有真实改变｜有看见但未落实｜正在挣扎｜准备重新开始,今天用10分钟完成本周回顾：写下“神让我看见什么／我实际做了什么／下一步继续什么”，并把下一步写成一个下周可执行的动作。,本周总结｜主题“服事也需要治理”。回顾“服事需要属灵与实际治理—回顾自己是否更可靠、更可合作”：神让我看见______；我实际回应了______；下一步我要继续______。｜宣告：主仍在带领我，我愿继续跟随。,V1.1｜第9–52周逐周具体内容已补全｜依据冻结版主题、每日经文与第1–8周确认的门训规则,本轮为内容制作稿；经文出处沿用冻结版，和合本全文与候选关键词仍须逐段核验。
189,28,主日,主日信息入口,模块4｜进入使命,从群体生活进入服事、见证与普世使命,为万民蒙福,为万民蒙福,创12：1-3,神赐福不是让我们停在自己身上，而是使我们成为祝福；今天主动祝福一个人。,神赐福不是让我们停在自己身上，而是使我们成为祝福；今天主动祝福一个人。,主日,今天先慢下来。读 创世记 12:1-3，让“为万民蒙福”成为这一周共同的入口。不要急着把主日信息变成更多知识，先问：留意主怎样带你从认识走向跟随。。把这个问题放进你真实的生活，找出一个本周愿意跟随主的场景。主日的领受要进入一周的生活，才会成为门徒的道路。,,进入｜从主日信息进入本周,本周，我最需要面对的是：“成为万民蒙福的祝福”,先不急着回答，把主日经文放进你的生活：成为万民蒙福的祝福。留意主怎样带你从认识走向跟随。,本周不追求抽象改变，只在一个真实生活场景中练习“成为万民蒙福的祝福”。,为万民蒙福｜今天最触动你｜的是什么｜离开,今天最触动我的状态｜很有共鸣｜有一点挣扎｜还不清楚｜愿意开始,用3分钟写下本周回应：“主啊，在成为万民蒙福的祝福上，我愿意跟随你。”再选定一个本周每天都可以提醒自己的具体场景。,,V1.1｜第9–52周逐周具体内容已补全｜依据冻结版主题、每日经文与第1–8周确认的门训规则,本轮为内容制作稿；经文出处沿用冻结版，和合本全文与候选关键词仍须逐段核验。
190,28,周一,拓宽眼界,模块4｜进入使命,从群体生活进入服事、见证与普世使命,为万民蒙福,为万民蒙福 · 周一默想,赛42：1-4,神赐福不是让我们停在自己身上，而是使我们成为祝福；今天主动祝福一个人。,留意“从蒙召者转向被差遣者”在我的选择、情绪或习惯中如何出现。,周一,读 以赛亚书 42:1-4 时，先把注意力放在经文的人、行动和张力上。今天特别思想：再问自己：我今天在哪里正在经历同样的事？（经文：为万民蒙福 · 周一默想）。然后问自己，这件事在我的生活里有没有类似的位置？不要急着改变，先诚实记录一次。能够看见，是让神的话从纸面进入生命的第一步。,,看见｜先看见经文与自己的处境,经文怎样让我看见“从蒙召者转向被差遣者”？,先观察经文中的人物、行动和张力，再问自己：我今天在哪里正在经历同样的事？（经文：为万民蒙福 · 周一默想）,今天先看见，不急着改变；留意“从蒙召者转向被差遣者”在我的选择、情绪或习惯中如何出现。,为万民蒙福｜周一默想｜公理将传于外｜如何塑造你的,今天我的状态｜已经看见｜有些模糊｜容易忽略｜愿意留意,今天选一个固定场景（通勤、工作、吃饭或睡前），停下来1分钟，记录一次“从蒙召者转向被差遣者”在自己身上的真实表现。,,V1.1｜第9–52周逐周具体内容已补全｜依据冻结版主题、每日经文与第1–8周确认的门训规则,本轮为内容制作稿；经文出处沿用冻结版，和合本全文与候选关键词仍须逐段核验。
191,28,周二,深入省察,模块4｜进入使命,从群体生活进入服事、见证与普世使命,为万民蒙福,为万民蒙福 · 周二省察,拿3：1-10,神赐福不是让我们停在自己身上，而是使我们成为祝福；今天主动祝福一个人。,诚实面对关于“面对对陌生人群体的距离感”的内在反应。,周二,门徒训练不仅改变行为，也改变里面的动机。读 约拿书 3:1-10，认真面对“不要先批评自己，也不要替自己辩护；诚实辨认背后的欲望、惧怕、骄傲或不信，并把它带到主面前。”。当你察觉到防卫、焦虑、比较或自我保护时，不要赶快掩盖。把那个最真实的反应写下来，求主带你从看见走向悔改与信靠。,,省察｜先面对里面真实的反应,我为什么会在“面对对陌生人群体的距离感”上有这样的反应？,不要先批评自己，也不要替自己辩护；诚实辨认背后的欲望、惧怕、骄傲或不信，并把它带到主面前。,今天诚实面对一个关于“面对对陌生人群体的距离感”的内在反应，不用属灵话语遮盖它。,为万民蒙福｜周二省察｜你是否像约拿｜一样有,我最接近的状态｜愿意面对｜有点抗拒｜容易解释自己｜需要别人陪伴,今天安静5分钟，不为自己辩解，只写下“面对对陌生人群体的距离感”引出的一个惧怕、欲望或惯性，然后用一句祷告交给主。,,V1.1｜第9–52周逐周具体内容已补全｜依据冻结版主题、每日经文与第1–8周确认的门训规则,本轮为内容制作稿；经文出处沿用冻结版，和合本全文与候选关键词仍须逐段核验。
192,28,周三,生活应用,模块4｜进入使命,从群体生活进入服事、见证与普世使命,为万民蒙福,为万民蒙福 · 周三应用,太28：18-20,神赐福不是让我们停在自己身上，而是使我们成为祝福；今天主动祝福一个人。,把“为一个族群、国家或城市祷告”放进一个具体决定，用一个小行动回应经文。,周三,今天把经文缩小成一个选择。读 马太福音 28:18-20，问自己：不要追求大改变，只走清楚的一步。。不要设计一个很大的计划，只找一个今天能完成的小行动。门徒的成长常常发生在普通时间、普通决定和普通责任里。选定时间点去做，完成后再回看它带来了什么改变。,,行动｜把经文落到一个今天能做的选择,今天我可以怎样把“为一个族群、国家或城市祷告”做出来？,把原则缩小到今天：一个时间点、一个决定、一个动作就够。不要追求大改变，只走清楚的一步。,今天把“为一个族群、国家或城市祷告”放进一个具体决定，用一个小行动回应经文。,为万民蒙福｜周三应用｜今天你如何为｜万民,我的行动准备度｜现在就能做｜需要一点计划｜需要别人提醒｜暂时还没想到,今天安排一个明确时间点，把“为一个族群、国家或城市祷告”变成一个10分钟以内的行动，并在完成后记下一个结果。,,V1.1｜第9–52周逐周具体内容已补全｜依据冻结版主题、每日经文与第1–8周确认的门训规则,本轮为内容制作稿；经文出处沿用冻结版，和合本全文与候选关键词仍须逐段核验。
193,28,周四,关系实践,模块4｜进入使命,从群体生活进入服事、见证与普世使命,为万民蒙福,为万民蒙福 · 周四关系,路24：45-48,神赐福不是让我们停在自己身上，而是使我们成为祝福；今天主动祝福一个人。,让“主动跨越一项文化或关系界线”发生在一个真实关系里。,周四,门徒生命一定会影响人与人的相处。读 路加福音 24:45-48，问自己：想起一个具体的人，不停留在抽象的“爱人”；问自己：我可以听什么、说什么、给什么、承担什么？。选一个具体的人，少一点自我证明，多一点靠近与承担。你今天不需要解决这段关系的全部问题，只需要完成一个真实而善意的动作，并留意自己的心发生了什么。,,关系｜把跟随放进真实的人际关系,今天哪个关系最需要让我实践“主动跨越一项文化或关系界线”？,想起一个具体的人，不停留在抽象的“爱人”；问自己：我可以听什么、说什么、给什么、承担什么？,今天让“主动跨越一项文化或关系界线”发生在一个真实关系里，而不是停留在个人感受中。,为万民蒙福｜周四关系｜今天你可以向｜谁传,我在关系中的状态｜愿意主动｜想保持距离｜正在修复｜不知道怎么开口,今天选定一位具体的人，用一个可见动作实践“主动跨越一项文化或关系界线”：主动联系、倾听、帮助、道歉、分享或代祷，六选一。,,V1.1｜第9–52周逐周具体内容已补全｜依据冻结版主题、每日经文与第1–8周确认的门训规则,本轮为内容制作稿；经文出处沿用冻结版，和合本全文与候选关键词仍须逐段核验。
194,28,周五,行动承诺,模块4｜进入使命,从群体生活进入服事、见证与普世使命,为万民蒙福,为万民蒙福 · 周五行动,徒10：1-8,神赐福不是让我们停在自己身上，而是使我们成为祝福；今天主动祝福一个人。,让一个真实行动显出“做一件把福音带向圈外人的事”正在改变我。,周五,回应就是把领受交在行动里。读 使徒行传 10:1-8，思想“用实际行动回应主的差遣。”对今天意味着什么。选择一个具体行动，并为它安排明确的时间。做完不要急着评估自己，而是回头看：我是否更愿意跟随？神又让我看见了什么？,,回应｜从跟随走向见证与承担,如果我真的相信“做一件把福音带向圈外人的事”，今天会有什么不同？,把信仰从个人感受带向承担：选择一个人、一个场景或一项责任，用实际行动回应主的差遣。,今天让别人能够从我的一个真实行动，看见“做一件把福音带向圈外人的事”正在改变我。,为万民蒙福｜周五行动｜今天你如何｜常常祷告,我的回应状态｜已经确定一步｜正在寻找机会｜有惧怕｜需要同伴同行,今天把“做一件把福音带向圈外人的事”带到一个真实的承担中：完成一次见证、服事、给予、修复关系或承担责任，并记录发生了什么。,,V1.1｜第9–52周逐周具体内容已补全｜依据冻结版主题、每日经文与第1–8周确认的门训规则,本轮为内容制作稿；经文出处沿用冻结版，和合本全文与候选关键词仍须逐段核验。
195,28,周六,轻回顾,模块4｜进入使命,从群体生活进入服事、见证与普世使命,为万民蒙福,回顾本周：为万民蒙福,诗23：1-6,神赐福不是让我们停在自己身上，而是使我们成为祝福；今天主动祝福一个人。,回头看这一周：经文让我看见了什么，我真正走了哪一步？,周六,今天是回顾的一天。读 诗篇 23:1-6，回头看这一周，特别整理：不要只评价自己“做得好不好”，而是辨认：神让我看见了什么？我实际做了什么？下一步要继续什么？。不要只问“我做得好不好”，而要问三件事：神让我看见什么？我实际做了什么？下一步要继续什么？把一个真实学习写下来，再把下一步写成下周可以执行的动作。,,回顾｜看见本周发生了什么，并确定下一步,回头看七天，我在哪里真实经历了“回顾自己视野有没有扩大”？,不要只评价自己“做得好不好”，而是辨认：神让我看见了什么？我实际做了什么？下一步要继续什么？,今天从经历而不是感觉回顾“回顾自己视野有没有扩大”，辨认神的工作与下一步。,回顾本周｜为万民蒙福｜这周你经历最｜多的是什么,本周最接近我的状态｜有真实改变｜有看见但未落实｜正在挣扎｜准备重新开始,今天用10分钟完成本周回顾：写下“神让我看见什么／我实际做了什么／下一步继续什么”，并把下一步写成一个下周可执行的动作。,本周总结｜主题“为万民蒙福”。回顾“成为万民蒙福的祝福—回顾自己视野有没有扩大”：神让我看见______；我实际回应了______；下一步我要继续______。｜宣告：主仍在带领我，我愿继续跟随。,V1.1｜第9–52周逐周具体内容已补全｜依据冻结版主题、每日经文与第1–8周确认的门训规则,本轮为内容制作稿；经文出处沿用冻结版，和合本全文与候选关键词仍须逐段核验。
196,29,主日,主日信息入口,模块4｜进入使命,从群体生活进入服事、见证与普世使命,成为列国之光,成为列国之光,赛49：1-6,把神给你的身份带到真实世界，今天在一个熟悉的地方活出光，而不是躲起来。,把神给你的身份带到真实世界，今天在一个熟悉的地方活出光，而不是躲起来。,主日,今天是新一周的起点。读 以赛亚书 49:1-6，先观察经文如何把我们带到“成为列国之光”。留意主怎样带你从认识走向跟随。。不要要求自己一次改变很多，只需要认出一个最真实的回应方向，并为接下来的六天留下一个可以反复操练的生活位置。,,进入｜从主日信息进入本周,本周，我最需要面对的是：“活出列国之光的身份”,先不急着回答，把主日经文放进你的生活：活出列国之光的身份。留意主怎样带你从认识走向跟随。,本周不追求抽象改变，只在一个真实生活场景中练习“活出列国之光的身份”。,成为列国之光｜今天最触动你｜的是什么｜仆人,今天最触动我的状态｜很有共鸣｜有一点挣扎｜还不清楚｜愿意开始,用3分钟写下本周回应：“主啊，在活出列国之光的身份上，我愿意跟随你。”再选定一个本周每天都可以提醒自己的具体场景。,,V1.1｜第9–52周逐周具体内容已补全｜依据冻结版主题、每日经文与第1–8周确认的门训规则,本轮为内容制作稿；经文出处沿用冻结版，和合本全文与候选关键词仍须逐段核验。
197,29,周一,拓宽眼界,模块4｜进入使命,从群体生活进入服事、见证与普世使命,成为列国之光,成为列国之光 · 周一默想,赛42：5-9,把神给你的身份带到真实世界，今天在一个熟悉的地方活出光，而不是躲起来。,留意“让光照进平凡工作和家庭”在我的选择、情绪或习惯中如何出现。,周一,今天不急着得到“正确答案”，而是练习观察。读 以赛亚书 42:5-9，留意“再问自己：我今天在哪里正在经历同样的事？（经文：成为列国之光 · 周一默想）”怎样显现在经文里，也怎样可能出现在你今天的生活中。选择一个固定场景停一分钟，看见自己真实的反应，并把它带到主面前。,,看见｜先看见经文与自己的处境,经文怎样让我看见“让光照进平凡工作和家庭”？,先观察经文中的人物、行动和张力，再问自己：我今天在哪里正在经历同样的事？（经文：成为列国之光 · 周一默想）,今天先看见，不急着改变；留意“让光照进平凡工作和家庭”在我的选择、情绪或习惯中如何出现。,成为列国之光｜周一默想｜神立祂的仆人｜外邦人的光,今天我的状态｜已经看见｜有些模糊｜容易忽略｜愿意留意,今天选一个固定场景（通勤、工作、吃饭或睡前），停下来1分钟，记录一次“让光照进平凡工作和家庭”在自己身上的真实表现。,,V1.1｜第9–52周逐周具体内容已补全｜依据冻结版主题、每日经文与第1–8周确认的门训规则,本轮为内容制作稿；经文出处沿用冻结版，和合本全文与候选关键词仍须逐段核验。
198,29,周二,深入省察,模块4｜进入使命,从群体生活进入服事、见证与普世使命,成为列国之光,成为列国之光 · 周二省察,太5：13-16,把神给你的身份带到真实世界，今天在一个熟悉的地方活出光，而不是躲起来。,诚实面对关于“面对隐藏、沉默和怕别人怎么看”的内在反应。,周二,今天从外在经文转向内在生命。读 马太福音 5:13-16，诚实面对：不要先批评自己，也不要替自己辩护；诚实辨认背后的欲望、惧怕、骄傲或不信，并把它带到主面前。。不要先解释自己，也不要急着定罪自己。试着辨认这个反应背后更深的欲望、惧怕、骄傲或不信。省察不是自责，而是在神面前停止遮掩，愿意让主触碰真实的自己。,,省察｜先面对里面真实的反应,我为什么会在“面对隐藏、沉默和怕别人怎么看”上有这样的反应？,不要先批评自己，也不要替自己辩护；诚实辨认背后的欲望、惧怕、骄傲或不信，并把它带到主面前。,今天诚实面对一个关于“面对隐藏、沉默和怕别人怎么看”的内在反应，不用属灵话语遮盖它。,成为列国之光｜周二省察｜是否放在斗底｜隐藏,我最接近的状态｜愿意面对｜有点抗拒｜容易解释自己｜需要别人陪伴,今天安静5分钟，不为自己辩解，只写下“面对隐藏、沉默和怕别人怎么看”引出的一个惧怕、欲望或惯性，然后用一句祷告交给主。,,V1.1｜第9–52周逐周具体内容已补全｜依据冻结版主题、每日经文与第1–8周确认的门训规则,本轮为内容制作稿；经文出处沿用冻结版，和合本全文与候选关键词仍须逐段核验。
199,29,周三,生活应用,模块4｜进入使命,从群体生活进入服事、见证与普世使命,成为列国之光,成为列国之光 · 周三应用,弗5：8-14,把神给你的身份带到真实世界，今天在一个熟悉的地方活出光，而不是躲起来。,把“在一个环境中公开活出基督样式”放进一个具体决定，用一个小行动回应经文。,周三,今天让“知道”变成“去做”。读 以弗所书 5:8-14，思考“不要追求大改变，只走清楚的一步。”在你的现实处境中最小的下一步是什么。把行动限定在十分钟左右，越具体越好。做完后记下一句话：我做了什么？有什么阻力？主让我看见什么？,,行动｜把经文落到一个今天能做的选择,今天我可以怎样把“在一个环境中公开活出基督样式”做出来？,把原则缩小到今天：一个时间点、一个决定、一个动作就够。不要追求大改变，只走清楚的一步。,今天把“在一个环境中公开活出基督样式”放进一个具体决定，用一个小行动回应经文。,成为列国之光｜周三应用｜今天你如何在｜暗昧,我的行动准备度｜现在就能做｜需要一点计划｜需要别人提醒｜暂时还没想到,今天安排一个明确时间点，把“在一个环境中公开活出基督样式”变成一个10分钟以内的行动，并在完成后记下一个结果。,,V1.1｜第9–52周逐周具体内容已补全｜依据冻结版主题、每日经文与第1–8周确认的门训规则,本轮为内容制作稿；经文出处沿用冻结版，和合本全文与候选关键词仍须逐段核验。
200,29,周四,关系实践,模块4｜进入使命,从群体生活进入服事、见证与普世使命,成为列国之光,成为列国之光 · 周四关系,腓2：14-16,把神给你的身份带到真实世界，今天在一个熟悉的地方活出光，而不是躲起来。,让“帮助身边人看见盼望”发生在一个真实关系里。,周四,今天观察自己怎样对待别人，也让经文重新整理这种关系。读 腓立比书 2:14-16，围绕“想起一个具体的人，不停留在抽象的“爱人”；问自己：我可以听什么、说什么、给什么、承担什么？”作一个具体决定。找一个人，主动走近一步；可以是一句话、一次倾听、一次帮助或一次代祷。真实关系中的小小顺服，就是门徒训练的一部分。,,关系｜把跟随放进真实的人际关系,今天哪个关系最需要让我实践“帮助身边人看见盼望”？,想起一个具体的人，不停留在抽象的“爱人”；问自己：我可以听什么、说什么、给什么、承担什么？,今天让“帮助身边人看见盼望”发生在一个真实关系里，而不是停留在个人感受中。,成为列国之光｜周四关系｜今天你可以如｜光照,我在关系中的状态｜愿意主动｜想保持距离｜正在修复｜不知道怎么开口,今天选定一位具体的人，用一个可见动作实践“帮助身边人看见盼望”：主动联系、倾听、帮助、道歉、分享或代祷，六选一。,,V1.1｜第9–52周逐周具体内容已补全｜依据冻结版主题、每日经文与第1–8周确认的门训规则,本轮为内容制作稿；经文出处沿用冻结版，和合本全文与候选关键词仍须逐段核验。
201,29,周五,行动承诺,模块4｜进入使命,从群体生活进入服事、见证与普世使命,成为列国之光,成为列国之光 · 周五行动,太5：14-16,把神给你的身份带到真实世界，今天在一个熟悉的地方活出光，而不是躲起来。,让一个真实行动显出“把一次机会转成温柔的见证”正在改变我。,周五,今天来到回应与承担。读 马太福音 5:14-16，问自己：用实际行动回应主的差遣。。把信仰从个人感受带向一个具体的人、一项责任或一个见证行动。不要追求被看见，只求忠心。完成之后写下发生了什么，让你自己的行动成为一个可以被回顾、也可以被分享的见证。,,回应｜从跟随走向见证与承担,如果我真的相信“把一次机会转成温柔的见证”，今天会有什么不同？,把信仰从个人感受带向承担：选择一个人、一个场景或一项责任，用实际行动回应主的差遣。,今天让别人能够从我的一个真实行动，看见“把一次机会转成温柔的见证”正在改变我。,成为列国之光｜周五行动｜今天你如何｜叫他们看见好,我的回应状态｜已经确定一步｜正在寻找机会｜有惧怕｜需要同伴同行,今天把“把一次机会转成温柔的见证”带到一个真实的承担中：完成一次见证、服事、给予、修复关系或承担责任，并记录发生了什么。,,V1.1｜第9–52周逐周具体内容已补全｜依据冻结版主题、每日经文与第1–8周确认的门训规则,本轮为内容制作稿；经文出处沿用冻结版，和合本全文与候选关键词仍须逐段核验。
202,29,周六,轻回顾,模块4｜进入使命,从群体生活进入服事、见证与普世使命,成为列国之光,回顾本周：成为列国之光,诗23：1-6,把神给你的身份带到真实世界，今天在一个熟悉的地方活出光，而不是躲起来。,回头看这一周：经文让我看见了什么，我真正走了哪一步？,周六,读 诗篇 23:1-6，安静回看这七天的经历：哪些地方有顺服，哪些地方仍在挣扎，哪里看见神的带领？特别思考“不要只评价自己“做得好不好”，而是辨认：神让我看见了什么？我实际做了什么？下一步要继续什么？”。今天把本周浓缩成“一个看见、一个行动、一个下一步”，让回顾成为继续跟随的桥梁。,,回顾｜看见本周发生了什么，并确定下一步,回头看七天，我在哪里真实经历了“回顾自己的光是否被人看见”？,不要只评价自己“做得好不好”，而是辨认：神让我看见了什么？我实际做了什么？下一步要继续什么？,今天从经历而不是感觉回顾“回顾自己的光是否被人看见”，辨认神的工作与下一步。,回顾本周｜成为列国之光｜这周你经历最｜多的是什么,本周最接近我的状态｜有真实改变｜有看见但未落实｜正在挣扎｜准备重新开始,今天用10分钟完成本周回顾：写下“神让我看见什么／我实际做了什么／下一步继续什么”，并把下一步写成一个下周可执行的动作。,本周总结｜主题“成为列国之光”。回顾“活出列国之光的身份—回顾自己的光是否被人看见”：神让我看见______；我实际回应了______；下一步我要继续______。｜宣告：主仍在带领我，我愿继续跟随。,V1.1｜第9–52周逐周具体内容已补全｜依据冻结版主题、每日经文与第1–8周确认的门训规则,本轮为内容制作稿；经文出处沿用冻结版，和合本全文与候选关键词仍须逐段核验。
203,30,主日,主日信息入口,模块4｜进入使命,从群体生活进入服事、见证与普世使命,新造的人，基督的使者,新造的人，基督的使者,林后5：17-21,既是新造的人，也是基督的使者；今天在一个关系里主动成为和好的使者。,既是新造的人，也是基督的使者；今天在一个关系里主动成为和好的使者。,主日,今天把经文放在心里，也把自己放在经文面前。读 哥林多后书 5:17-21，围绕“新造的人，基督的使者”安静片刻，思想：留意主怎样带你从认识走向跟随。。主日不是结束，而是进入本周门训的起点。今天选定一个具体场景，提醒自己在这一周继续回来面对这个主题。,,进入｜从主日信息进入本周,本周，我最需要面对的是：“成为基督的使者”,先不急着回答，把主日经文放进你的生活：成为基督的使者。留意主怎样带你从认识走向跟随。,本周不追求抽象改变，只在一个真实生活场景中练习“成为基督的使者”。,新造的人｜基督的使者｜今天最触动你｜的是什么,今天最触动我的状态｜很有共鸣｜有一点挣扎｜还不清楚｜愿意开始,用3分钟写下本周回应：“主啊，在成为基督的使者上，我愿意跟随你。”再选定一个本周每天都可以提醒自己的具体场景。,,V1.1｜第9–52周逐周具体内容已补全｜依据冻结版主题、每日经文与第1–8周确认的门训规则,本轮为内容制作稿；经文出处沿用冻结版，和合本全文与候选关键词仍须逐段核验。
204,30,周一,拓宽眼界,模块4｜进入使命,从群体生活进入服事、见证与普世使命,新造的人，基督的使者,新造的人，基督的使者 · 周一默想,赛61：1-4,既是新造的人，也是基督的使者；今天在一个关系里主动成为和好的使者。,留意“从被和好进入使人和好”在我的选择、情绪或习惯中如何出现。,周一,今天先学习看见。读 以赛亚书 61:1-4，不要急着批评或解决问题，留意经文让你看见什么：再问自己：我今天在哪里正在经历同样的事？（经文：新造的人，基督的使者 · 周一默想）。再回到自己的生活，观察一个真实反应、选择或习惯。门徒不是先表现得正确，而是先在神的光中看清楚自己。把今天看见的一件事记下来，作为后面回应的起点。,,看见｜先看见经文与自己的处境,经文怎样让我看见“从被和好进入使人和好”？,先观察经文中的人物、行动和张力，再问自己：我今天在哪里正在经历同样的事？（经文：新造的人，基督的使者 · 周一默想）,今天先看见，不急着改变；留意“从被和好进入使人和好”在我的选择、情绪或习惯中如何出现。,新造的人｜基督的使者｜周一默想｜差遣,今天我的状态｜已经看见｜有些模糊｜容易忽略｜愿意留意,今天选一个固定场景（通勤、工作、吃饭或睡前），停下来1分钟，记录一次“从被和好进入使人和好”在自己身上的真实表现。,,V1.1｜第9–52周逐周具体内容已补全｜依据冻结版主题、每日经文与第1–8周确认的门训规则,本轮为内容制作稿；经文出处沿用冻结版，和合本全文与候选关键词仍须逐段核验。
205,30,周二,深入省察,模块4｜进入使命,从群体生活进入服事、见证与普世使命,新造的人，基督的使者,新造的人，基督的使者 · 周二省察,罗5：6-11,既是新造的人，也是基督的使者；今天在一个关系里主动成为和好的使者。,诚实面对关于“面对与人隔绝、冲突或旧伤”的内在反应。,周二,今天给自己几分钟安静。读 罗马书 5:6-11，把经文所揭开的张力带回心里：不要先批评自己，也不要替自己辩护；诚实辨认背后的欲望、惧怕、骄傲或不信，并把它带到主面前。。问自己，我在什么地方正在重复同样的模式？不必马上找到解决方案，只需要说真话，并用一句简单的祷告把这份真实交给主。,,省察｜先面对里面真实的反应,我为什么会在“面对与人隔绝、冲突或旧伤”上有这样的反应？,不要先批评自己，也不要替自己辩护；诚实辨认背后的欲望、惧怕、骄傲或不信，并把它带到主面前。,今天诚实面对一个关于“面对与人隔绝、冲突或旧伤”的内在反应，不用属灵话语遮盖它。,新造的人｜基督的使者｜周二省察｜你如何面对,我最接近的状态｜愿意面对｜有点抗拒｜容易解释自己｜需要别人陪伴,今天安静5分钟，不为自己辩解，只写下“面对与人隔绝、冲突或旧伤”引出的一个惧怕、欲望或惯性，然后用一句祷告交给主。,,V1.1｜第9–52周逐周具体内容已补全｜依据冻结版主题、每日经文与第1–8周确认的门训规则,本轮为内容制作稿；经文出处沿用冻结版，和合本全文与候选关键词仍须逐段核验。
206,30,周三,生活应用,模块4｜进入使命,从群体生活进入服事、见证与普世使命,新造的人，基督的使者,新造的人，基督的使者 · 周三应用,提前2：1-6,既是新造的人，也是基督的使者；今天在一个关系里主动成为和好的使者。,把“为一个需要和好的人祷告并行动”放进一个具体决定，用一个小行动回应经文。,周三,不要等到条件完美才回应经文。读 提摩太前书 2:1-6，找出一个可以立即开始的动作，回应“不要追求大改变，只走清楚的一步。”。今天只走一步，但要真的走。行动之后，用一分钟回顾结果，让经验成为下一次跟随的依据。,,行动｜把经文落到一个今天能做的选择,今天我可以怎样把“为一个需要和好的人祷告并行动”做出来？,把原则缩小到今天：一个时间点、一个决定、一个动作就够。不要追求大改变，只走清楚的一步。,今天把“为一个需要和好的人祷告并行动”放进一个具体决定，用一个小行动回应经文。,新造的人｜基督的使者｜周三应用｜今天你如何为,我的行动准备度｜现在就能做｜需要一点计划｜需要别人提醒｜暂时还没想到,今天安排一个明确时间点，把“为一个需要和好的人祷告并行动”变成一个10分钟以内的行动，并在完成后记下一个结果。,,V1.1｜第9–52周逐周具体内容已补全｜依据冻结版主题、每日经文与第1–8周确认的门训规则,本轮为内容制作稿；经文出处沿用冻结版，和合本全文与候选关键词仍须逐段核验。
207,30,周四,关系实践,模块4｜进入使命,从群体生活进入服事、见证与普世使命,新造的人，基督的使者,新造的人，基督的使者 · 周四关系,太5：21-24,既是新造的人，也是基督的使者；今天在一个关系里主动成为和好的使者。,让“主动迈出和好的第一步”发生在一个真实关系里。,周四,今天把跟随带进一个人的名字。读 马太福音 5:21-24，思想：想起一个具体的人，不停留在抽象的“爱人”；问自己：我可以听什么、说什么、给什么、承担什么？。想起一段真实关系，不停留在“我要更有爱心”的想法，而是决定一个看得见的动作：认真倾听、主动帮助、道歉、感谢、分享或代祷。让今天的经文通过你的关系被活出来。,,关系｜把跟随放进真实的人际关系,今天哪个关系最需要让我实践“主动迈出和好的第一步”？,想起一个具体的人，不停留在抽象的“爱人”；问自己：我可以听什么、说什么、给什么、承担什么？,今天让“主动迈出和好的第一步”发生在一个真实关系里，而不是停留在个人感受中。,新造的人｜基督的使者｜周四关系｜今天你需要与,我在关系中的状态｜愿意主动｜想保持距离｜正在修复｜不知道怎么开口,今天选定一位具体的人，用一个可见动作实践“主动迈出和好的第一步”：主动联系、倾听、帮助、道歉、分享或代祷，六选一。,,V1.1｜第9–52周逐周具体内容已补全｜依据冻结版主题、每日经文与第1–8周确认的门训规则,本轮为内容制作稿；经文出处沿用冻结版，和合本全文与候选关键词仍须逐段核验。
208,30,周五,行动承诺,模块4｜进入使命,从群体生活进入服事、见证与普世使命,新造的人，基督的使者,新造的人，基督的使者 · 周五行动,林后5：18-19,既是新造的人，也是基督的使者；今天在一个关系里主动成为和好的使者。,让一个真实行动显出“用一句清楚的话分享福音中的和好”正在改变我。,周五,今天的重点不是再多懂一点，而是愿意承担一步。读 哥林多后书 5:18-19，把“用实际行动回应主的差遣。”落实到现实生活。可以是一次服事、一次给予、一次修复关系、一次见证或一次责任。先忠心完成今天能做的，然后在神面前感谢祂的带领。,,回应｜从跟随走向见证与承担,如果我真的相信“用一句清楚的话分享福音中的和好”，今天会有什么不同？,把信仰从个人感受带向承担：选择一个人、一个场景或一项责任，用实际行动回应主的差遣。,今天让别人能够从我的一个真实行动，看见“用一句清楚的话分享福音中的和好”正在改变我。,新造的人｜基督的使者｜周五行动｜今天你如何将,我的回应状态｜已经确定一步｜正在寻找机会｜有惧怕｜需要同伴同行,今天把“用一句清楚的话分享福音中的和好”带到一个真实的承担中：完成一次见证、服事、给予、修复关系或承担责任，并记录发生了什么。,,V1.1｜第9–52周逐周具体内容已补全｜依据冻结版主题、每日经文与第1–8周确认的门训规则,本轮为内容制作稿；经文出处沿用冻结版，和合本全文与候选关键词仍须逐段核验。
209,30,周六,轻回顾,模块4｜进入使命,从群体生活进入服事、见证与普世使命,新造的人，基督的使者,回顾本周：新造的人，基督的使者,诗23：1-6,既是新造的人，也是基督的使者；今天在一个关系里主动成为和好的使者。,回头看这一周：经文让我看见了什么，我真正走了哪一步？,周六,回顾不是给自己打分，而是辨认神怎样工作。今天读 诗篇 23:1-6，整理你这一周在“不要只评价自己“做得好不好”，而是辨认：神让我看见了什么？我实际做了什么？下一步要继续什么？”上的经历。感谢已经发生的，也承认还没有改变的。最后写下一句本周总结，并确定一个可以带进下一周的小小行动。,,回顾｜看见本周发生了什么，并确定下一步,回头看七天，我在哪里真实经历了“回顾自己是否活出使者身份”？,不要只评价自己“做得好不好”，而是辨认：神让我看见了什么？我实际做了什么？下一步要继续什么？,今天从经历而不是感觉回顾“回顾自己是否活出使者身份”，辨认神的工作与下一步。,回顾本周｜新造的人｜基督的使者｜这周你经历最,本周最接近我的状态｜有真实改变｜有看见但未落实｜正在挣扎｜准备重新开始,今天用10分钟完成本周回顾：写下“神让我看见什么／我实际做了什么／下一步继续什么”，并把下一步写成一个下周可执行的动作。,本周总结｜主题“新造的人，基督的使者”。回顾“成为基督的使者—回顾自己是否活出使者身份”：神让我看见______；我实际回应了______；下一步我要继续______。｜宣告：主仍在带领我，我愿继续跟随。,V1.1｜第9–52周逐周具体内容已补全｜依据冻结版主题、每日经文与第1–8周确认的门训规则,本轮为内容制作稿；经文出处沿用冻结版，和合本全文与候选关键词仍须逐段核验。
210,31,主日,主日信息入口,模块4｜进入使命,从群体生活进入服事、见证与普世使命,不是靠自己,不是靠自己,路18：15-30,承认自己不能靠拥有和表现拯救自己，今天把一个抓得很紧的东西交给主。,承认自己不能靠拥有和表现拯救自己，今天把一个抓得很紧的东西交给主。,主日,今天先慢下来。读 路加福音 18:15-30，让“不是靠自己”成为这一周共同的入口。不要急着把主日信息变成更多知识，先问：留意主怎样带你从认识走向跟随。。把这个问题放进你真实的生活，找出一个本周愿意跟随主的场景。主日的领受要进入一周的生活，才会成为门徒的道路。,,进入｜从主日信息进入本周,本周，我最需要面对的是：“承认使命不能靠自己”,先不急着回答，把主日经文放进你的生活：承认使命不能靠自己。留意主怎样带你从认识走向跟随。,本周不追求抽象改变，只在一个真实生活场景中练习“承认使命不能靠自己”。,不是靠自己｜今天最触动你｜的是什么｜孩子,今天最触动我的状态｜很有共鸣｜有一点挣扎｜还不清楚｜愿意开始,用3分钟写下本周回应：“主啊，在承认使命不能靠自己上，我愿意跟随你。”再选定一个本周每天都可以提醒自己的具体场景。,,V1.1｜第9–52周逐周具体内容已补全｜依据冻结版主题、每日经文与第1–8周确认的门训规则,本轮为内容制作稿；经文出处沿用冻结版，和合本全文与候选关键词仍须逐段核验。
211,31,周一,拓宽眼界,模块4｜进入使命,从群体生活进入服事、见证与普世使命,不是靠自己,不是靠自己 · 周一默想,诗127：1-2,承认自己不能靠拥有和表现拯救自己，今天把一个抓得很紧的东西交给主。,留意“让疲惫和限制成为依靠神的入口”在我的选择、情绪或习惯中如何出现。,周一,读 诗篇 127:1-2 时，先把注意力放在经文的人、行动和张力上。今天特别思想：再问自己：我今天在哪里正在经历同样的事？（经文：不是靠自己 · 周一默想）。然后问自己，这件事在我的生活里有没有类似的位置？不要急着改变，先诚实记录一次。能够看见，是让神的话从纸面进入生命的第一步。,,看见｜先看见经文与自己的处境,经文怎样让我看见“让疲惫和限制成为依靠神的入口”？,先观察经文中的人物、行动和张力，再问自己：我今天在哪里正在经历同样的事？（经文：不是靠自己 · 周一默想）,今天先看见，不急着改变；留意“让疲惫和限制成为依靠神的入口”在我的选择、情绪或习惯中如何出现。,不是靠自己｜周一默想｜若不是耶和华｜建造,今天我的状态｜已经看见｜有些模糊｜容易忽略｜愿意留意,今天选一个固定场景（通勤、工作、吃饭或睡前），停下来1分钟，记录一次“让疲惫和限制成为依靠神的入口”在自己身上的真实表现。,,V1.1｜第9–52周逐周具体内容已补全｜依据冻结版主题、每日经文与第1–8周确认的门训规则,本轮为内容制作稿；经文出处沿用冻结版，和合本全文与候选关键词仍须逐段核验。
212,31,周二,深入省察,模块4｜进入使命,从群体生活进入服事、见证与普世使命,不是靠自己,不是靠自己 · 周二省察,加3：1-5,承认自己不能靠拥有和表现拯救自己，今天把一个抓得很紧的东西交给主。,诚实面对关于“面对自我能力、自我证明”的内在反应。,周二,门徒训练不仅改变行为，也改变里面的动机。读 加拉太书 3:1-5，认真面对“不要先批评自己，也不要替自己辩护；诚实辨认背后的欲望、惧怕、骄傲或不信，并把它带到主面前。”。当你察觉到防卫、焦虑、比较或自我保护时，不要赶快掩盖。把那个最真实的反应写下来，求主带你从看见走向悔改与信靠。,,省察｜先面对里面真实的反应,我为什么会在“面对自我能力、自我证明”上有这样的反应？,不要先批评自己，也不要替自己辩护；诚实辨认背后的欲望、惧怕、骄傲或不信，并把它带到主面前。,今天诚实面对一个关于“面对自我能力、自我证明”的内在反应，不用属灵话语遮盖它。,不是靠自己｜周二省察｜你是靠｜圣灵入门,我最接近的状态｜愿意面对｜有点抗拒｜容易解释自己｜需要别人陪伴,今天安静5分钟，不为自己辩解，只写下“面对自我能力、自我证明”引出的一个惧怕、欲望或惯性，然后用一句祷告交给主。,,V1.1｜第9–52周逐周具体内容已补全｜依据冻结版主题、每日经文与第1–8周确认的门训规则,本轮为内容制作稿；经文出处沿用冻结版，和合本全文与候选关键词仍须逐段核验。
213,31,周三,生活应用,模块4｜进入使命,从群体生活进入服事、见证与普世使命,不是靠自己,不是靠自己 · 周三应用,太11：25-30,承认自己不能靠拥有和表现拯救自己，今天把一个抓得很紧的东西交给主。,把“把一件重担交给主并按主的节奏行动”放进一个具体决定，用一个小行动回应经文。,周三,今天把经文缩小成一个选择。读 马太福音 11:25-30，问自己：不要追求大改变，只走清楚的一步。。不要设计一个很大的计划，只找一个今天能完成的小行动。门徒的成长常常发生在普通时间、普通决定和普通责任里。选定时间点去做，完成后再回看它带来了什么改变。,,行动｜把经文落到一个今天能做的选择,今天我可以怎样把“把一件重担交给主并按主的节奏行动”做出来？,把原则缩小到今天：一个时间点、一个决定、一个动作就够。不要追求大改变，只走清楚的一步。,今天把“把一件重担交给主并按主的节奏行动”放进一个具体决定，用一个小行动回应经文。,不是靠自己｜周三应用｜今天你如何｜负主的轭,我的行动准备度｜现在就能做｜需要一点计划｜需要别人提醒｜暂时还没想到,今天安排一个明确时间点，把“把一件重担交给主并按主的节奏行动”变成一个10分钟以内的行动，并在完成后记下一个结果。,,V1.1｜第9–52周逐周具体内容已补全｜依据冻结版主题、每日经文与第1–8周确认的门训规则,本轮为内容制作稿；经文出处沿用冻结版，和合本全文与候选关键词仍须逐段核验。
214,31,周四,关系实践,模块4｜进入使命,从群体生活进入服事、见证与普世使命,不是靠自己,不是靠自己 · 周四关系,雅2：1-9,承认自己不能靠拥有和表现拯救自己，今天把一个抓得很紧的东西交给主。,让“不凭外表判断人，主动接纳一个人”发生在一个真实关系里。,周四,门徒生命一定会影响人与人的相处。读 雅各书 2:1-9，问自己：想起一个具体的人，不停留在抽象的“爱人”；问自己：我可以听什么、说什么、给什么、承担什么？。选一个具体的人，少一点自我证明，多一点靠近与承担。你今天不需要解决这段关系的全部问题，只需要完成一个真实而善意的动作，并留意自己的心发生了什么。,,关系｜把跟随放进真实的人际关系,今天哪个关系最需要让我实践“不凭外表判断人，主动接纳一个人”？,想起一个具体的人，不停留在抽象的“爱人”；问自己：我可以听什么、说什么、给什么、承担什么？,今天让“不凭外表判断人，主动接纳一个人”发生在一个真实关系里，而不是停留在个人感受中。,不是靠自己｜周四关系｜今天你如何不｜按外貌待人,我在关系中的状态｜愿意主动｜想保持距离｜正在修复｜不知道怎么开口,今天选定一位具体的人，用一个可见动作实践“不凭外表判断人，主动接纳一个人”：主动联系、倾听、帮助、道歉、分享或代祷，六选一。,,V1.1｜第9–52周逐周具体内容已补全｜依据冻结版主题、每日经文与第1–8周确认的门训规则,本轮为内容制作稿；经文出处沿用冻结版，和合本全文与候选关键词仍须逐段核验。
215,31,周五,行动承诺,模块4｜进入使命,从群体生活进入服事、见证与普世使命,不是靠自己,不是靠自己 · 周五行动,约15：4-5,承认自己不能靠拥有和表现拯救自己，今天把一个抓得很紧的东西交给主。,让一个真实行动显出“在软弱处选择依靠而不是硬撑”正在改变我。,周五,回应就是把领受交在行动里。读 约翰福音 15:4-5，思想“用实际行动回应主的差遣。”对今天意味着什么。选择一个具体行动，并为它安排明确的时间。做完不要急着评估自己，而是回头看：我是否更愿意跟随？神又让我看见了什么？,,回应｜从跟随走向见证与承担,如果我真的相信“在软弱处选择依靠而不是硬撑”，今天会有什么不同？,把信仰从个人感受带向承担：选择一个人、一个场景或一项责任，用实际行动回应主的差遣。,今天让别人能够从我的一个真实行动，看见“在软弱处选择依靠而不是硬撑”正在改变我。,不是靠自己｜周五行动｜今天你如何｜常在我里面,我的回应状态｜已经确定一步｜正在寻找机会｜有惧怕｜需要同伴同行,今天把“在软弱处选择依靠而不是硬撑”带到一个真实的承担中：完成一次见证、服事、给予、修复关系或承担责任，并记录发生了什么。,,V1.1｜第9–52周逐周具体内容已补全｜依据冻结版主题、每日经文与第1–8周确认的门训规则,本轮为内容制作稿；经文出处沿用冻结版，和合本全文与候选关键词仍须逐段核验。
216,31,周六,轻回顾,模块4｜进入使命,从群体生活进入服事、见证与普世使命,不是靠自己,回顾本周：不是靠自己,诗23：1-6,承认自己不能靠拥有和表现拯救自己，今天把一个抓得很紧的东西交给主。,回头看这一周：经文让我看见了什么，我真正走了哪一步？,周六,今天是回顾的一天。读 诗篇 23:1-6，回头看这一周，特别整理：不要只评价自己“做得好不好”，而是辨认：神让我看见了什么？我实际做了什么？下一步要继续什么？。不要只问“我做得好不好”，而要问三件事：神让我看见什么？我实际做了什么？下一步要继续什么？把一个真实学习写下来，再把下一步写成下周可以执行的动作。,,回顾｜看见本周发生了什么，并确定下一步,回头看七天，我在哪里真实经历了“回顾依靠主是否带来真实改变”？,不要只评价自己“做得好不好”，而是辨认：神让我看见了什么？我实际做了什么？下一步要继续什么？,今天从经历而不是感觉回顾“回顾依靠主是否带来真实改变”，辨认神的工作与下一步。,回顾本周｜不是靠自己｜这周你经历最｜多的是什么,本周最接近我的状态｜有真实改变｜有看见但未落实｜正在挣扎｜准备重新开始,今天用10分钟完成本周回顾：写下“神让我看见什么／我实际做了什么／下一步继续什么”，并把下一步写成一个下周可执行的动作。,本周总结｜主题“不是靠自己”。回顾“承认使命不能靠自己—回顾依靠主是否带来真实改变”：神让我看见______；我实际回应了______；下一步我要继续______。｜宣告：主仍在带领我，我愿继续跟随。,V1.1｜第9–52周逐周具体内容已补全｜依据冻结版主题、每日经文与第1–8周确认的门训规则,本轮为内容制作稿；经文出处沿用冻结版，和合本全文与候选关键词仍须逐段核验。
217,32,主日,主日信息入口,模块4｜进入使命,从群体生活进入服事、见证与普世使命,求主使我看见,求主使我看见,路18：31-43,求主打开眼睛，先看见祂正在做什么，再决定自己今天要走哪一步。,求主打开眼睛，先看见祂正在做什么，再决定自己今天要走哪一步。,主日,今天是新一周的起点。读 路加福音 18:31-43，先观察经文如何把我们带到“求主使我看见”。留意主怎样带你从认识走向跟随。。不要要求自己一次改变很多，只需要认出一个最真实的回应方向，并为接下来的六天留下一个可以反复操练的生活位置。,,进入｜从主日信息进入本周,本周，我最需要面对的是：“求主开我们的眼睛”,先不急着回答，把主日经文放进你的生活：求主开我们的眼睛。留意主怎样带你从认识走向跟随。,本周不追求抽象改变，只在一个真实生活场景中练习“求主开我们的眼睛”。,求主使我看见｜今天最触动你｜的是什么｜跟随,今天最触动我的状态｜很有共鸣｜有一点挣扎｜还不清楚｜愿意开始,用3分钟写下本周回应：“主啊，在求主开我们的眼睛上，我愿意跟随你。”再选定一个本周每天都可以提醒自己的具体场景。,,V1.1｜第9–52周逐周具体内容已补全｜依据冻结版主题、每日经文与第1–8周确认的门训规则,本轮为内容制作稿；经文出处沿用冻结版，和合本全文与候选关键词仍须逐段核验。
218,32,周一,拓宽眼界,模块4｜进入使命,从群体生活进入服事、见证与普世使命,求主使我看见,求主使我看见 · 周一默想,赛35：3-6,求主打开眼睛，先看见祂正在做什么，再决定自己今天要走哪一步。,留意“从自己的理解转向主的看见”在我的选择、情绪或习惯中如何出现。,周一,今天不急着得到“正确答案”，而是练习观察。读 以赛亚书 35:3-6，留意“再问自己：我今天在哪里正在经历同样的事？（经文：求主使我看见 · 周一默想）”怎样显现在经文里，也怎样可能出现在你今天的生活中。选择一个固定场景停一分钟，看见自己真实的反应，并把它带到主面前。,,看见｜先看见经文与自己的处境,经文怎样让我看见“从自己的理解转向主的看见”？,先观察经文中的人物、行动和张力，再问自己：我今天在哪里正在经历同样的事？（经文：求主使我看见 · 周一默想）,今天先看见，不急着改变；留意“从自己的理解转向主的看见”在我的选择、情绪或习惯中如何出现。,求主使我看见｜周一默想｜瞎眼得开的应｜许如何坚定你,今天我的状态｜已经看见｜有些模糊｜容易忽略｜愿意留意,今天选一个固定场景（通勤、工作、吃饭或睡前），停下来1分钟，记录一次“从自己的理解转向主的看见”在自己身上的真实表现。,,V1.1｜第9–52周逐周具体内容已补全｜依据冻结版主题、每日经文与第1–8周确认的门训规则,本轮为内容制作稿；经文出处沿用冻结版，和合本全文与候选关键词仍须逐段核验。
219,32,周二,深入省察,模块4｜进入使命,从群体生活进入服事、见证与普世使命,求主使我看见,求主使我看见 · 周二省察,太13：10-16,求主打开眼睛，先看见祂正在做什么，再决定自己今天要走哪一步。,诚实面对关于“面对先入为主与属灵迟钝”的内在反应。,周二,今天从外在经文转向内在生命。读 马太福音 13:10-16，诚实面对：不要先批评自己，也不要替自己辩护；诚实辨认背后的欲望、惧怕、骄傲或不信，并把它带到主面前。。不要先解释自己，也不要急着定罪自己。试着辨认这个反应背后更深的欲望、惧怕、骄傲或不信。省察不是自责，而是在神面前停止遮掩，愿意让主触碰真实的自己。,,省察｜先面对里面真实的反应,我为什么会在“面对先入为主与属灵迟钝”上有这样的反应？,不要先批评自己，也不要替自己辩护；诚实辨认背后的欲望、惧怕、骄傲或不信，并把它带到主面前。,今天诚实面对一个关于“面对先入为主与属灵迟钝”的内在反应，不用属灵话语遮盖它。,求主使我看见｜周二省察｜你的心是否｜迟钝,我最接近的状态｜愿意面对｜有点抗拒｜容易解释自己｜需要别人陪伴,今天安静5分钟，不为自己辩解，只写下“面对先入为主与属灵迟钝”引出的一个惧怕、欲望或惯性，然后用一句祷告交给主。,,V1.1｜第9–52周逐周具体内容已补全｜依据冻结版主题、每日经文与第1–8周确认的门训规则,本轮为内容制作稿；经文出处沿用冻结版，和合本全文与候选关键词仍须逐段核验。
220,32,周三,生活应用,模块4｜进入使命,从群体生活进入服事、见证与普世使命,求主使我看见,求主使我看见 · 周三应用,约9：1-7,求主打开眼睛，先看见祂正在做什么，再决定自己今天要走哪一步。,把“在一个人或处境上重新学习看见”放进一个具体决定，用一个小行动回应经文。,周三,今天让“知道”变成“去做”。读 约翰福音 9:1-7，思考“不要追求大改变，只走清楚的一步。”在你的现实处境中最小的下一步是什么。把行动限定在十分钟左右，越具体越好。做完后记下一句话：我做了什么？有什么阻力？主让我看见什么？,,行动｜把经文落到一个今天能做的选择,今天我可以怎样把“在一个人或处境上重新学习看见”做出来？,把原则缩小到今天：一个时间点、一个决定、一个动作就够。不要追求大改变，只走清楚的一步。,今天把“在一个人或处境上重新学习看见”放进一个具体决定，用一个小行动回应经文。,求主使我看见｜周三应用｜今天你如何｜往西罗亚池子,我的行动准备度｜现在就能做｜需要一点计划｜需要别人提醒｜暂时还没想到,今天安排一个明确时间点，把“在一个人或处境上重新学习看见”变成一个10分钟以内的行动，并在完成后记下一个结果。,,V1.1｜第9–52周逐周具体内容已补全｜依据冻结版主题、每日经文与第1–8周确认的门训规则,本轮为内容制作稿；经文出处沿用冻结版，和合本全文与候选关键词仍须逐段核验。
221,32,周四,关系实践,模块4｜进入使命,从群体生活进入服事、见证与普世使命,求主使我看见,求主使我看见 · 周四关系,可10：46-52,求主打开眼睛，先看见祂正在做什么，再决定自己今天要走哪一步。,让“主动倾听一个人的真实处境”发生在一个真实关系里。,周四,今天观察自己怎样对待别人，也让经文重新整理这种关系。读 马可福音 10:46-52，围绕“想起一个具体的人，不停留在抽象的“爱人”；问自己：我可以听什么、说什么、给什么、承担什么？”作一个具体决定。找一个人，主动走近一步；可以是一句话、一次倾听、一次帮助或一次代祷。真实关系中的小小顺服，就是门徒训练的一部分。,,关系｜把跟随放进真实的人际关系,今天哪个关系最需要让我实践“主动倾听一个人的真实处境”？,想起一个具体的人，不停留在抽象的“爱人”；问自己：我可以听什么、说什么、给什么、承担什么？,今天让“主动倾听一个人的真实处境”发生在一个真实关系里，而不是停留在个人感受中。,求主使我看见｜周四关系｜今天你可以像｜巴底买一样,我在关系中的状态｜愿意主动｜想保持距离｜正在修复｜不知道怎么开口,今天选定一位具体的人，用一个可见动作实践“主动倾听一个人的真实处境”：主动联系、倾听、帮助、道歉、分享或代祷，六选一。,,V1.1｜第9–52周逐周具体内容已补全｜依据冻结版主题、每日经文与第1–8周确认的门训规则,本轮为内容制作稿；经文出处沿用冻结版，和合本全文与候选关键词仍须逐段核验。
222,32,周五,行动承诺,模块4｜进入使命,从群体生活进入服事、见证与普世使命,求主使我看见,求主使我看见 · 周五行动,弗1：15-19,求主打开眼睛，先看见祂正在做什么，再决定自己今天要走哪一步。,让一个真实行动显出“按新的看见做一个实际行动”正在改变我。,周五,今天来到回应与承担。读 以弗所书 1:15-19，问自己：用实际行动回应主的差遣。。把信仰从个人感受带向一个具体的人、一项责任或一个见证行动。不要追求被看见，只求忠心。完成之后写下发生了什么，让你自己的行动成为一个可以被回顾、也可以被分享的见证。,,回应｜从跟随走向见证与承担,如果我真的相信“按新的看见做一个实际行动”，今天会有什么不同？,把信仰从个人感受带向承担：选择一个人、一个场景或一项责任，用实际行动回应主的差遣。,今天让别人能够从我的一个真实行动，看见“按新的看见做一个实际行动”正在改变我。,求主使我看见｜周五行动｜今天你如何｜求主将那赐人,我的回应状态｜已经确定一步｜正在寻找机会｜有惧怕｜需要同伴同行,今天把“按新的看见做一个实际行动”带到一个真实的承担中：完成一次见证、服事、给予、修复关系或承担责任，并记录发生了什么。,,V1.1｜第9–52周逐周具体内容已补全｜依据冻结版主题、每日经文与第1–8周确认的门训规则,本轮为内容制作稿；经文出处沿用冻结版，和合本全文与候选关键词仍须逐段核验。
223,32,周六,轻回顾,模块4｜进入使命,从群体生活进入服事、见证与普世使命,求主使我看见,回顾本周：求主使我看见,诗23：1-6,求主打开眼睛，先看见祂正在做什么，再决定自己今天要走哪一步。,回头看这一周：经文让我看见了什么，我真正走了哪一步？,周六,读 诗篇 23:1-6，安静回看这七天的经历：哪些地方有顺服，哪些地方仍在挣扎，哪里看见神的带领？特别思考“不要只评价自己“做得好不好”，而是辨认：神让我看见了什么？我实际做了什么？下一步要继续什么？”。今天把本周浓缩成“一个看见、一个行动、一个下一步”，让回顾成为继续跟随的桥梁。,,回顾｜看见本周发生了什么，并确定下一步,回头看七天，我在哪里真实经历了“回顾自己本周看见了什么以前没看见的”？,不要只评价自己“做得好不好”，而是辨认：神让我看见了什么？我实际做了什么？下一步要继续什么？,今天从经历而不是感觉回顾“回顾自己本周看见了什么以前没看见的”，辨认神的工作与下一步。,回顾本周｜求主使我看见｜这周你经历最｜多的是什么,本周最接近我的状态｜有真实改变｜有看见但未落实｜正在挣扎｜准备重新开始,今天用10分钟完成本周回顾：写下“神让我看见什么／我实际做了什么／下一步继续什么”，并把下一步写成一个下周可执行的动作。,本周总结｜主题“求主使我看见”。回顾“求主开我们的眼睛—回顾自己本周看见了什么以前没看见的”：神让我看见______；我实际回应了______；下一步我要继续______。｜宣告：主仍在带领我，我愿继续跟随。,V1.1｜第9–52周逐周具体内容已补全｜依据冻结版主题、每日经文与第1–8周确认的门训规则,本轮为内容制作稿；经文出处沿用冻结版，和合本全文与候选关键词仍须逐段核验。
224,33,主日,主日信息入口,模块4｜进入使命,从群体生活进入服事、见证与普世使命,我在你们中间，如同服事人的,我在你们中间，如同服事人的,路22：14-27,在群体中不要争位置，学习像耶稣一样服事；今天主动承担一件没人争着做的事。,在群体中不要争位置，学习像耶稣一样服事；今天主动承担一件没人争着做的事。,主日,今天把经文放在心里，也把自己放在经文面前。读 路加福音 22:14-27，围绕“我在你们中间，如同服事人的”安静片刻，思想：留意主怎样带你从认识走向跟随。。主日不是结束，而是进入本周门训的起点。今天选定一个具体场景，提醒自己在这一周继续回来面对这个主题。,,进入｜从主日信息进入本周,本周，我最需要面对的是：“在群体中以服事为大”,先不急着回答，把主日经文放进你的生活：在群体中以服事为大。留意主怎样带你从认识走向跟随。,本周不追求抽象改变，只在一个真实生活场景中练习“在群体中以服事为大”。,我在你们中间｜如同服事人的｜今天最触动你｜的是什么,今天最触动我的状态｜很有共鸣｜有一点挣扎｜还不清楚｜愿意开始,用3分钟写下本周回应：“主啊，在在群体中以服事为大上，我愿意跟随你。”再选定一个本周每天都可以提醒自己的具体场景。,,V1.1｜第9–52周逐周具体内容已补全｜依据冻结版主题、每日经文与第1–8周确认的门训规则,本轮为内容制作稿；经文出处沿用冻结版，和合本全文与候选关键词仍须逐段核验。
225,33,周一,拓宽眼界,模块4｜进入使命,从群体生活进入服事、见证与普世使命,我在你们中间，如同服事人的,我在你们中间，如同服事人的 · 周一默想,可10：41-45,在群体中不要争位置，学习像耶稣一样服事；今天主动承担一件没人争着做的事。,留意“从权力逻辑转向仆人逻辑”在我的选择、情绪或习惯中如何出现。,周一,今天先学习看见。读 马可福音 10:41-45，不要急着批评或解决问题，留意经文让你看见什么：再问自己：我今天在哪里正在经历同样的事？（经文：我在你们中间，如同服事人的 · 周一默想）。再回到自己的生活，观察一个真实反应、选择或习惯。门徒不是先表现得正确，而是先在神的光中看清楚自己。把今天看见的一件事记下来，作为后面回应的起点。,,看见｜先看见经文与自己的处境,经文怎样让我看见“从权力逻辑转向仆人逻辑”？,先观察经文中的人物、行动和张力，再问自己：我今天在哪里正在经历同样的事？（经文：我在你们中间，如同服事人的 · 周一默想）,今天先看见，不急着改变；留意“从权力逻辑转向仆人逻辑”在我的选择、情绪或习惯中如何出现。,我在你们中间｜如同服事人的｜周一默想｜人子来,今天我的状态｜已经看见｜有些模糊｜容易忽略｜愿意留意,今天选一个固定场景（通勤、工作、吃饭或睡前），停下来1分钟，记录一次“从权力逻辑转向仆人逻辑”在自己身上的真实表现。,,V1.1｜第9–52周逐周具体内容已补全｜依据冻结版主题、每日经文与第1–8周确认的门训规则,本轮为内容制作稿；经文出处沿用冻结版，和合本全文与候选关键词仍须逐段核验。
226,33,周二,深入省察,模块4｜进入使命,从群体生活进入服事、见证与普世使命,我在你们中间，如同服事人的,我在你们中间，如同服事人的 · 周二省察,约13：1-5,在群体中不要争位置，学习像耶稣一样服事；今天主动承担一件没人争着做的事。,诚实面对关于“省察想被重视、掌控和被服侍的地方”的内在反应。,周二,今天给自己几分钟安静。读 约翰福音 13:1-5，把经文所揭开的张力带回心里：不要先批评自己，也不要替自己辩护；诚实辨认背后的欲望、惧怕、骄傲或不信，并把它带到主面前。。问自己，我在什么地方正在重复同样的模式？不必马上找到解决方案，只需要说真话，并用一句简单的祷告把这份真实交给主。,,省察｜先面对里面真实的反应,我为什么会在“省察想被重视、掌控和被服侍的地方”上有这样的反应？,不要先批评自己，也不要替自己辩护；诚实辨认背后的欲望、惧怕、骄傲或不信，并把它带到主面前。,今天诚实面对一个关于“省察想被重视、掌控和被服侍的地方”的内在反应，不用属灵话语遮盖它。,我在你们中间｜如同服事人的｜周二省察｜你是否愿意为,我最接近的状态｜愿意面对｜有点抗拒｜容易解释自己｜需要别人陪伴,今天安静5分钟，不为自己辩解，只写下“省察想被重视、掌控和被服侍的地方”引出的一个惧怕、欲望或惯性，然后用一句祷告交给主。,,V1.1｜第9–52周逐周具体内容已补全｜依据冻结版主题、每日经文与第1–8周确认的门训规则,本轮为内容制作稿；经文出处沿用冻结版，和合本全文与候选关键词仍须逐段核验。
227,33,周三,生活应用,模块4｜进入使命,从群体生活进入服事、见证与普世使命,我在你们中间，如同服事人的,我在你们中间，如同服事人的 · 周三应用,彼前5：1-4,在群体中不要争位置，学习像耶稣一样服事；今天主动承担一件没人争着做的事。,把“把一项工作主动做在别人之前”放进一个具体决定，用一个小行动回应经文。,周三,不要等到条件完美才回应经文。读 彼得前书 5:1-4，找出一个可以立即开始的动作，回应“不要追求大改变，只走清楚的一步。”。今天只走一步，但要真的走。行动之后，用一分钟回顾结果，让经验成为下一次跟随的依据。,,行动｜把经文落到一个今天能做的选择,今天我可以怎样把“把一项工作主动做在别人之前”做出来？,把原则缩小到今天：一个时间点、一个决定、一个动作就够。不要追求大改变，只走清楚的一步。,今天把“把一项工作主动做在别人之前”放进一个具体决定，用一个小行动回应经文。,我在你们中间｜如同服事人的｜周三应用｜今天你如何,我的行动准备度｜现在就能做｜需要一点计划｜需要别人提醒｜暂时还没想到,今天安排一个明确时间点，把“把一项工作主动做在别人之前”变成一个10分钟以内的行动，并在完成后记下一个结果。,,V1.1｜第9–52周逐周具体内容已补全｜依据冻结版主题、每日经文与第1–8周确认的门训规则,本轮为内容制作稿；经文出处沿用冻结版，和合本全文与候选关键词仍须逐段核验。
228,33,周四,关系实践,模块4｜进入使命,从群体生活进入服事、见证与普世使命,我在你们中间，如同服事人的,我在你们中间，如同服事人的 · 周四关系,路22：24-27,在群体中不要争位置，学习像耶稣一样服事；今天主动承担一件没人争着做的事。,让“在关系中先顾念别人的益处”发生在一个真实关系里。,周四,今天把跟随带进一个人的名字。读 路加福音 22:24-27，思想：想起一个具体的人，不停留在抽象的“爱人”；问自己：我可以听什么、说什么、给什么、承担什么？。想起一段真实关系，不停留在“我要更有爱心”的想法，而是决定一个看得见的动作：认真倾听、主动帮助、道歉、感谢、分享或代祷。让今天的经文通过你的关系被活出来。,,关系｜把跟随放进真实的人际关系,今天哪个关系最需要让我实践“在关系中先顾念别人的益处”？,想起一个具体的人，不停留在抽象的“爱人”；问自己：我可以听什么、说什么、给什么、承担什么？,今天让“在关系中先顾念别人的益处”发生在一个真实关系里，而不是停留在个人感受中。,我在你们中间｜如同服事人的｜周四关系｜今天你可以如,我在关系中的状态｜愿意主动｜想保持距离｜正在修复｜不知道怎么开口,今天选定一位具体的人，用一个可见动作实践“在关系中先顾念别人的益处”：主动联系、倾听、帮助、道歉、分享或代祷，六选一。,,V1.1｜第9–52周逐周具体内容已补全｜依据冻结版主题、每日经文与第1–8周确认的门训规则,本轮为内容制作稿；经文出处沿用冻结版，和合本全文与候选关键词仍须逐段核验。
229,33,周五,行动承诺,模块4｜进入使命,从群体生活进入服事、见证与普世使命,我在你们中间，如同服事人的,我在你们中间，如同服事人的 · 周五行动,腓2：3-4,在群体中不要争位置，学习像耶稣一样服事；今天主动承担一件没人争着做的事。,让一个真实行动显出“做一件隐藏的服事”正在改变我。,周五,今天的重点不是再多懂一点，而是愿意承担一步。读 腓立比书 2:3-4，把“用实际行动回应主的差遣。”落实到现实生活。可以是一次服事、一次给予、一次修复关系、一次见证或一次责任。先忠心完成今天能做的，然后在神面前感谢祂的带领。,,回应｜从跟随走向见证与承担,如果我真的相信“做一件隐藏的服事”，今天会有什么不同？,把信仰从个人感受带向承担：选择一个人、一个场景或一项责任，用实际行动回应主的差遣。,今天让别人能够从我的一个真实行动，看见“做一件隐藏的服事”正在改变我。,我在你们中间｜如同服事人的｜周五行动｜今天你如何,我的回应状态｜已经确定一步｜正在寻找机会｜有惧怕｜需要同伴同行,今天把“做一件隐藏的服事”带到一个真实的承担中：完成一次见证、服事、给予、修复关系或承担责任，并记录发生了什么。,,V1.1｜第9–52周逐周具体内容已补全｜依据冻结版主题、每日经文与第1–8周确认的门训规则,本轮为内容制作稿；经文出处沿用冻结版，和合本全文与候选关键词仍须逐段核验。
230,33,周六,轻回顾,模块4｜进入使命,从群体生活进入服事、见证与普世使命,我在你们中间，如同服事人的,回顾本周：我在你们中间，如同服事人的,诗23：1-6,在群体中不要争位置，学习像耶稣一样服事；今天主动承担一件没人争着做的事。,回头看这一周：经文让我看见了什么，我真正走了哪一步？,周六,回顾不是给自己打分，而是辨认神怎样工作。今天读 诗篇 23:1-6，整理你这一周在“不要只评价自己“做得好不好”，而是辨认：神让我看见了什么？我实际做了什么？下一步要继续什么？”上的经历。感谢已经发生的，也承认还没有改变的。最后写下一句本周总结，并确定一个可以带进下一周的小小行动。,,回顾｜看见本周发生了什么，并确定下一步,回头看七天，我在哪里真实经历了“回顾自己有没有更像服事人的主”？,不要只评价自己“做得好不好”，而是辨认：神让我看见了什么？我实际做了什么？下一步要继续什么？,今天从经历而不是感觉回顾“回顾自己有没有更像服事人的主”，辨认神的工作与下一步。,回顾本周｜我在你们中间｜如同服事人的｜这周你经历最,本周最接近我的状态｜有真实改变｜有看见但未落实｜正在挣扎｜准备重新开始,今天用10分钟完成本周回顾：写下“神让我看见什么／我实际做了什么／下一步继续什么”，并把下一步写成一个下周可执行的动作。,本周总结｜主题“我在你们中间，如同服事人的”。回顾“在群体中以服事为大—回顾自己有没有更像服事人的主”：神让我看见______；我实际回应了______；下一步我要继续______。｜宣告：主仍在带领我，我愿继续跟随。,V1.1｜第9–52周逐周具体内容已补全｜依据冻结版主题、每日经文与第1–8周确认的门训规则,本轮为内容制作稿；经文出处沿用冻结版，和合本全文与候选关键词仍须逐段核验。
231,34,主日,主日信息入口,模块4｜进入使命,从群体生活进入服事、见证与普世使命,失败以后，仍然跟随,失败以后，仍然跟随,路22：39-46；路22：54-62,失败不是跟随的终点，今天诚实面对一次失败，并重新走向主。,失败不是跟随的终点，今天诚实面对一次失败，并重新走向主。,主日,今天先慢下来。读 路加福音 22:39-46；54-62，让“失败以后，仍然跟随”成为这一周共同的入口。不要急着把主日信息变成更多知识，先问：留意主怎样带你从认识走向跟随。。把这个问题放进你真实的生活，找出一个本周愿意跟随主的场景。主日的领受要进入一周的生活，才会成为门徒的道路。,,进入｜从主日信息进入本周,本周，我最需要面对的是：“失败以后仍然跟随”,先不急着回答，把主日经文放进你的生活：失败以后仍然跟随。留意主怎样带你从认识走向跟随。,本周不追求抽象改变，只在一个真实生活场景中练习“失败以后仍然跟随”。,失败以后｜仍然跟随｜今天最触动你｜的是什么,今天最触动我的状态｜很有共鸣｜有一点挣扎｜还不清楚｜愿意开始,用3分钟写下本周回应：“主啊，在失败以后仍然跟随上，我愿意跟随你。”再选定一个本周每天都可以提醒自己的具体场景。,,V1.1｜第9–52周逐周具体内容已补全｜依据冻结版主题、每日经文与第1–8周确认的门训规则,本轮为内容制作稿；经文出处沿用冻结版，和合本全文与候选关键词仍须逐段核验。
232,34,周一,拓宽眼界,模块4｜进入使命,从群体生活进入服事、见证与普世使命,失败以后，仍然跟随,失败以后，仍然跟随 · 周一默想,诗51：1-12,失败不是跟随的终点，今天诚实面对一次失败，并重新走向主。,留意“允许失败带来真实悔改而不是逃避”在我的选择、情绪或习惯中如何出现。,周一,读 诗篇 51:1-12 时，先把注意力放在经文的人、行动和张力上。今天特别思想：再问自己：我今天在哪里正在经历同样的事？（经文：失败以后，仍然跟随 · 周一默想）。然后问自己，这件事在我的生活里有没有类似的位置？不要急着改变，先诚实记录一次。能够看见，是让神的话从纸面进入生命的第一步。,,看见｜先看见经文与自己的处境,经文怎样让我看见“允许失败带来真实悔改而不是逃避”？,先观察经文中的人物、行动和张力，再问自己：我今天在哪里正在经历同样的事？（经文：失败以后，仍然跟随 · 周一默想）,今天先看见，不急着改变；留意“允许失败带来真实悔改而不是逃避”在我的选择、情绪或习惯中如何出现。,失败以后｜仍然跟随｜周一默想｜大卫的悔改诗,今天我的状态｜已经看见｜有些模糊｜容易忽略｜愿意留意,今天选一个固定场景（通勤、工作、吃饭或睡前），停下来1分钟，记录一次“允许失败带来真实悔改而不是逃避”在自己身上的真实表现。,,V1.1｜第9–52周逐周具体内容已补全｜依据冻结版主题、每日经文与第1–8周确认的门训规则,本轮为内容制作稿；经文出处沿用冻结版，和合本全文与候选关键词仍须逐段核验。
233,34,周二,深入省察,模块4｜进入使命,从群体生活进入服事、见证与普世使命,失败以后，仍然跟随,失败以后，仍然跟随 · 周二省察,路22：54-62,失败不是跟随的终点，今天诚实面对一次失败，并重新走向主。,诚实面对关于“面对羞耻、否认与自我定罪”的内在反应。,周二,门徒训练不仅改变行为，也改变里面的动机。读 路加福音 22:54-62，认真面对“不要先批评自己，也不要替自己辩护；诚实辨认背后的欲望、惧怕、骄傲或不信，并把它带到主面前。”。当你察觉到防卫、焦虑、比较或自我保护时，不要赶快掩盖。把那个最真实的反应写下来，求主带你从看见走向悔改与信靠。,,省察｜先面对里面真实的反应,我为什么会在“面对羞耻、否认与自我定罪”上有这样的反应？,不要先批评自己，也不要替自己辩护；诚实辨认背后的欲望、惧怕、骄傲或不信，并把它带到主面前。,今天诚实面对一个关于“面对羞耻、否认与自我定罪”的内在反应，不用属灵话语遮盖它。,失败以后｜仍然跟随｜周二省察｜你是否像彼得,我最接近的状态｜愿意面对｜有点抗拒｜容易解释自己｜需要别人陪伴,今天安静5分钟，不为自己辩解，只写下“面对羞耻、否认与自我定罪”引出的一个惧怕、欲望或惯性，然后用一句祷告交给主。,,V1.1｜第9–52周逐周具体内容已补全｜依据冻结版主题、每日经文与第1–8周确认的门训规则,本轮为内容制作稿；经文出处沿用冻结版，和合本全文与候选关键词仍须逐段核验。
234,34,周三,生活应用,模块4｜进入使命,从群体生活进入服事、见证与普世使命,失败以后，仍然跟随,失败以后，仍然跟随 · 周三应用,约21：15-19,失败不是跟随的终点，今天诚实面对一次失败，并重新走向主。,把“在失败处重新听见主的呼召”放进一个具体决定，用一个小行动回应经文。,周三,今天把经文缩小成一个选择。读 约翰福音 21:15-19，问自己：不要追求大改变，只走清楚的一步。。不要设计一个很大的计划，只找一个今天能完成的小行动。门徒的成长常常发生在普通时间、普通决定和普通责任里。选定时间点去做，完成后再回看它带来了什么改变。,,行动｜把经文落到一个今天能做的选择,今天我可以怎样把“在失败处重新听见主的呼召”做出来？,把原则缩小到今天：一个时间点、一个决定、一个动作就够。不要追求大改变，只走清楚的一步。,今天把“在失败处重新听见主的呼召”放进一个具体决定，用一个小行动回应经文。,失败以后｜仍然跟随｜周三应用｜今天你如何回,我的行动准备度｜现在就能做｜需要一点计划｜需要别人提醒｜暂时还没想到,今天安排一个明确时间点，把“在失败处重新听见主的呼召”变成一个10分钟以内的行动，并在完成后记下一个结果。,,V1.1｜第9–52周逐周具体内容已补全｜依据冻结版主题、每日经文与第1–8周确认的门训规则,本轮为内容制作稿；经文出处沿用冻结版，和合本全文与候选关键词仍须逐段核验。
235,34,周四,关系实践,模块4｜进入使命,从群体生活进入服事、见证与普世使命,失败以后，仍然跟随,失败以后，仍然跟随 · 周四关系,加6：1-5,失败不是跟随的终点，今天诚实面对一次失败，并重新走向主。,让“接纳软弱的人并帮助恢复”发生在一个真实关系里。,周四,门徒生命一定会影响人与人的相处。读 加拉太书 6:1-5，问自己：想起一个具体的人，不停留在抽象的“爱人”；问自己：我可以听什么、说什么、给什么、承担什么？。选一个具体的人，少一点自我证明，多一点靠近与承担。你今天不需要解决这段关系的全部问题，只需要完成一个真实而善意的动作，并留意自己的心发生了什么。,,关系｜把跟随放进真实的人际关系,今天哪个关系最需要让我实践“接纳软弱的人并帮助恢复”？,想起一个具体的人，不停留在抽象的“爱人”；问自己：我可以听什么、说什么、给什么、承担什么？,今天让“接纳软弱的人并帮助恢复”发生在一个真实关系里，而不是停留在个人感受中。,失败以后｜仍然跟随｜周四关系｜今天你可以如,我在关系中的状态｜愿意主动｜想保持距离｜正在修复｜不知道怎么开口,今天选定一位具体的人，用一个可见动作实践“接纳软弱的人并帮助恢复”：主动联系、倾听、帮助、道歉、分享或代祷，六选一。,,V1.1｜第9–52周逐周具体内容已补全｜依据冻结版主题、每日经文与第1–8周确认的门训规则,本轮为内容制作稿；经文出处沿用冻结版，和合本全文与候选关键词仍须逐段核验。
236,34,周五,行动承诺,模块4｜进入使命,从群体生活进入服事、见证与普世使命,失败以后，仍然跟随,失败以后，仍然跟随 · 周五行动,罗8：31-39,失败不是跟随的终点，今天诚实面对一次失败，并重新走向主。,让一个真实行动显出“用一个行动回应主的恢复”正在改变我。,周五,回应就是把领受交在行动里。读 罗马书 8:31-39，思想“用实际行动回应主的差遣。”对今天意味着什么。选择一个具体行动，并为它安排明确的时间。做完不要急着评估自己，而是回头看：我是否更愿意跟随？神又让我看见了什么？,,回应｜从跟随走向见证与承担,如果我真的相信“用一个行动回应主的恢复”，今天会有什么不同？,把信仰从个人感受带向承担：选择一个人、一个场景或一项责任，用实际行动回应主的差遣。,今天让别人能够从我的一个真实行动，看见“用一个行动回应主的恢复”正在改变我。,失败以后｜仍然跟随｜周五行动｜今天你如何确,我的回应状态｜已经确定一步｜正在寻找机会｜有惧怕｜需要同伴同行,今天把“用一个行动回应主的恢复”带到一个真实的承担中：完成一次见证、服事、给予、修复关系或承担责任，并记录发生了什么。,,V1.1｜第9–52周逐周具体内容已补全｜依据冻结版主题、每日经文与第1–8周确认的门训规则,本轮为内容制作稿；经文出处沿用冻结版，和合本全文与候选关键词仍须逐段核验。
237,34,周六,轻回顾,模块4｜进入使命,从群体生活进入服事、见证与普世使命,失败以后，仍然跟随,回顾本周：失败以后，仍然跟随,诗23：1-6,失败不是跟随的终点，今天诚实面对一次失败，并重新走向主。,回头看这一周：经文让我看见了什么，我真正走了哪一步？,周六,今天是回顾的一天。读 诗篇 23:1-6，回头看这一周，特别整理：不要只评价自己“做得好不好”，而是辨认：神让我看见了什么？我实际做了什么？下一步要继续什么？。不要只问“我做得好不好”，而要问三件事：神让我看见什么？我实际做了什么？下一步要继续什么？把一个真实学习写下来，再把下一步写成下周可以执行的动作。,,回顾｜看见本周发生了什么，并确定下一步,回头看七天，我在哪里真实经历了“回顾失败是否成为重新跟随的起点”？,不要只评价自己“做得好不好”，而是辨认：神让我看见了什么？我实际做了什么？下一步要继续什么？,今天从经历而不是感觉回顾“回顾失败是否成为重新跟随的起点”，辨认神的工作与下一步。,回顾本周｜失败以后｜仍然跟随｜这周你经历最,本周最接近我的状态｜有真实改变｜有看见但未落实｜正在挣扎｜准备重新开始,今天用10分钟完成本周回顾：写下“神让我看见什么／我实际做了什么／下一步继续什么”，并把下一步写成一个下周可执行的动作。,本周总结｜主题“失败以后，仍然跟随”。回顾“失败以后仍然跟随—回顾失败是否成为重新跟随的起点”：神让我看见______；我实际回应了______；下一步我要继续______。｜宣告：主仍在带领我，我愿继续跟随。,V1.1｜第9–52周逐周具体内容已补全｜依据冻结版主题、每日经文与第1–8周确认的门训规则,本轮为内容制作稿；经文出处沿用冻结版，和合本全文与候选关键词仍须逐段核验。
238,35,主日,主日信息入口,模块4｜进入使命,从群体生活进入服事、见证与普世使命,十字架,十字架,路23：26-49,十字架重新定义跟随；今天在一个受委屈或不方便的地方选择忠心。,十字架重新定义跟随；今天在一个受委屈或不方便的地方选择忠心。,主日,今天是新一周的起点。读 路加福音 23:26-49，先观察经文如何把我们带到“十字架”。留意主怎样带你从认识走向跟随。。不要要求自己一次改变很多，只需要认出一个最真实的回应方向，并为接下来的六天留下一个可以反复操练的生活位置。,,进入｜从主日信息进入本周,本周，我最需要面对的是：“在十字架下重新理解跟随”,先不急着回答，把主日经文放进你的生活：在十字架下重新理解跟随。留意主怎样带你从认识走向跟随。,本周不追求抽象改变，只在一个真实生活场景中练习“在十字架下重新理解跟随”。,十字架｜今天最触动你｜的是什么｜十架,今天最触动我的状态｜很有共鸣｜有一点挣扎｜还不清楚｜愿意开始,用3分钟写下本周回应：“主啊，在在十字架下重新理解跟随上，我愿意跟随你。”再选定一个本周每天都可以提醒自己的具体场景。,,V1.1｜第9–52周逐周具体内容已补全｜依据冻结版主题、每日经文与第1–8周确认的门训规则,本轮为内容制作稿；经文出处沿用冻结版，和合本全文与候选关键词仍须逐段核验。
239,35,周一,拓宽眼界,模块4｜进入使命,从群体生活进入服事、见证与普世使命,十字架,十字架 · 周一默想,赛53：1-6,十字架重新定义跟随；今天在一个受委屈或不方便的地方选择忠心。,留意“让十字架进入安全感、面子与自我中心”在我的选择、情绪或习惯中如何出现。,周一,今天不急着得到“正确答案”，而是练习观察。读 以赛亚书 53:1-6，留意“再问自己：我今天在哪里正在经历同样的事？（经文：十字架 · 周一默想）”怎样显现在经文里，也怎样可能出现在你今天的生活中。选择一个固定场景停一分钟，看见自己真实的反应，并把它带到主面前。,,看见｜先看见经文与自己的处境,经文怎样让我看见“让十字架进入安全感、面子与自我中心”？,先观察经文中的人物、行动和张力，再问自己：我今天在哪里正在经历同样的事？（经文：十字架 · 周一默想）,今天先看见，不急着改变；留意“让十字架进入安全感、面子与自我中心”在我的选择、情绪或习惯中如何出现。,十字架｜周一默想｜这位｜受苦的仆人,今天我的状态｜已经看见｜有些模糊｜容易忽略｜愿意留意,今天选一个固定场景（通勤、工作、吃饭或睡前），停下来1分钟，记录一次“让十字架进入安全感、面子与自我中心”在自己身上的真实表现。,,V1.1｜第9–52周逐周具体内容已补全｜依据冻结版主题、每日经文与第1–8周确认的门训规则,本轮为内容制作稿；经文出处沿用冻结版，和合本全文与候选关键词仍须逐段核验。
240,35,周二,深入省察,模块4｜进入使命,从群体生活进入服事、见证与普世使命,十字架,十字架 · 周二省察,太16：21-23,十字架重新定义跟随；今天在一个受委屈或不方便的地方选择忠心。,诚实面对关于“面对逃避受苦和不愿舍己”的内在反应。,周二,今天从外在经文转向内在生命。读 马太福音 16:21-23，诚实面对：不要先批评自己，也不要替自己辩护；诚实辨认背后的欲望、惧怕、骄傲或不信，并把它带到主面前。。不要先解释自己，也不要急着定罪自己。试着辨认这个反应背后更深的欲望、惧怕、骄傲或不信。省察不是自责，而是在神面前停止遮掩，愿意让主触碰真实的自己。,,省察｜先面对里面真实的反应,我为什么会在“面对逃避受苦和不愿舍己”上有这样的反应？,不要先批评自己，也不要替自己辩护；诚实辨认背后的欲望、惧怕、骄傲或不信，并把它带到主面前。,今天诚实面对一个关于“面对逃避受苦和不愿舍己”的内在反应，不用属灵话语遮盖它。,十字架｜周二省察｜你的意念是｜人的意思,我最接近的状态｜愿意面对｜有点抗拒｜容易解释自己｜需要别人陪伴,今天安静5分钟，不为自己辩解，只写下“面对逃避受苦和不愿舍己”引出的一个惧怕、欲望或惯性，然后用一句祷告交给主。,,V1.1｜第9–52周逐周具体内容已补全｜依据冻结版主题、每日经文与第1–8周确认的门训规则,本轮为内容制作稿；经文出处沿用冻结版，和合本全文与候选关键词仍须逐段核验。
241,35,周三,生活应用,模块4｜进入使命,从群体生活进入服事、见证与普世使命,十字架,十字架 · 周三应用,加2：20,十字架重新定义跟随；今天在一个受委屈或不方便的地方选择忠心。,把“在一个具体领域向自己说不”放进一个具体决定，用一个小行动回应经文。,周三,今天让“知道”变成“去做”。读 加拉太书 2:20，思考“不要追求大改变，只走清楚的一步。”在你的现实处境中最小的下一步是什么。把行动限定在十分钟左右，越具体越好。做完后记下一句话：我做了什么？有什么阻力？主让我看见什么？,,行动｜把经文落到一个今天能做的选择,今天我可以怎样把“在一个具体领域向自己说不”做出来？,把原则缩小到今天：一个时间点、一个决定、一个动作就够。不要追求大改变，只走清楚的一步。,今天把“在一个具体领域向自己说不”放进一个具体决定，用一个小行动回应经文。,十字架｜周三应用｜今天你如何｜与基督同钉十,我的行动准备度｜现在就能做｜需要一点计划｜需要别人提醒｜暂时还没想到,今天安排一个明确时间点，把“在一个具体领域向自己说不”变成一个10分钟以内的行动，并在完成后记下一个结果。,,V1.1｜第9–52周逐周具体内容已补全｜依据冻结版主题、每日经文与第1–8周确认的门训规则,本轮为内容制作稿；经文出处沿用冻结版，和合本全文与候选关键词仍须逐段核验。
242,35,周四,关系实践,模块4｜进入使命,从群体生活进入服事、见证与普世使命,十字架,十字架 · 周四关系,太27：27-31,十字架重新定义跟随；今天在一个受委屈或不方便的地方选择忠心。,让“以温柔对待受伤和得罪自己的人”发生在一个真实关系里。,周四,今天观察自己怎样对待别人，也让经文重新整理这种关系。读 马太福音 27:27-31，围绕“想起一个具体的人，不停留在抽象的“爱人”；问自己：我可以听什么、说什么、给什么、承担什么？”作一个具体决定。找一个人，主动走近一步；可以是一句话、一次倾听、一次帮助或一次代祷。真实关系中的小小顺服，就是门徒训练的一部分。,,关系｜把跟随放进真实的人际关系,今天哪个关系最需要让我实践“以温柔对待受伤和得罪自己的人”？,想起一个具体的人，不停留在抽象的“爱人”；问自己：我可以听什么、说什么、给什么、承担什么？,今天让“以温柔对待受伤和得罪自己的人”发生在一个真实关系里，而不是停留在个人感受中。,十字架｜周四关系｜今天你可以如｜何为,我在关系中的状态｜愿意主动｜想保持距离｜正在修复｜不知道怎么开口,今天选定一位具体的人，用一个可见动作实践“以温柔对待受伤和得罪自己的人”：主动联系、倾听、帮助、道歉、分享或代祷，六选一。,,V1.1｜第9–52周逐周具体内容已补全｜依据冻结版主题、每日经文与第1–8周确认的门训规则,本轮为内容制作稿；经文出处沿用冻结版，和合本全文与候选关键词仍须逐段核验。
243,35,周五,行动承诺,模块4｜进入使命,从群体生活进入服事、见证与普世使命,十字架,十字架 · 周五行动,约19：28-30,十字架重新定义跟随；今天在一个受委屈或不方便的地方选择忠心。,让一个真实行动显出“用舍己的行动完成一次爱”正在改变我。,周五,今天来到回应与承担。读 约翰福音 19:28-30，问自己：用实际行动回应主的差遣。。把信仰从个人感受带向一个具体的人、一项责任或一个见证行动。不要追求被看见，只求忠心。完成之后写下发生了什么，让你自己的行动成为一个可以被回顾、也可以被分享的见证。,,回应｜从跟随走向见证与承担,如果我真的相信“用舍己的行动完成一次爱”，今天会有什么不同？,把信仰从个人感受带向承担：选择一个人、一个场景或一项责任，用实际行动回应主的差遣。,今天让别人能够从我的一个真实行动，看见“用舍己的行动完成一次爱”正在改变我。,十字架｜周五行动｜今天你如何像｜耶稣一样说,我的回应状态｜已经确定一步｜正在寻找机会｜有惧怕｜需要同伴同行,今天把“用舍己的行动完成一次爱”带到一个真实的承担中：完成一次见证、服事、给予、修复关系或承担责任，并记录发生了什么。,,V1.1｜第9–52周逐周具体内容已补全｜依据冻结版主题、每日经文与第1–8周确认的门训规则,本轮为内容制作稿；经文出处沿用冻结版，和合本全文与候选关键词仍须逐段核验。
244,35,周六,轻回顾,模块4｜进入使命,从群体生活进入服事、见证与普世使命,十字架,回顾本周：十字架,诗23：1-6,十字架重新定义跟随；今天在一个受委屈或不方便的地方选择忠心。,回头看这一周：经文让我看见了什么，我真正走了哪一步？,周六,读 诗篇 23:1-6，安静回看这七天的经历：哪些地方有顺服，哪些地方仍在挣扎，哪里看见神的带领？特别思考“不要只评价自己“做得好不好”，而是辨认：神让我看见了什么？我实际做了什么？下一步要继续什么？”。今天把本周浓缩成“一个看见、一个行动、一个下一步”，让回顾成为继续跟随的桥梁。,,回顾｜看见本周发生了什么，并确定下一步,回头看七天，我在哪里真实经历了“回顾十字架如何改变了本周的选择”？,不要只评价自己“做得好不好”，而是辨认：神让我看见了什么？我实际做了什么？下一步要继续什么？,今天从经历而不是感觉回顾“回顾十字架如何改变了本周的选择”，辨认神的工作与下一步。,回顾本周｜十字架｜这周你经历最｜多的是什么,本周最接近我的状态｜有真实改变｜有看见但未落实｜正在挣扎｜准备重新开始,今天用10分钟完成本周回顾：写下“神让我看见什么／我实际做了什么／下一步继续什么”，并把下一步写成一个下周可执行的动作。,本周总结｜主题“十字架”。回顾“在十字架下重新理解跟随—回顾十字架如何改变了本周的选择”：神让我看见______；我实际回应了______；下一步我要继续______。｜宣告：主仍在带领我，我愿继续跟随。,V1.1｜第9–52周逐周具体内容已补全｜依据冻结版主题、每日经文与第1–8周确认的门训规则,本轮为内容制作稿；经文出处沿用冻结版，和合本全文与候选关键词仍须逐段核验。
245,36,主日,主日信息入口,模块4｜进入使命,从群体生活进入服事、见证与普世使命,从复活走向见证,从复活走向见证,路24：1-53,复活把门徒从悲伤带向见证，今天把一个从主领受的盼望说给别人听。,复活把门徒从悲伤带向见证，今天把一个从主领受的盼望说给别人听。,主日,今天把经文放在心里，也把自己放在经文面前。读 路加福音 24:1-53，围绕“从复活走向见证”安静片刻，思想：留意主怎样带你从认识走向跟随。。主日不是结束，而是进入本周门训的起点。今天选定一个具体场景，提醒自己在这一周继续回来面对这个主题。,,进入｜从主日信息进入本周,本周，我最需要面对的是：“从复活走向见证”,先不急着回答，把主日经文放进你的生活：从复活走向见证。留意主怎样带你从认识走向跟随。,本周不追求抽象改变，只在一个真实生活场景中练习“从复活走向见证”。,从复活走向见｜今天最触动你｜的是什么｜复活,今天最触动我的状态｜很有共鸣｜有一点挣扎｜还不清楚｜愿意开始,用3分钟写下本周回应：“主啊，在从复活走向见证上，我愿意跟随你。”再选定一个本周每天都可以提醒自己的具体场景。,,V1.1｜第9–52周逐周具体内容已补全｜依据冻结版主题、每日经文与第1–8周确认的门训规则,本轮为内容制作稿；经文出处沿用冻结版，和合本全文与候选关键词仍须逐段核验。
246,36,周一,拓宽眼界,模块4｜进入使命,从群体生活进入服事、见证与普世使命,从复活走向见证,从复活走向见证 · 周一默想,诗16：8-11,复活把门徒从悲伤带向见证，今天把一个从主领受的盼望说给别人听。,留意“让复活成为勇气与盼望”在我的选择、情绪或习惯中如何出现。,周一,今天先学习看见。读 诗篇 16:8-11，不要急着批评或解决问题，留意经文让你看见什么：再问自己：我今天在哪里正在经历同样的事？（经文：从复活走向见证 · 周一默想）。再回到自己的生活，观察一个真实反应、选择或习惯。门徒不是先表现得正确，而是先在神的光中看清楚自己。把今天看见的一件事记下来，作为后面回应的起点。,,看见｜先看见经文与自己的处境,经文怎样让我看见“让复活成为勇气与盼望”？,先观察经文中的人物、行动和张力，再问自己：我今天在哪里正在经历同样的事？（经文：从复活走向见证 · 周一默想）,今天先看见，不急着改变；留意“让复活成为勇气与盼望”在我的选择、情绪或习惯中如何出现。,从复活走向见｜周一默想｜必不将我的灵｜魂撇在阴间,今天我的状态｜已经看见｜有些模糊｜容易忽略｜愿意留意,今天选一个固定场景（通勤、工作、吃饭或睡前），停下来1分钟，记录一次“让复活成为勇气与盼望”在自己身上的真实表现。,,V1.1｜第9–52周逐周具体内容已补全｜依据冻结版主题、每日经文与第1–8周确认的门训规则,本轮为内容制作稿；经文出处沿用冻结版，和合本全文与候选关键词仍须逐段核验。
247,36,周二,深入省察,模块4｜进入使命,从群体生活进入服事、见证与普世使命,从复活走向见证,从复活走向见证 · 周二省察,路24：13-35,复活把门徒从悲伤带向见证，今天把一个从主领受的盼望说给别人听。,诚实面对关于“面对怀疑、沉默与害怕”的内在反应。,周二,今天给自己几分钟安静。读 路加福音 24:13-35，把经文所揭开的张力带回心里：不要先批评自己，也不要替自己辩护；诚实辨认背后的欲望、惧怕、骄傲或不信，并把它带到主面前。。问自己，我在什么地方正在重复同样的模式？不必马上找到解决方案，只需要说真话，并用一句简单的祷告把这份真实交给主。,,省察｜先面对里面真实的反应,我为什么会在“面对怀疑、沉默与害怕”上有这样的反应？,不要先批评自己，也不要替自己辩护；诚实辨认背后的欲望、惧怕、骄傲或不信，并把它带到主面前。,今天诚实面对一个关于“面对怀疑、沉默与害怕”的内在反应，不用属灵话语遮盖它。,从复活走向见｜周二省察｜你的心是否｜火热,我最接近的状态｜愿意面对｜有点抗拒｜容易解释自己｜需要别人陪伴,今天安静5分钟，不为自己辩解，只写下“面对怀疑、沉默与害怕”引出的一个惧怕、欲望或惯性，然后用一句祷告交给主。,,V1.1｜第9–52周逐周具体内容已补全｜依据冻结版主题、每日经文与第1–8周确认的门训规则,本轮为内容制作稿；经文出处沿用冻结版，和合本全文与候选关键词仍须逐段核验。
248,36,周三,生活应用,模块4｜进入使命,从群体生活进入服事、见证与普世使命,从复活走向见证,从复活走向见证 · 周三应用,徒4：29-31,复活把门徒从悲伤带向见证，今天把一个从主领受的盼望说给别人听。,把“在压力中仍然开口见证”放进一个具体决定，用一个小行动回应经文。,周三,不要等到条件完美才回应经文。读 使徒行传 4:29-31，找出一个可以立即开始的动作，回应“不要追求大改变，只走清楚的一步。”。今天只走一步，但要真的走。行动之后，用一分钟回顾结果，让经验成为下一次跟随的依据。,,行动｜把经文落到一个今天能做的选择,今天我可以怎样把“在压力中仍然开口见证”做出来？,把原则缩小到今天：一个时间点、一个决定、一个动作就够。不要追求大改变，只走清楚的一步。,今天把“在压力中仍然开口见证”放进一个具体决定，用一个小行动回应经文。,从复活走向见｜周三应用｜今天你如何｜放胆,我的行动准备度｜现在就能做｜需要一点计划｜需要别人提醒｜暂时还没想到,今天安排一个明确时间点，把“在压力中仍然开口见证”变成一个10分钟以内的行动，并在完成后记下一个结果。,,V1.1｜第9–52周逐周具体内容已补全｜依据冻结版主题、每日经文与第1–8周确认的门训规则,本轮为内容制作稿；经文出处沿用冻结版，和合本全文与候选关键词仍须逐段核验。
249,36,周四,关系实践,模块4｜进入使命,从群体生活进入服事、见证与普世使命,从复活走向见证,从复活走向见证 · 周四关系,徒1：1-8,复活把门徒从悲伤带向见证，今天把一个从主领受的盼望说给别人听。,让“主动向一个人说明盼望的来源”发生在一个真实关系里。,周四,今天把跟随带进一个人的名字。读 使徒行传 1:1-8，思想：想起一个具体的人，不停留在抽象的“爱人”；问自己：我可以听什么、说什么、给什么、承担什么？。想起一段真实关系，不停留在“我要更有爱心”的想法，而是决定一个看得见的动作：认真倾听、主动帮助、道歉、感谢、分享或代祷。让今天的经文通过你的关系被活出来。,,关系｜把跟随放进真实的人际关系,今天哪个关系最需要让我实践“主动向一个人说明盼望的来源”？,想起一个具体的人，不停留在抽象的“爱人”；问自己：我可以听什么、说什么、给什么、承担什么？,今天让“主动向一个人说明盼望的来源”发生在一个真实关系里，而不是停留在个人感受中。,从复活走向见｜周四关系｜今天你可以向｜作见证,我在关系中的状态｜愿意主动｜想保持距离｜正在修复｜不知道怎么开口,今天选定一位具体的人，用一个可见动作实践“主动向一个人说明盼望的来源”：主动联系、倾听、帮助、道歉、分享或代祷，六选一。,,V1.1｜第9–52周逐周具体内容已补全｜依据冻结版主题、每日经文与第1–8周确认的门训规则,本轮为内容制作稿；经文出处沿用冻结版，和合本全文与候选关键词仍须逐段核验。
250,36,周五,行动承诺,模块4｜进入使命,从群体生活进入服事、见证与普世使命,从复活走向见证,从复活走向见证 · 周五行动,路24：45-48,复活把门徒从悲伤带向见证，今天把一个从主领受的盼望说给别人听。,让一个真实行动显出“完成一次具体的见证或邀请”正在改变我。,周五,今天的重点不是再多懂一点，而是愿意承担一步。读 路加福音 24:45-48，把“用实际行动回应主的差遣。”落实到现实生活。可以是一次服事、一次给予、一次修复关系、一次见证或一次责任。先忠心完成今天能做的，然后在神面前感谢祂的带领。,,回应｜从跟随走向见证与承担,如果我真的相信“完成一次具体的见证或邀请”，今天会有什么不同？,把信仰从个人感受带向承担：选择一个人、一个场景或一项责任，用实际行动回应主的差遣。,今天让别人能够从我的一个真实行动，看见“完成一次具体的见证或邀请”正在改变我。,从复活走向见｜周五行动｜今天你如何｜奉他的名传悔,我的回应状态｜已经确定一步｜正在寻找机会｜有惧怕｜需要同伴同行,今天把“完成一次具体的见证或邀请”带到一个真实的承担中：完成一次见证、服事、给予、修复关系或承担责任，并记录发生了什么。,,V1.1｜第9–52周逐周具体内容已补全｜依据冻结版主题、每日经文与第1–8周确认的门训规则,本轮为内容制作稿；经文出处沿用冻结版，和合本全文与候选关键词仍须逐段核验。
251,36,周六,轻回顾,模块4｜进入使命,从群体生活进入服事、见证与普世使命,从复活走向见证,回顾本周：从复活走向见证,诗23：1-6,复活把门徒从悲伤带向见证，今天把一个从主领受的盼望说给别人听。,回头看这一周：经文让我看见了什么，我真正走了哪一步？,周六,回顾不是给自己打分，而是辨认神怎样工作。今天读 诗篇 23:1-6，整理你这一周在“不要只评价自己“做得好不好”，而是辨认：神让我看见了什么？我实际做了什么？下一步要继续什么？”上的经历。感谢已经发生的，也承认还没有改变的。最后写下一句本周总结，并确定一个可以带进下一周的小小行动。,,回顾｜看见本周发生了什么，并确定下一步,回头看七天，我在哪里真实经历了“回顾复活盼望怎样改变了行动”？,不要只评价自己“做得好不好”，而是辨认：神让我看见了什么？我实际做了什么？下一步要继续什么？,今天从经历而不是感觉回顾“回顾复活盼望怎样改变了行动”，辨认神的工作与下一步。,回顾本周｜从复活走向见｜这周你经历最｜多的是什么,本周最接近我的状态｜有真实改变｜有看见但未落实｜正在挣扎｜准备重新开始,今天用10分钟完成本周回顾：写下“神让我看见什么／我实际做了什么／下一步继续什么”，并把下一步写成一个下周可执行的动作。,本周总结｜主题“从复活走向见证”。回顾“从复活走向见证—回顾复活盼望怎样改变了行动”：神让我看见______；我实际回应了______；下一步我要继续______。｜宣告：主仍在带领我，我愿继续跟随。,V1.1｜第9–52周逐周具体内容已补全｜依据冻结版主题、每日经文与第1–8周确认的门训规则,本轮为内容制作稿；经文出处沿用冻结版，和合本全文与候选关键词仍须逐段核验。
252,37,主日,主日信息入口,模块4｜进入使命,从群体生活进入服事、见证与普世使命,走向一个人,走向一个人,徒8：26-40,不要只等人来，学习走向一个人；今天主动靠近一个平时容易忽略的人。,不要只等人来，学习走向一个人；今天主动靠近一个平时容易忽略的人。,主日,今天先慢下来。读 使徒行传 8:26-40，让“走向一个人”成为这一周共同的入口。不要急着把主日信息变成更多知识，先问：留意主怎样带你从认识走向跟随。。把这个问题放进你真实的生活，找出一个本周愿意跟随主的场景。主日的领受要进入一周的生活，才会成为门徒的道路。,,进入｜从主日信息进入本周,本周，我最需要面对的是：“走向一个具体的人”,先不急着回答，把主日经文放进你的生活：走向一个具体的人。留意主怎样带你从认识走向跟随。,本周不追求抽象改变，只在一个真实生活场景中练习“走向一个具体的人”。,走向一个人｜今天最触动你｜的是什么｜圣灵,今天最触动我的状态｜很有共鸣｜有一点挣扎｜还不清楚｜愿意开始,用3分钟写下本周回应：“主啊，在走向一个具体的人上，我愿意跟随你。”再选定一个本周每天都可以提醒自己的具体场景。,,V1.1｜第9–52周逐周具体内容已补全｜依据冻结版主题、每日经文与第1–8周确认的门训规则,本轮为内容制作稿；经文出处沿用冻结版，和合本全文与候选关键词仍须逐段核验。
253,37,周一,拓宽眼界,模块4｜进入使命,从群体生活进入服事、见证与普世使命,走向一个人,走向一个人 · 周一默想,赛56：3-8,不要只等人来，学习走向一个人；今天主动靠近一个平时容易忽略的人。,留意“不只看人群，而是看见一个人”在我的选择、情绪或习惯中如何出现。,周一,读 以赛亚书 56:3-8 时，先把注意力放在经文的人、行动和张力上。今天特别思想：再问自己：我今天在哪里正在经历同样的事？（经文：走向一个人 · 周一默想）。然后问自己，这件事在我的生活里有没有类似的位置？不要急着改变，先诚实记录一次。能够看见，是让神的话从纸面进入生命的第一步。,,看见｜先看见经文与自己的处境,经文怎样让我看见“不只看人群，而是看见一个人”？,先观察经文中的人物、行动和张力，再问自己：我今天在哪里正在经历同样的事？（经文：走向一个人 · 周一默想）,今天先看见，不急着改变；留意“不只看人群，而是看见一个人”在我的选择、情绪或习惯中如何出现。,走向一个人｜周一默想｜神对｜外邦人,今天我的状态｜已经看见｜有些模糊｜容易忽略｜愿意留意,今天选一个固定场景（通勤、工作、吃饭或睡前），停下来1分钟，记录一次“不只看人群，而是看见一个人”在自己身上的真实表现。,,V1.1｜第9–52周逐周具体内容已补全｜依据冻结版主题、每日经文与第1–8周确认的门训规则,本轮为内容制作稿；经文出处沿用冻结版，和合本全文与候选关键词仍须逐段核验。
254,37,周二,深入省察,模块4｜进入使命,从群体生活进入服事、见证与普世使命,走向一个人,走向一个人 · 周二省察,拿4：1-4,不要只等人来，学习走向一个人；今天主动靠近一个平时容易忽略的人。,诚实面对关于“面对偏见、忽略和忙碌”的内在反应。,周二,门徒训练不仅改变行为，也改变里面的动机。读 约拿书 4:1-4，认真面对“不要先批评自己，也不要替自己辩护；诚实辨认背后的欲望、惧怕、骄傲或不信，并把它带到主面前。”。当你察觉到防卫、焦虑、比较或自我保护时，不要赶快掩盖。把那个最真实的反应写下来，求主带你从看见走向悔改与信靠。,,省察｜先面对里面真实的反应,我为什么会在“面对偏见、忽略和忙碌”上有这样的反应？,不要先批评自己，也不要替自己辩护；诚实辨认背后的欲望、惧怕、骄傲或不信，并把它带到主面前。,今天诚实面对一个关于“面对偏见、忽略和忙碌”的内在反应，不用属灵话语遮盖它。,走向一个人｜周二省察｜你是否有｜不该救,我最接近的状态｜愿意面对｜有点抗拒｜容易解释自己｜需要别人陪伴,今天安静5分钟，不为自己辩解，只写下“面对偏见、忽略和忙碌”引出的一个惧怕、欲望或惯性，然后用一句祷告交给主。,,V1.1｜第9–52周逐周具体内容已补全｜依据冻结版主题、每日经文与第1–8周确认的门训规则,本轮为内容制作稿；经文出处沿用冻结版，和合本全文与候选关键词仍须逐段核验。
255,37,周三,生活应用,模块4｜进入使命,从群体生活进入服事、见证与普世使命,走向一个人,走向一个人 · 周三应用,路14：15-24,不要只等人来，学习走向一个人；今天主动靠近一个平时容易忽略的人。,把“留出时间真正进入一个人的故事”放进一个具体决定，用一个小行动回应经文。,周三,今天把经文缩小成一个选择。读 路加福音 14:15-24，问自己：不要追求大改变，只走清楚的一步。。不要设计一个很大的计划，只找一个今天能完成的小行动。门徒的成长常常发生在普通时间、普通决定和普通责任里。选定时间点去做，完成后再回看它带来了什么改变。,,行动｜把经文落到一个今天能做的选择,今天我可以怎样把“留出时间真正进入一个人的故事”做出来？,把原则缩小到今天：一个时间点、一个决定、一个动作就够。不要追求大改变，只走清楚的一步。,今天把“留出时间真正进入一个人的故事”放进一个具体决定，用一个小行动回应经文。,走向一个人｜周三应用｜今天你可以｜出去,我的行动准备度｜现在就能做｜需要一点计划｜需要别人提醒｜暂时还没想到,今天安排一个明确时间点，把“留出时间真正进入一个人的故事”变成一个10分钟以内的行动，并在完成后记下一个结果。,,V1.1｜第9–52周逐周具体内容已补全｜依据冻结版主题、每日经文与第1–8周确认的门训规则,本轮为内容制作稿；经文出处沿用冻结版，和合本全文与候选关键词仍须逐段核验。
256,37,周四,关系实践,模块4｜进入使命,从群体生活进入服事、见证与普世使命,走向一个人,走向一个人 · 周四关系,徒8：26-31,不要只等人来，学习走向一个人；今天主动靠近一个平时容易忽略的人。,让“先听、再问、再回应”发生在一个真实关系里。,周四,门徒生命一定会影响人与人的相处。读 使徒行传 8:26-31，问自己：想起一个具体的人，不停留在抽象的“爱人”；问自己：我可以听什么、说什么、给什么、承担什么？。选一个具体的人，少一点自我证明，多一点靠近与承担。你今天不需要解决这段关系的全部问题，只需要完成一个真实而善意的动作，并留意自己的心发生了什么。,,关系｜把跟随放进真实的人际关系,今天哪个关系最需要让我实践“先听、再问、再回应”？,想起一个具体的人，不停留在抽象的“爱人”；问自己：我可以听什么、说什么、给什么、承担什么？,今天让“先听、再问、再回应”发生在一个真实关系里，而不是停留在个人感受中。,走向一个人｜周四关系｜今天你可以像｜腓利一样,我在关系中的状态｜愿意主动｜想保持距离｜正在修复｜不知道怎么开口,今天选定一位具体的人，用一个可见动作实践“先听、再问、再回应”：主动联系、倾听、帮助、道歉、分享或代祷，六选一。,,V1.1｜第9–52周逐周具体内容已补全｜依据冻结版主题、每日经文与第1–8周确认的门训规则,本轮为内容制作稿；经文出处沿用冻结版，和合本全文与候选关键词仍须逐段核验。
257,37,周五,行动承诺,模块4｜进入使命,从群体生活进入服事、见证与普世使命,走向一个人,走向一个人 · 周五行动,太10：5-8,不要只等人来，学习走向一个人；今天主动靠近一个平时容易忽略的人。,让一个真实行动显出“把关怀推进到一次持续跟进”正在改变我。,周五,回应就是把领受交在行动里。读 马太福音 10:5-8，思想“用实际行动回应主的差遣。”对今天意味着什么。选择一个具体行动，并为它安排明确的时间。做完不要急着评估自己，而是回头看：我是否更愿意跟随？神又让我看见了什么？,,回应｜从跟随走向见证与承担,如果我真的相信“把关怀推进到一次持续跟进”，今天会有什么不同？,把信仰从个人感受带向承担：选择一个人、一个场景或一项责任，用实际行动回应主的差遣。,今天让别人能够从我的一个真实行动，看见“把关怀推进到一次持续跟进”正在改变我。,走向一个人｜周五行动｜今天你如何｜白白地舍去,我的回应状态｜已经确定一步｜正在寻找机会｜有惧怕｜需要同伴同行,今天把“把关怀推进到一次持续跟进”带到一个真实的承担中：完成一次见证、服事、给予、修复关系或承担责任，并记录发生了什么。,,V1.1｜第9–52周逐周具体内容已补全｜依据冻结版主题、每日经文与第1–8周确认的门训规则,本轮为内容制作稿；经文出处沿用冻结版，和合本全文与候选关键词仍须逐段核验。
258,37,周六,轻回顾,模块4｜进入使命,从群体生活进入服事、见证与普世使命,走向一个人,回顾本周：走向一个人,诗23：1-6,不要只等人来，学习走向一个人；今天主动靠近一个平时容易忽略的人。,回头看这一周：经文让我看见了什么，我真正走了哪一步？,周六,今天是回顾的一天。读 诗篇 23:1-6，回头看这一周，特别整理：不要只评价自己“做得好不好”，而是辨认：神让我看见了什么？我实际做了什么？下一步要继续什么？。不要只问“我做得好不好”，而要问三件事：神让我看见什么？我实际做了什么？下一步要继续什么？把一个真实学习写下来，再把下一步写成下周可以执行的动作。,,回顾｜看见本周发生了什么，并确定下一步,回头看七天，我在哪里真实经历了“回顾一个人的生命是否成为你的具体负担”？,不要只评价自己“做得好不好”，而是辨认：神让我看见了什么？我实际做了什么？下一步要继续什么？,今天从经历而不是感觉回顾“回顾一个人的生命是否成为你的具体负担”，辨认神的工作与下一步。,回顾本周｜走向一个人｜这周你经历最｜多的是什么,本周最接近我的状态｜有真实改变｜有看见但未落实｜正在挣扎｜准备重新开始,今天用10分钟完成本周回顾：写下“神让我看见什么／我实际做了什么／下一步继续什么”，并把下一步写成一个下周可执行的动作。,本周总结｜主题“走向一个人”。回顾“走向一个具体的人—回顾一个人的生命是否成为你的具体负担”：神让我看见______；我实际回应了______；下一步我要继续______。｜宣告：主仍在带领我，我愿继续跟随。,V1.1｜第9–52周逐周具体内容已补全｜依据冻结版主题、每日经文与第1–8周确认的门训规则,本轮为内容制作稿；经文出处沿用冻结版，和合本全文与候选关键词仍须逐段核验。
259,38,主日,主日信息入口,模块4｜进入使命,从群体生活进入服事、见证与普世使命,神所洁净的，不可当作俗物,神所洁净的，不可当作俗物,徒10：1-48,让神拆掉人与人之间的界线，今天重新认识一个你容易保持距离的人。,让神拆掉人与人之间的界线，今天重新认识一个你容易保持距离的人。,主日,今天是新一周的起点。读 使徒行传 10:1-48，先观察经文如何把我们带到“神所洁净的，不可当作俗物”。留意主怎样带你从认识走向跟随。。不要要求自己一次改变很多，只需要认出一个最真实的回应方向，并为接下来的六天留下一个可以反复操练的生活位置。,,进入｜从主日信息进入本周,本周，我最需要面对的是：“接受神拆毁界线的工作”,先不急着回答，把主日经文放进你的生活：接受神拆毁界线的工作。留意主怎样带你从认识走向跟随。,本周不追求抽象改变，只在一个真实生活场景中练习“接受神拆毁界线的工作”。,神所洁净的｜不可当作俗物｜今天最触动你｜的是什么,今天最触动我的状态｜很有共鸣｜有一点挣扎｜还不清楚｜愿意开始,用3分钟写下本周回应：“主啊，在接受神拆毁界线的工作上，我愿意跟随你。”再选定一个本周每天都可以提醒自己的具体场景。,,V1.1｜第9–52周逐周具体内容已补全｜依据冻结版主题、每日经文与第1–8周确认的门训规则,本轮为内容制作稿；经文出处沿用冻结版，和合本全文与候选关键词仍须逐段核验。
260,38,周一,拓宽眼界,模块4｜进入使命,从群体生活进入服事、见证与普世使命,神所洁净的，不可当作俗物,神所洁净的，不可当作俗物 · 周一默想,利11：44-47,让神拆掉人与人之间的界线，今天重新认识一个你容易保持距离的人。,留意“让福音重新定义洁净与接纳”在我的选择、情绪或习惯中如何出现。,周一,今天不急着得到“正确答案”，而是练习观察。读 利未记 11:44-47，留意“再问自己：我今天在哪里正在经历同样的事？（经文：神所洁净的，不可当作俗物 · 周一默想）”怎样显现在经文里，也怎样可能出现在你今天的生活中。选择一个固定场景停一分钟，看见自己真实的反应，并把它带到主面前。,,看见｜先看见经文与自己的处境,经文怎样让我看见“让福音重新定义洁净与接纳”？,先观察经文中的人物、行动和张力，再问自己：我今天在哪里正在经历同样的事？（经文：神所洁净的，不可当作俗物 · 周一默想）,今天先看见，不急着改变；留意“让福音重新定义洁净与接纳”在我的选择、情绪或习惯中如何出现。,神所洁净的｜不可当作俗物｜周一默想｜旧约,今天我的状态｜已经看见｜有些模糊｜容易忽略｜愿意留意,今天选一个固定场景（通勤、工作、吃饭或睡前），停下来1分钟，记录一次“让福音重新定义洁净与接纳”在自己身上的真实表现。,,V1.1｜第9–52周逐周具体内容已补全｜依据冻结版主题、每日经文与第1–8周确认的门训规则,本轮为内容制作稿；经文出处沿用冻结版，和合本全文与候选关键词仍须逐段核验。
261,38,周二,深入省察,模块4｜进入使命,从群体生活进入服事、见证与普世使命,神所洁净的，不可当作俗物,神所洁净的，不可当作俗物 · 周二省察,太15：10-20,让神拆掉人与人之间的界线，今天重新认识一个你容易保持距离的人。,诚实面对关于“面对偏见、标签与习惯性排斥”的内在反应。,周二,今天从外在经文转向内在生命。读 马太福音 15:10-20，诚实面对：不要先批评自己，也不要替自己辩护；诚实辨认背后的欲望、惧怕、骄傲或不信，并把它带到主面前。。不要先解释自己，也不要急着定罪自己。试着辨认这个反应背后更深的欲望、惧怕、骄傲或不信。省察不是自责，而是在神面前停止遮掩，愿意让主触碰真实的自己。,,省察｜先面对里面真实的反应,我为什么会在“面对偏见、标签与习惯性排斥”上有这样的反应？,不要先批评自己，也不要替自己辩护；诚实辨认背后的欲望、惧怕、骄傲或不信，并把它带到主面前。,今天诚实面对一个关于“面对偏见、标签与习惯性排斥”的内在反应，不用属灵话语遮盖它。,神所洁净的｜不可当作俗物｜周二省察｜你是否有,我最接近的状态｜愿意面对｜有点抗拒｜容易解释自己｜需要别人陪伴,今天安静5分钟，不为自己辩解，只写下“面对偏见、标签与习惯性排斥”引出的一个惧怕、欲望或惯性，然后用一句祷告交给主。,,V1.1｜第9–52周逐周具体内容已补全｜依据冻结版主题、每日经文与第1–8周确认的门训规则,本轮为内容制作稿；经文出处沿用冻结版，和合本全文与候选关键词仍须逐段核验。
262,38,周三,生活应用,模块4｜进入使命,从群体生活进入服事、见证与普世使命,神所洁净的，不可当作俗物,神所洁净的，不可当作俗物 · 周三应用,罗14：13-19,让神拆掉人与人之间的界线，今天重新认识一个你容易保持距离的人。,把“在一个容易被排除的人身上练习接纳”放进一个具体决定，用一个小行动回应经文。,周三,今天让“知道”变成“去做”。读 罗马书 14:13-19，思考“不要追求大改变，只走清楚的一步。”在你的现实处境中最小的下一步是什么。把行动限定在十分钟左右，越具体越好。做完后记下一句话：我做了什么？有什么阻力？主让我看见什么？,,行动｜把经文落到一个今天能做的选择,今天我可以怎样把“在一个容易被排除的人身上练习接纳”做出来？,把原则缩小到今天：一个时间点、一个决定、一个动作就够。不要追求大改变，只走清楚的一步。,今天把“在一个容易被排除的人身上练习接纳”放进一个具体决定，用一个小行动回应经文。,神所洁净的｜不可当作俗物｜周三应用｜今天你如何不,我的行动准备度｜现在就能做｜需要一点计划｜需要别人提醒｜暂时还没想到,今天安排一个明确时间点，把“在一个容易被排除的人身上练习接纳”变成一个10分钟以内的行动，并在完成后记下一个结果。,,V1.1｜第9–52周逐周具体内容已补全｜依据冻结版主题、每日经文与第1–8周确认的门训规则,本轮为内容制作稿；经文出处沿用冻结版，和合本全文与候选关键词仍须逐段核验。
263,38,周四,关系实践,模块4｜进入使命,从群体生活进入服事、见证与普世使命,神所洁净的，不可当作俗物,神所洁净的，不可当作俗物 · 周四关系,徒11：1-18,让神拆掉人与人之间的界线，今天重新认识一个你容易保持距离的人。,让“主动听见不同背景肢体的故事”发生在一个真实关系里。,周四,今天观察自己怎样对待别人，也让经文重新整理这种关系。读 使徒行传 11:1-18，围绕“想起一个具体的人，不停留在抽象的“爱人”；问自己：我可以听什么、说什么、给什么、承担什么？”作一个具体决定。找一个人，主动走近一步；可以是一句话、一次倾听、一次帮助或一次代祷。真实关系中的小小顺服，就是门徒训练的一部分。,,关系｜把跟随放进真实的人际关系,今天哪个关系最需要让我实践“主动听见不同背景肢体的故事”？,想起一个具体的人，不停留在抽象的“爱人”；问自己：我可以听什么、说什么、给什么、承担什么？,今天让“主动听见不同背景肢体的故事”发生在一个真实关系里，而不是停留在个人感受中。,神所洁净的｜不可当作俗物｜周四关系｜今天你可以如,我在关系中的状态｜愿意主动｜想保持距离｜正在修复｜不知道怎么开口,今天选定一位具体的人，用一个可见动作实践“主动听见不同背景肢体的故事”：主动联系、倾听、帮助、道歉、分享或代祷，六选一。,,V1.1｜第9–52周逐周具体内容已补全｜依据冻结版主题、每日经文与第1–8周确认的门训规则,本轮为内容制作稿；经文出处沿用冻结版，和合本全文与候选关键词仍须逐段核验。
264,38,周五,行动承诺,模块4｜进入使命,从群体生活进入服事、见证与普世使命,神所洁净的，不可当作俗物,神所洁净的，不可当作俗物 · 周五行动,彼前1：13-16,让神拆掉人与人之间的界线，今天重新认识一个你容易保持距离的人。,让一个真实行动显出“以圣洁和爱一起行动”正在改变我。,周五,今天来到回应与承担。读 彼得前书 1:13-16，问自己：用实际行动回应主的差遣。。把信仰从个人感受带向一个具体的人、一项责任或一个见证行动。不要追求被看见，只求忠心。完成之后写下发生了什么，让你自己的行动成为一个可以被回顾、也可以被分享的见证。,,回应｜从跟随走向见证与承担,如果我真的相信“以圣洁和爱一起行动”，今天会有什么不同？,把信仰从个人感受带向承担：选择一个人、一个场景或一项责任，用实际行动回应主的差遣。,今天让别人能够从我的一个真实行动，看见“以圣洁和爱一起行动”正在改变我。,神所洁净的｜不可当作俗物｜周五行动｜今天你如何,我的回应状态｜已经确定一步｜正在寻找机会｜有惧怕｜需要同伴同行,今天把“以圣洁和爱一起行动”带到一个真实的承担中：完成一次见证、服事、给予、修复关系或承担责任，并记录发生了什么。,,V1.1｜第9–52周逐周具体内容已补全｜依据冻结版主题、每日经文与第1–8周确认的门训规则,本轮为内容制作稿；经文出处沿用冻结版，和合本全文与候选关键词仍须逐段核验。
265,38,周六,轻回顾,模块4｜进入使命,从群体生活进入服事、见证与普世使命,神所洁净的，不可当作俗物,回顾本周：神所洁净的，不可当作俗物,诗23：1-6,让神拆掉人与人之间的界线，今天重新认识一个你容易保持距离的人。,回头看这一周：经文让我看见了什么，我真正走了哪一步？,周六,读 诗篇 23:1-6，安静回看这七天的经历：哪些地方有顺服，哪些地方仍在挣扎，哪里看见神的带领？特别思考“不要只评价自己“做得好不好”，而是辨认：神让我看见了什么？我实际做了什么？下一步要继续什么？”。今天把本周浓缩成“一个看见、一个行动、一个下一步”，让回顾成为继续跟随的桥梁。,,回顾｜看见本周发生了什么，并确定下一步,回头看七天，我在哪里真实经历了“回顾自己被福音重新校正的界线”？,不要只评价自己“做得好不好”，而是辨认：神让我看见了什么？我实际做了什么？下一步要继续什么？,今天从经历而不是感觉回顾“回顾自己被福音重新校正的界线”，辨认神的工作与下一步。,回顾本周｜神所洁净的｜不可当作俗物｜这周你经历最,本周最接近我的状态｜有真实改变｜有看见但未落实｜正在挣扎｜准备重新开始,今天用10分钟完成本周回顾：写下“神让我看见什么／我实际做了什么／下一步继续什么”，并把下一步写成一个下周可执行的动作。,本周总结｜主题“神所洁净的，不可当作俗物”。回顾“接受神拆毁界线的工作—回顾自己被福音重新校正的界线”：神让我看见______；我实际回应了______；下一步我要继续______。｜宣告：主仍在带领我，我愿继续跟随。,V1.1｜第9–52周逐周具体内容已补全｜依据冻结版主题、每日经文与第1–8周确认的门训规则,本轮为内容制作稿；经文出处沿用冻结版，和合本全文与候选关键词仍须逐段核验。
266,39,主日,主日信息入口,模块4｜进入使命,从群体生活进入服事、见证与普世使命,分别为圣，差派出去,分别为圣，差派出去,徒13：1-4,教会不是停留之地，也是差派之地；今天分辨自己可以承担的一项服事或使命。,教会不是停留之地，也是差派之地；今天分辨自己可以承担的一项服事或使命。,主日,今天把经文放在心里，也把自己放在经文面前。读 使徒行传 13:1-4，围绕“分别为圣，差派出去”安静片刻，思想：留意主怎样带你从认识走向跟随。。主日不是结束，而是进入本周门训的起点。今天选定一个具体场景，提醒自己在这一周继续回来面对这个主题。,,进入｜从主日信息进入本周,本周，我最需要面对的是：“从教会中被分别、差派”,先不急着回答，把主日经文放进你的生活：从教会中被分别、差派。留意主怎样带你从认识走向跟随。,本周不追求抽象改变，只在一个真实生活场景中练习“从教会中被分别、差派”。,分别为圣｜差派出去｜今天最触动你｜的是什么,今天最触动我的状态｜很有共鸣｜有一点挣扎｜还不清楚｜愿意开始,用3分钟写下本周回应：“主啊，在从教会中被分别、差派上，我愿意跟随你。”再选定一个本周每天都可以提醒自己的具体场景。,,V1.1｜第9–52周逐周具体内容已补全｜依据冻结版主题、每日经文与第1–8周确认的门训规则,本轮为内容制作稿；经文出处沿用冻结版，和合本全文与候选关键词仍须逐段核验。
267,39,周一,拓宽眼界,模块4｜进入使命,从群体生活进入服事、见证与普世使命,分别为圣，差派出去,分别为圣，差派出去 · 周一默想,赛6：1-8,教会不是停留之地，也是差派之地；今天分辨自己可以承担的一项服事或使命。,留意“看见差派是群体共同分辨并顺服”在我的选择、情绪或习惯中如何出现。,周一,今天先学习看见。读 以赛亚书 6:1-8，不要急着批评或解决问题，留意经文让你看见什么：再问自己：我今天在哪里正在经历同样的事？（经文：分别为圣，差派出去 · 周一默想）。再回到自己的生活，观察一个真实反应、选择或习惯。门徒不是先表现得正确，而是先在神的光中看清楚自己。把今天看见的一件事记下来，作为后面回应的起点。,,看见｜先看见经文与自己的处境,经文怎样让我看见“看见差派是群体共同分辨并顺服”？,先观察经文中的人物、行动和张力，再问自己：我今天在哪里正在经历同样的事？（经文：分别为圣，差派出去 · 周一默想）,今天先看见，不急着改变；留意“看见差派是群体共同分辨并顺服”在我的选择、情绪或习惯中如何出现。,分别为圣｜差派出去｜周一默想｜看见主荣光后,今天我的状态｜已经看见｜有些模糊｜容易忽略｜愿意留意,今天选一个固定场景（通勤、工作、吃饭或睡前），停下来1分钟，记录一次“看见差派是群体共同分辨并顺服”在自己身上的真实表现。,,V1.1｜第9–52周逐周具体内容已补全｜依据冻结版主题、每日经文与第1–8周确认的门训规则,本轮为内容制作稿；经文出处沿用冻结版，和合本全文与候选关键词仍须逐段核验。
268,39,周二,深入省察,模块4｜进入使命,从群体生活进入服事、见证与普世使命,分别为圣，差派出去,分别为圣，差派出去 · 周二省察,路5：1-11,教会不是停留之地，也是差派之地；今天分辨自己可以承担的一项服事或使命。,诚实面对关于“面对对呼召的不确定与拖延”的内在反应。,周二,今天给自己几分钟安静。读 路加福音 5:1-11，把经文所揭开的张力带回心里：不要先批评自己，也不要替自己辩护；诚实辨认背后的欲望、惧怕、骄傲或不信，并把它带到主面前。。问自己，我在什么地方正在重复同样的模式？不必马上找到解决方案，只需要说真话，并用一句简单的祷告把这份真实交给主。,,省察｜先面对里面真实的反应,我为什么会在“面对对呼召的不确定与拖延”上有这样的反应？,不要先批评自己，也不要替自己辩护；诚实辨认背后的欲望、惧怕、骄傲或不信，并把它带到主面前。,今天诚实面对一个关于“面对对呼召的不确定与拖延”的内在反应，不用属灵话语遮盖它。,分别为圣｜差派出去｜周二省察｜你是否有,我最接近的状态｜愿意面对｜有点抗拒｜容易解释自己｜需要别人陪伴,今天安静5分钟，不为自己辩解，只写下“面对对呼召的不确定与拖延”引出的一个惧怕、欲望或惯性，然后用一句祷告交给主。,,V1.1｜第9–52周逐周具体内容已补全｜依据冻结版主题、每日经文与第1–8周确认的门训规则,本轮为内容制作稿；经文出处沿用冻结版，和合本全文与候选关键词仍须逐段核验。
269,39,周三,生活应用,模块4｜进入使命,从群体生活进入服事、见证与普世使命,分别为圣，差派出去,分别为圣，差派出去 · 周三应用,太9：35-38,教会不是停留之地，也是差派之地；今天分辨自己可以承担的一项服事或使命。,把“为一项具体需要准备自己”放进一个具体决定，用一个小行动回应经文。,周三,不要等到条件完美才回应经文。读 马太福音 9:35-38，找出一个可以立即开始的动作，回应“不要追求大改变，只走清楚的一步。”。今天只走一步，但要真的走。行动之后，用一分钟回顾结果，让经验成为下一次跟随的依据。,,行动｜把经文落到一个今天能做的选择,今天我可以怎样把“为一项具体需要准备自己”做出来？,把原则缩小到今天：一个时间点、一个决定、一个动作就够。不要追求大改变，只走清楚的一步。,今天把“为一项具体需要准备自己”放进一个具体决定，用一个小行动回应经文。,分别为圣｜差派出去｜周三应用｜今天你如何求,我的行动准备度｜现在就能做｜需要一点计划｜需要别人提醒｜暂时还没想到,今天安排一个明确时间点，把“为一项具体需要准备自己”变成一个10分钟以内的行动，并在完成后记下一个结果。,,V1.1｜第9–52周逐周具体内容已补全｜依据冻结版主题、每日经文与第1–8周确认的门训规则,本轮为内容制作稿；经文出处沿用冻结版，和合本全文与候选关键词仍须逐段核验。
270,39,周四,关系实践,模块4｜进入使命,从群体生活进入服事、见证与普世使命,分别为圣，差派出去,分别为圣，差派出去 · 周四关系,徒13：1-3,教会不是停留之地，也是差派之地；今天分辨自己可以承担的一项服事或使命。,让“与属灵同伴一起辨认并祷告”发生在一个真实关系里。,周四,今天把跟随带进一个人的名字。读 使徒行传 13:1-3，思想：想起一个具体的人，不停留在抽象的“爱人”；问自己：我可以听什么、说什么、给什么、承担什么？。想起一段真实关系，不停留在“我要更有爱心”的想法，而是决定一个看得见的动作：认真倾听、主动帮助、道歉、感谢、分享或代祷。让今天的经文通过你的关系被活出来。,,关系｜把跟随放进真实的人际关系,今天哪个关系最需要让我实践“与属灵同伴一起辨认并祷告”？,想起一个具体的人，不停留在抽象的“爱人”；问自己：我可以听什么、说什么、给什么、承担什么？,今天让“与属灵同伴一起辨认并祷告”发生在一个真实关系里，而不是停留在个人感受中。,分别为圣｜差派出去｜周四关系｜今天你可以与,我在关系中的状态｜愿意主动｜想保持距离｜正在修复｜不知道怎么开口,今天选定一位具体的人，用一个可见动作实践“与属灵同伴一起辨认并祷告”：主动联系、倾听、帮助、道歉、分享或代祷，六选一。,,V1.1｜第9–52周逐周具体内容已补全｜依据冻结版主题、每日经文与第1–8周确认的门训规则,本轮为内容制作稿；经文出处沿用冻结版，和合本全文与候选关键词仍须逐段核验。
271,39,周五,行动承诺,模块4｜进入使命,从群体生活进入服事、见证与普世使命,分别为圣，差派出去,分别为圣，差派出去 · 周五行动,罗10：13-15,教会不是停留之地，也是差派之地；今天分辨自己可以承担的一项服事或使命。,让一个真实行动显出“回应一个可执行的差派行动”正在改变我。,周五,今天的重点不是再多懂一点，而是愿意承担一步。读 罗马书 10:13-15，把“用实际行动回应主的差遣。”落实到现实生活。可以是一次服事、一次给予、一次修复关系、一次见证或一次责任。先忠心完成今天能做的，然后在神面前感谢祂的带领。,,回应｜从跟随走向见证与承担,如果我真的相信“回应一个可执行的差派行动”，今天会有什么不同？,把信仰从个人感受带向承担：选择一个人、一个场景或一项责任，用实际行动回应主的差遣。,今天让别人能够从我的一个真实行动，看见“回应一个可执行的差派行动”正在改变我。,分别为圣｜差派出去｜周五行动｜今天你如何,我的回应状态｜已经确定一步｜正在寻找机会｜有惧怕｜需要同伴同行,今天把“回应一个可执行的差派行动”带到一个真实的承担中：完成一次见证、服事、给予、修复关系或承担责任，并记录发生了什么。,,V1.1｜第9–52周逐周具体内容已补全｜依据冻结版主题、每日经文与第1–8周确认的门训规则,本轮为内容制作稿；经文出处沿用冻结版，和合本全文与候选关键词仍须逐段核验。
272,39,周六,轻回顾,模块4｜进入使命,从群体生活进入服事、见证与普世使命,分别为圣，差派出去,回顾本周：分别为圣，差派出去,诗23：1-6,教会不是停留之地，也是差派之地；今天分辨自己可以承担的一项服事或使命。,回头看这一周：经文让我看见了什么，我真正走了哪一步？,周六,回顾不是给自己打分，而是辨认神怎样工作。今天读 诗篇 23:1-6，整理你这一周在“不要只评价自己“做得好不好”，而是辨认：神让我看见了什么？我实际做了什么？下一步要继续什么？”上的经历。感谢已经发生的，也承认还没有改变的。最后写下一句本周总结，并确定一个可以带进下一周的小小行动。,,回顾｜看见本周发生了什么，并确定下一步,回头看七天，我在哪里真实经历了“回顾自己如何辨认神的带领”？,不要只评价自己“做得好不好”，而是辨认：神让我看见了什么？我实际做了什么？下一步要继续什么？,今天从经历而不是感觉回顾“回顾自己如何辨认神的带领”，辨认神的工作与下一步。,回顾本周｜分别为圣｜差派出去｜这周你经历最,本周最接近我的状态｜有真实改变｜有看见但未落实｜正在挣扎｜准备重新开始,今天用10分钟完成本周回顾：写下“神让我看见什么／我实际做了什么／下一步继续什么”，并把下一步写成一个下周可执行的动作。,本周总结｜主题“分别为圣，差派出去”。回顾“从教会中被分别、差派—回顾自己如何辨认神的带领”：神让我看见______；我实际回应了______；下一步我要继续______。｜宣告：主仍在带领我，我愿继续跟随。,V1.1｜第9–52周逐周具体内容已补全｜依据冻结版主题、每日经文与第1–8周确认的门训规则,本轮为内容制作稿；经文出处沿用冻结版，和合本全文与候选关键词仍须逐段核验。
273,40,主日,主日信息入口,模块4｜进入使命,从群体生活进入服事、见证与普世使命,使万民作门徒,使万民作门徒,太28：18-20,使人作门徒从身边的人开始，今天陪一个人读经、祷告或走一步跟随的路。,使人作门徒从身边的人开始，今天陪一个人读经、祷告或走一步跟随的路。,主日,今天先慢下来。读 马太福音 28:18-20，让“使万民作门徒”成为这一周共同的入口。不要急着把主日信息变成更多知识，先问：留意主怎样带你从认识走向跟随。。把这个问题放进你真实的生活，找出一个本周愿意跟随主的场景。主日的领受要进入一周的生活，才会成为门徒的道路。,,进入｜从主日信息进入本周,本周，我最需要面对的是：“使万民作门徒”,先不急着回答，把主日经文放进你的生活：使万民作门徒。留意主怎样带你从认识走向跟随。,本周不追求抽象改变，只在一个真实生活场景中练习“使万民作门徒”。,使万民作门徒｜今天最触动你｜的是什么｜权柄,今天最触动我的状态｜很有共鸣｜有一点挣扎｜还不清楚｜愿意开始,用3分钟写下本周回应：“主啊，在使万民作门徒上，我愿意跟随你。”再选定一个本周每天都可以提醒自己的具体场景。,,V1.1｜第9–52周逐周具体内容已补全｜依据冻结版主题、每日经文与第1–8周确认的门训规则,本轮为内容制作稿；经文出处沿用冻结版，和合本全文与候选关键词仍须逐段核验。
274,40,周一,拓宽眼界,模块4｜进入使命,从群体生活进入服事、见证与普世使命,使万民作门徒,使万民作门徒 · 周一默想,但7：13-14,使人作门徒从身边的人开始，今天陪一个人读经、祷告或走一步跟随的路。,留意“从自己成长转向帮助别人跟随”在我的选择、情绪或习惯中如何出现。,周一,读 但以理书 7:13-14 时，先把注意力放在经文的人、行动和张力上。今天特别思想：再问自己：我今天在哪里正在经历同样的事？（经文：使万民作门徒 · 周一默想）。然后问自己，这件事在我的生活里有没有类似的位置？不要急着改变，先诚实记录一次。能够看见，是让神的话从纸面进入生命的第一步。,,看见｜先看见经文与自己的处境,经文怎样让我看见“从自己成长转向帮助别人跟随”？,先观察经文中的人物、行动和张力，再问自己：我今天在哪里正在经历同样的事？（经文：使万民作门徒 · 周一默想）,今天先看见，不急着改变；留意“从自己成长转向帮助别人跟随”在我的选择、情绪或习惯中如何出现。,使万民作门徒｜周一默想｜人子得｜权柄,今天我的状态｜已经看见｜有些模糊｜容易忽略｜愿意留意,今天选一个固定场景（通勤、工作、吃饭或睡前），停下来1分钟，记录一次“从自己成长转向帮助别人跟随”在自己身上的真实表现。,,V1.1｜第9–52周逐周具体内容已补全｜依据冻结版主题、每日经文与第1–8周确认的门训规则,本轮为内容制作稿；经文出处沿用冻结版，和合本全文与候选关键词仍须逐段核验。
275,40,周二,深入省察,模块4｜进入使命,从群体生活进入服事、见证与普世使命,使万民作门徒,使万民作门徒 · 周二省察,太28：17,使人作门徒从身边的人开始，今天陪一个人读经、祷告或走一步跟随的路。,诚实面对关于“面对只停留在听道的门徒观”的内在反应。,周二,门徒训练不仅改变行为，也改变里面的动机。读 马太福音 28:17，认真面对“不要先批评自己，也不要替自己辩护；诚实辨认背后的欲望、惧怕、骄傲或不信，并把它带到主面前。”。当你察觉到防卫、焦虑、比较或自我保护时，不要赶快掩盖。把那个最真实的反应写下来，求主带你从看见走向悔改与信靠。,,省察｜先面对里面真实的反应,我为什么会在“面对只停留在听道的门徒观”上有这样的反应？,不要先批评自己，也不要替自己辩护；诚实辨认背后的欲望、惧怕、骄傲或不信，并把它带到主面前。,今天诚实面对一个关于“面对只停留在听道的门徒观”的内在反应，不用属灵话语遮盖它。,使万民作门徒｜周二省察｜你是否有｜疑惑,我最接近的状态｜愿意面对｜有点抗拒｜容易解释自己｜需要别人陪伴,今天安静5分钟，不为自己辩解，只写下“面对只停留在听道的门徒观”引出的一个惧怕、欲望或惯性，然后用一句祷告交给主。,,V1.1｜第9–52周逐周具体内容已补全｜依据冻结版主题、每日经文与第1–8周确认的门训规则,本轮为内容制作稿；经文出处沿用冻结版，和合本全文与候选关键词仍须逐段核验。
276,40,周三,生活应用,模块4｜进入使命,从群体生活进入服事、见证与普世使命,使万民作门徒,使万民作门徒 · 周三应用,提后2：1-2,使人作门徒从身边的人开始，今天陪一个人读经、祷告或走一步跟随的路。,把“选择一个人投入持续陪伴”放进一个具体决定，用一个小行动回应经文。,周三,今天把经文缩小成一个选择。读 提摩太后书 2:1-2，问自己：不要追求大改变，只走清楚的一步。。不要设计一个很大的计划，只找一个今天能完成的小行动。门徒的成长常常发生在普通时间、普通决定和普通责任里。选定时间点去做，完成后再回看它带来了什么改变。,,行动｜把经文落到一个今天能做的选择,今天我可以怎样把“选择一个人投入持续陪伴”做出来？,把原则缩小到今天：一个时间点、一个决定、一个动作就够。不要追求大改变，只走清楚的一步。,今天把“选择一个人投入持续陪伴”放进一个具体决定，用一个小行动回应经文。,使万民作门徒｜周三应用｜今天你如何｜交托那忠心能,我的行动准备度｜现在就能做｜需要一点计划｜需要别人提醒｜暂时还没想到,今天安排一个明确时间点，把“选择一个人投入持续陪伴”变成一个10分钟以内的行动，并在完成后记下一个结果。,,V1.1｜第9–52周逐周具体内容已补全｜依据冻结版主题、每日经文与第1–8周确认的门训规则,本轮为内容制作稿；经文出处沿用冻结版，和合本全文与候选关键词仍须逐段核验。
277,40,周四,关系实践,模块4｜进入使命,从群体生活进入服事、见证与普世使命,使万民作门徒,使万民作门徒 · 周四关系,腓4：8-9,使人作门徒从身边的人开始，今天陪一个人读经、祷告或走一步跟随的路。,让“用真理和生活一起教导”发生在一个真实关系里。,周四,门徒生命一定会影响人与人的相处。读 腓立比书 4:8-9，问自己：想起一个具体的人，不停留在抽象的“爱人”；问自己：我可以听什么、说什么、给什么、承担什么？。选一个具体的人，少一点自我证明，多一点靠近与承担。你今天不需要解决这段关系的全部问题，只需要完成一个真实而善意的动作，并留意自己的心发生了什么。,,关系｜把跟随放进真实的人际关系,今天哪个关系最需要让我实践“用真理和生活一起教导”？,想起一个具体的人，不停留在抽象的“爱人”；问自己：我可以听什么、说什么、给什么、承担什么？,今天让“用真理和生活一起教导”发生在一个真实关系里，而不是停留在个人感受中。,使万民作门徒｜周四关系｜今天你如何｜效法,我在关系中的状态｜愿意主动｜想保持距离｜正在修复｜不知道怎么开口,今天选定一位具体的人，用一个可见动作实践“用真理和生活一起教导”：主动联系、倾听、帮助、道歉、分享或代祷，六选一。,,V1.1｜第9–52周逐周具体内容已补全｜依据冻结版主题、每日经文与第1–8周确认的门训规则,本轮为内容制作稿；经文出处沿用冻结版，和合本全文与候选关键词仍须逐段核验。
278,40,周五,行动承诺,模块4｜进入使命,从群体生活进入服事、见证与普世使命,使万民作门徒,使万民作门徒 · 周五行动,太28：19-20,使人作门徒从身边的人开始，今天陪一个人读经、祷告或走一步跟随的路。,让一个真实行动显出“为一个人设计一次跟进或分享”正在改变我。,周五,回应就是把领受交在行动里。读 马太福音 28:19-20，思想“用实际行动回应主的差遣。”对今天意味着什么。选择一个具体行动，并为它安排明确的时间。做完不要急着评估自己，而是回头看：我是否更愿意跟随？神又让我看见了什么？,,回应｜从跟随走向见证与承担,如果我真的相信“为一个人设计一次跟进或分享”，今天会有什么不同？,把信仰从个人感受带向承担：选择一个人、一个场景或一项责任，用实际行动回应主的差遣。,今天让别人能够从我的一个真实行动，看见“为一个人设计一次跟进或分享”正在改变我。,使万民作门徒｜周五行动｜今天你如何｜使一个人作门,我的回应状态｜已经确定一步｜正在寻找机会｜有惧怕｜需要同伴同行,今天把“为一个人设计一次跟进或分享”带到一个真实的承担中：完成一次见证、服事、给予、修复关系或承担责任，并记录发生了什么。,,V1.1｜第9–52周逐周具体内容已补全｜依据冻结版主题、每日经文与第1–8周确认的门训规则,本轮为内容制作稿；经文出处沿用冻结版，和合本全文与候选关键词仍须逐段核验。
279,40,周六,轻回顾,模块4｜进入使命,从群体生活进入服事、见证与普世使命,使万民作门徒,回顾本周：使万民作门徒,诗23：1-6,使人作门徒从身边的人开始，今天陪一个人读经、祷告或走一步跟随的路。,回头看这一周：经文让我看见了什么，我真正走了哪一步？,周六,今天是回顾的一天。读 诗篇 23:1-6，回头看这一周，特别整理：不要只评价自己“做得好不好”，而是辨认：神让我看见了什么？我实际做了什么？下一步要继续什么？。不要只问“我做得好不好”，而要问三件事：神让我看见什么？我实际做了什么？下一步要继续什么？把一个真实学习写下来，再把下一步写成下周可以执行的动作。,,回顾｜看见本周发生了什么，并确定下一步,回头看七天，我在哪里真实经历了“回顾是否正在成为可复制的门徒”？,不要只评价自己“做得好不好”，而是辨认：神让我看见了什么？我实际做了什么？下一步要继续什么？,今天从经历而不是感觉回顾“回顾是否正在成为可复制的门徒”，辨认神的工作与下一步。,回顾本周｜使万民作门徒｜这周你经历最｜多的是什么,本周最接近我的状态｜有真实改变｜有看见但未落实｜正在挣扎｜准备重新开始,今天用10分钟完成本周回顾：写下“神让我看见什么／我实际做了什么／下一步继续什么”，并把下一步写成一个下周可执行的动作。,本周总结｜主题“使万民作门徒”。回顾“使万民作门徒—回顾是否正在成为可复制的门徒”：神让我看见______；我实际回应了______；下一步我要继续______。｜宣告：主仍在带领我，我愿继续跟随。,V1.1｜第9–52周逐周具体内容已补全｜依据冻结版主题、每日经文与第1–8周确认的门训规则,本轮为内容制作稿；经文出处沿用冻结版，和合本全文与候选关键词仍须逐段核验。
280,41,主日,主日信息入口,模块4｜进入使命,从群体生活进入服事、见证与普世使命,我的位置在哪里？,我的位置在哪里？,可10：35-45,不是争取一个位置，而是忠心活在神所给的位置上；今天把眼前责任做好。,不是争取一个位置，而是忠心活在神所给的位置上；今天把眼前责任做好。,主日,今天是新一周的起点。读 马可福音 10:35-45，先观察经文如何把我们带到“我的位置在哪里？”。留意主怎样带你从认识走向跟随。。不要要求自己一次改变很多，只需要认出一个最真实的回应方向，并为接下来的六天留下一个可以反复操练的生活位置。,,进入｜从主日信息进入本周,本周，我最需要面对的是：“辨认神给我的位置”,先不急着回答，把主日经文放进你的生活：辨认神给我的位置。留意主怎样带你从认识走向跟随。,本周不追求抽象改变，只在一个真实生活场景中练习“辨认神给我的位置”。,我的位置在哪｜今天最触动你｜的是什么｜位置,今天最触动我的状态｜很有共鸣｜有一点挣扎｜还不清楚｜愿意开始,用3分钟写下本周回应：“主啊，在辨认神给我的位置上，我愿意跟随你。”再选定一个本周每天都可以提醒自己的具体场景。,,V1.1｜第9–52周逐周具体内容已补全｜依据冻结版主题、每日经文与第1–8周确认的门训规则,本轮为内容制作稿；经文出处沿用冻结版，和合本全文与候选关键词仍须逐段核验。
281,41,周一,拓宽眼界,模块4｜进入使命,从群体生活进入服事、见证与普世使命,我的位置在哪里？,我的位置在哪里？ · 周一默想,斯4：13-17,不是争取一个位置，而是忠心活在神所给的位置上；今天把眼前责任做好。,留意“位置不是地位而是责任”在我的选择、情绪或习惯中如何出现。,周一,今天不急着得到“正确答案”，而是练习观察。读 以斯帖记 4:13-17，留意“再问自己：我今天在哪里正在经历同样的事？（经文：我的位置在哪里？ · 周一默想）”怎样显现在经文里，也怎样可能出现在你今天的生活中。选择一个固定场景停一分钟，看见自己真实的反应，并把它带到主面前。,,看见｜先看见经文与自己的处境,经文怎样让我看见“位置不是地位而是责任”？,先观察经文中的人物、行动和张力，再问自己：我今天在哪里正在经历同样的事？（经文：我的位置在哪里？ · 周一默想）,今天先看见，不急着改变；留意“位置不是地位而是责任”在我的选择、情绪或习惯中如何出现。,我的位置在哪｜周一默想｜神把你放在当｜前位置的用意,今天我的状态｜已经看见｜有些模糊｜容易忽略｜愿意留意,今天选一个固定场景（通勤、工作、吃饭或睡前），停下来1分钟，记录一次“位置不是地位而是责任”在自己身上的真实表现。,,V1.1｜第9–52周逐周具体内容已补全｜依据冻结版主题、每日经文与第1–8周确认的门训规则,本轮为内容制作稿；经文出处沿用冻结版，和合本全文与候选关键词仍须逐段核验。
282,41,周二,深入省察,模块4｜进入使命,从群体生活进入服事、见证与普世使命,我的位置在哪里？,我的位置在哪里？ · 周二省察,路14：7-11,不是争取一个位置，而是忠心活在神所给的位置上；今天把眼前责任做好。,诚实面对关于“面对比较、羡慕与自我证明”的内在反应。,周二,今天从外在经文转向内在生命。读 路加福音 14:7-11，诚实面对：不要先批评自己，也不要替自己辩护；诚实辨认背后的欲望、惧怕、骄傲或不信，并把它带到主面前。。不要先解释自己，也不要急着定罪自己。试着辨认这个反应背后更深的欲望、惧怕、骄傲或不信。省察不是自责，而是在神面前停止遮掩，愿意让主触碰真实的自己。,,省察｜先面对里面真实的反应,我为什么会在“面对比较、羡慕与自我证明”上有这样的反应？,不要先批评自己，也不要替自己辩护；诚实辨认背后的欲望、惧怕、骄傲或不信，并把它带到主面前。,今天诚实面对一个关于“面对比较、羡慕与自我证明”的内在反应，不用属灵话语遮盖它。,我的位置在哪｜周二省察｜你是否喜欢｜首位,我最接近的状态｜愿意面对｜有点抗拒｜容易解释自己｜需要别人陪伴,今天安静5分钟，不为自己辩解，只写下“面对比较、羡慕与自我证明”引出的一个惧怕、欲望或惯性，然后用一句祷告交给主。,,V1.1｜第9–52周逐周具体内容已补全｜依据冻结版主题、每日经文与第1–8周确认的门训规则,本轮为内容制作稿；经文出处沿用冻结版，和合本全文与候选关键词仍须逐段核验。
283,41,周三,生活应用,模块4｜进入使命,从群体生活进入服事、见证与普世使命,我的位置在哪里？,我的位置在哪里？ · 周三应用,彼前4：10-11,不是争取一个位置，而是忠心活在神所给的位置上；今天把眼前责任做好。,把“在现有岗位上忠心使用恩赐”放进一个具体决定，用一个小行动回应经文。,周三,今天让“知道”变成“去做”。读 彼得前书 4:10-11，思考“不要追求大改变，只走清楚的一步。”在你的现实处境中最小的下一步是什么。把行动限定在十分钟左右，越具体越好。做完后记下一句话：我做了什么？有什么阻力？主让我看见什么？,,行动｜把经文落到一个今天能做的选择,今天我可以怎样把“在现有岗位上忠心使用恩赐”做出来？,把原则缩小到今天：一个时间点、一个决定、一个动作就够。不要追求大改变，只走清楚的一步。,今天把“在现有岗位上忠心使用恩赐”放进一个具体决定，用一个小行动回应经文。,我的位置在哪｜周三应用｜今天你如何在｜自己的,我的行动准备度｜现在就能做｜需要一点计划｜需要别人提醒｜暂时还没想到,今天安排一个明确时间点，把“在现有岗位上忠心使用恩赐”变成一个10分钟以内的行动，并在完成后记下一个结果。,,V1.1｜第9–52周逐周具体内容已补全｜依据冻结版主题、每日经文与第1–8周确认的门训规则,本轮为内容制作稿；经文出处沿用冻结版，和合本全文与候选关键词仍须逐段核验。
284,41,周四,关系实践,模块4｜进入使命,从群体生活进入服事、见证与普世使命,我的位置在哪里？,我的位置在哪里？ · 周四关系,可10：42-45,不是争取一个位置，而是忠心活在神所给的位置上；今天把眼前责任做好。,让“尊重别人位置并主动配搭”发生在一个真实关系里。,周四,今天观察自己怎样对待别人，也让经文重新整理这种关系。读 马可福音 10:42-45，围绕“想起一个具体的人，不停留在抽象的“爱人”；问自己：我可以听什么、说什么、给什么、承担什么？”作一个具体决定。找一个人，主动走近一步；可以是一句话、一次倾听、一次帮助或一次代祷。真实关系中的小小顺服，就是门徒训练的一部分。,,关系｜把跟随放进真实的人际关系,今天哪个关系最需要让我实践“尊重别人位置并主动配搭”？,想起一个具体的人，不停留在抽象的“爱人”；问自己：我可以听什么、说什么、给什么、承担什么？,今天让“尊重别人位置并主动配搭”发生在一个真实关系里，而不是停留在个人感受中。,我的位置在哪｜周四关系｜今天你可以如｜何成为,我在关系中的状态｜愿意主动｜想保持距离｜正在修复｜不知道怎么开口,今天选定一位具体的人，用一个可见动作实践“尊重别人位置并主动配搭”：主动联系、倾听、帮助、道歉、分享或代祷，六选一。,,V1.1｜第9–52周逐周具体内容已补全｜依据冻结版主题、每日经文与第1–8周确认的门训规则,本轮为内容制作稿；经文出处沿用冻结版，和合本全文与候选关键词仍须逐段核验。
285,41,周五,行动承诺,模块4｜进入使命,从群体生活进入服事、见证与普世使命,我的位置在哪里？,我的位置在哪里？ · 周五行动,腓2：5-8,不是争取一个位置，而是忠心活在神所给的位置上；今天把眼前责任做好。,让一个真实行动显出“完成一项没人称赞但需要的工作”正在改变我。,周五,今天来到回应与承担。读 腓立比书 2:5-8，问自己：用实际行动回应主的差遣。。把信仰从个人感受带向一个具体的人、一项责任或一个见证行动。不要追求被看见，只求忠心。完成之后写下发生了什么，让你自己的行动成为一个可以被回顾、也可以被分享的见证。,,回应｜从跟随走向见证与承担,如果我真的相信“完成一项没人称赞但需要的工作”，今天会有什么不同？,把信仰从个人感受带向承担：选择一个人、一个场景或一项责任，用实际行动回应主的差遣。,今天让别人能够从我的一个真实行动，看见“完成一项没人称赞但需要的工作”正在改变我。,我的位置在哪｜周五行动｜今天你如何｜以基督的心为,我的回应状态｜已经确定一步｜正在寻找机会｜有惧怕｜需要同伴同行,今天把“完成一项没人称赞但需要的工作”带到一个真实的承担中：完成一次见证、服事、给予、修复关系或承担责任，并记录发生了什么。,,V1.1｜第9–52周逐周具体内容已补全｜依据冻结版主题、每日经文与第1–8周确认的门训规则,本轮为内容制作稿；经文出处沿用冻结版，和合本全文与候选关键词仍须逐段核验。
286,41,周六,轻回顾,模块4｜进入使命,从群体生活进入服事、见证与普世使命,我的位置在哪里？,回顾本周：我的位置在哪里？,诗23：1-6,不是争取一个位置，而是忠心活在神所给的位置上；今天把眼前责任做好。,回头看这一周：经文让我看见了什么，我真正走了哪一步？,周六,读 诗篇 23:1-6，安静回看这七天的经历：哪些地方有顺服，哪些地方仍在挣扎，哪里看见神的带领？特别思考“不要只评价自己“做得好不好”，而是辨认：神让我看见了什么？我实际做了什么？下一步要继续什么？”。今天把本周浓缩成“一个看见、一个行动、一个下一步”，让回顾成为继续跟随的桥梁。,,回顾｜看见本周发生了什么，并确定下一步,回头看七天，我在哪里真实经历了“回顾自己是否更清楚且忠心”？,不要只评价自己“做得好不好”，而是辨认：神让我看见了什么？我实际做了什么？下一步要继续什么？,今天从经历而不是感觉回顾“回顾自己是否更清楚且忠心”，辨认神的工作与下一步。,回顾本周｜我的位置在哪｜这周你经历最｜多的是什么,本周最接近我的状态｜有真实改变｜有看见但未落实｜正在挣扎｜准备重新开始,今天用10分钟完成本周回顾：写下“神让我看见什么／我实际做了什么／下一步继续什么”，并把下一步写成一个下周可执行的动作。,本周总结｜主题“我的位置在哪里？”。回顾“辨认神给我的位置—回顾自己是否更清楚且忠心”：神让我看见______；我实际回应了______；下一步我要继续______。｜宣告：主仍在带领我，我愿继续跟随。,V1.1｜第9–52周逐周具体内容已补全｜依据冻结版主题、每日经文与第1–8周确认的门训规则,本轮为内容制作稿；经文出处沿用冻结版，和合本全文与候选关键词仍须逐段核验。
287,42,主日,主日信息入口,模块4｜进入使命,从群体生活进入服事、见证与普世使命,一起服事,一起服事,腓2：1-11,一起服事不是各做各的，今天主动与别人配搭完成一件事。,一起服事不是各做各的，今天主动与别人配搭完成一件事。,主日,今天把经文放在心里，也把自己放在经文面前。读 腓立比书 2:1-11，围绕“一起服事”安静片刻，思想：留意主怎样带你从认识走向跟随。。主日不是结束，而是进入本周门训的起点。今天选定一个具体场景，提醒自己在这一周继续回来面对这个主题。,,进入｜从主日信息进入本周,本周，我最需要面对的是：“一起服事而不是各自为战”,先不急着回答，把主日经文放进你的生活：一起服事而不是各自为战。留意主怎样带你从认识走向跟随。,本周不追求抽象改变，只在一个真实生活场景中练习“一起服事而不是各自为战”。,一起服事｜今天最触动你｜的是什么｜同心,今天最触动我的状态｜很有共鸣｜有一点挣扎｜还不清楚｜愿意开始,用3分钟写下本周回应：“主啊，在一起服事而不是各自为战上，我愿意跟随你。”再选定一个本周每天都可以提醒自己的具体场景。,,V1.1｜第9–52周逐周具体内容已补全｜依据冻结版主题、每日经文与第1–8周确认的门训规则,本轮为内容制作稿；经文出处沿用冻结版，和合本全文与候选关键词仍须逐段核验。
288,42,周一,拓宽眼界,模块4｜进入使命,从群体生活进入服事、见证与普世使命,一起服事,一起服事 · 周一默想,传4：9-12,一起服事不是各做各的，今天主动与别人配搭完成一件事。,留意“看见身体需要彼此配搭”在我的选择、情绪或习惯中如何出现。,周一,今天先学习看见。读 传道书 4:9-12，不要急着批评或解决问题，留意经文让你看见什么：再问自己：我今天在哪里正在经历同样的事？（经文：一起服事 · 周一默想）。再回到自己的生活，观察一个真实反应、选择或习惯。门徒不是先表现得正确，而是先在神的光中看清楚自己。把今天看见的一件事记下来，作为后面回应的起点。,,看见｜先看见经文与自己的处境,经文怎样让我看见“看见身体需要彼此配搭”？,先观察经文中的人物、行动和张力，再问自己：我今天在哪里正在经历同样的事？（经文：一起服事 · 周一默想）,今天先看见，不急着改变；留意“看见身体需要彼此配搭”在我的选择、情绪或习惯中如何出现。,一起服事｜周一默想｜两个人总比一｜个人好如何应,今天我的状态｜已经看见｜有些模糊｜容易忽略｜愿意留意,今天选一个固定场景（通勤、工作、吃饭或睡前），停下来1分钟，记录一次“看见身体需要彼此配搭”在自己身上的真实表现。,,V1.1｜第9–52周逐周具体内容已补全｜依据冻结版主题、每日经文与第1–8周确认的门训规则,本轮为内容制作稿；经文出处沿用冻结版，和合本全文与候选关键词仍须逐段核验。
289,42,周二,深入省察,模块4｜进入使命,从群体生活进入服事、见证与普世使命,一起服事,一起服事 · 周二省察,罗12：3-5,一起服事不是各做各的，今天主动与别人配搭完成一件事。,诚实面对关于“面对独断、孤立与不信任”的内在反应。,周二,今天给自己几分钟安静。读 罗马书 12:3-5，把经文所揭开的张力带回心里：不要先批评自己，也不要替自己辩护；诚实辨认背后的欲望、惧怕、骄傲或不信，并把它带到主面前。。问自己，我在什么地方正在重复同样的模式？不必马上找到解决方案，只需要说真话，并用一句简单的祷告把这份真实交给主。,,省察｜先面对里面真实的反应,我为什么会在“面对独断、孤立与不信任”上有这样的反应？,不要先批评自己，也不要替自己辩护；诚实辨认背后的欲望、惧怕、骄傲或不信，并把它带到主面前。,今天诚实面对一个关于“面对独断、孤立与不信任”的内在反应，不用属灵话语遮盖它。,一起服事｜周二省察｜你对自己的｜恩赐,我最接近的状态｜愿意面对｜有点抗拒｜容易解释自己｜需要别人陪伴,今天安静5分钟，不为自己辩解，只写下“面对独断、孤立与不信任”引出的一个惧怕、欲望或惯性，然后用一句祷告交给主。,,V1.1｜第9–52周逐周具体内容已补全｜依据冻结版主题、每日经文与第1–8周确认的门训规则,本轮为内容制作稿；经文出处沿用冻结版，和合本全文与候选关键词仍须逐段核验。
290,42,周三,生活应用,模块4｜进入使命,从群体生活进入服事、见证与普世使命,一起服事,一起服事 · 周三应用,弗4：11-16,一起服事不是各做各的，今天主动与别人配搭完成一件事。,把“在一项任务中明确自己的角色”放进一个具体决定，用一个小行动回应经文。,周三,不要等到条件完美才回应经文。读 以弗所书 4:11-16，找出一个可以立即开始的动作，回应“不要追求大改变，只走清楚的一步。”。今天只走一步，但要真的走。行动之后，用一分钟回顾结果，让经验成为下一次跟随的依据。,,行动｜把经文落到一个今天能做的选择,今天我可以怎样把“在一项任务中明确自己的角色”做出来？,把原则缩小到今天：一个时间点、一个决定、一个动作就够。不要追求大改变，只走清楚的一步。,今天把“在一项任务中明确自己的角色”放进一个具体决定，用一个小行动回应经文。,一起服事｜周三应用｜今天你如何｜各尽其职,我的行动准备度｜现在就能做｜需要一点计划｜需要别人提醒｜暂时还没想到,今天安排一个明确时间点，把“在一项任务中明确自己的角色”变成一个10分钟以内的行动，并在完成后记下一个结果。,,V1.1｜第9–52周逐周具体内容已补全｜依据冻结版主题、每日经文与第1–8周确认的门训规则,本轮为内容制作稿；经文出处沿用冻结版，和合本全文与候选关键词仍须逐段核验。
291,42,周四,关系实践,模块4｜进入使命,从群体生活进入服事、见证与普世使命,一起服事,一起服事 · 周四关系,腓2：1-4,一起服事不是各做各的，今天主动与别人配搭完成一件事。,让“主动沟通、倾听并补位”发生在一个真实关系里。,周四,今天把跟随带进一个人的名字。读 腓立比书 2:1-4，思想：想起一个具体的人，不停留在抽象的“爱人”；问自己：我可以听什么、说什么、给什么、承担什么？。想起一段真实关系，不停留在“我要更有爱心”的想法，而是决定一个看得见的动作：认真倾听、主动帮助、道歉、感谢、分享或代祷。让今天的经文通过你的关系被活出来。,,关系｜把跟随放进真实的人际关系,今天哪个关系最需要让我实践“主动沟通、倾听并补位”？,想起一个具体的人，不停留在抽象的“爱人”；问自己：我可以听什么、说什么、给什么、承担什么？,今天让“主动沟通、倾听并补位”发生在一个真实关系里，而不是停留在个人感受中。,一起服事｜周四关系｜今天你可以如｜顾别人的事,我在关系中的状态｜愿意主动｜想保持距离｜正在修复｜不知道怎么开口,今天选定一位具体的人，用一个可见动作实践“主动沟通、倾听并补位”：主动联系、倾听、帮助、道歉、分享或代祷，六选一。,,V1.1｜第9–52周逐周具体内容已补全｜依据冻结版主题、每日经文与第1–8周确认的门训规则,本轮为内容制作稿；经文出处沿用冻结版，和合本全文与候选关键词仍须逐段核验。
292,42,周五,行动承诺,模块4｜进入使命,从群体生活进入服事、见证与普世使命,一起服事,一起服事 · 周五行动,林前12：4-7,一起服事不是各做各的，今天主动与别人配搭完成一件事。,让一个真实行动显出“与伙伴共同完成一件事”正在改变我。,周五,今天的重点不是再多懂一点，而是愿意承担一步。读 哥林多前书 12:4-7，把“用实际行动回应主的差遣。”落实到现实生活。可以是一次服事、一次给予、一次修复关系、一次见证或一次责任。先忠心完成今天能做的，然后在神面前感谢祂的带领。,,回应｜从跟随走向见证与承担,如果我真的相信“与伙伴共同完成一件事”，今天会有什么不同？,把信仰从个人感受带向承担：选择一个人、一个场景或一项责任，用实际行动回应主的差遣。,今天让别人能够从我的一个真实行动，看见“与伙伴共同完成一件事”正在改变我。,一起服事｜周五行动｜今天你如何使｜用恩赐,我的回应状态｜已经确定一步｜正在寻找机会｜有惧怕｜需要同伴同行,今天把“与伙伴共同完成一件事”带到一个真实的承担中：完成一次见证、服事、给予、修复关系或承担责任，并记录发生了什么。,,V1.1｜第9–52周逐周具体内容已补全｜依据冻结版主题、每日经文与第1–8周确认的门训规则,本轮为内容制作稿；经文出处沿用冻结版，和合本全文与候选关键词仍须逐段核验。
293,42,周六,轻回顾,模块4｜进入使命,从群体生活进入服事、见证与普世使命,一起服事,回顾本周：一起服事,诗23：1-6,一起服事不是各做各的，今天主动与别人配搭完成一件事。,回头看这一周：经文让我看见了什么，我真正走了哪一步？,周六,回顾不是给自己打分，而是辨认神怎样工作。今天读 诗篇 23:1-6，整理你这一周在“不要只评价自己“做得好不好”，而是辨认：神让我看见了什么？我实际做了什么？下一步要继续什么？”上的经历。感谢已经发生的，也承认还没有改变的。最后写下一句本周总结，并确定一个可以带进下一周的小小行动。,,回顾｜看见本周发生了什么，并确定下一步,回头看七天，我在哪里真实经历了“回顾团队合作中出现的恩典”？,不要只评价自己“做得好不好”，而是辨认：神让我看见了什么？我实际做了什么？下一步要继续什么？,今天从经历而不是感觉回顾“回顾团队合作中出现的恩典”，辨认神的工作与下一步。,回顾本周｜一起服事｜这周你经历最｜多的是什么,本周最接近我的状态｜有真实改变｜有看见但未落实｜正在挣扎｜准备重新开始,今天用10分钟完成本周回顾：写下“神让我看见什么／我实际做了什么／下一步继续什么”，并把下一步写成一个下周可执行的动作。,本周总结｜主题“一起服事”。回顾“一起服事而不是各自为战—回顾团队合作中出现的恩典”：神让我看见______；我实际回应了______；下一步我要继续______。｜宣告：主仍在带领我，我愿继续跟随。,V1.1｜第9–52周逐周具体内容已补全｜依据冻结版主题、每日经文与第1–8周确认的门训规则,本轮为内容制作稿；经文出处沿用冻结版，和合本全文与候选关键词仍须逐段核验。
294,43,主日,主日信息入口,模块4｜进入使命,从群体生活进入服事、见证与普世使命,我的，就是神可以使用的,我的，就是神可以使用的,林后9：6-15,把所有看作神所托付的，今天在时间、金钱或能力上做一个慷慨的选择。,把所有看作神所托付的，今天在时间、金钱或能力上做一个慷慨的选择。,主日,今天先慢下来。读 哥林多后书 9:6-15，让“我的，就是神可以使用的”成为这一周共同的入口。不要急着把主日信息变成更多知识，先问：留意主怎样带你从认识走向跟随。。把这个问题放进你真实的生活，找出一个本周愿意跟随主的场景。主日的领受要进入一周的生活，才会成为门徒的道路。,,进入｜从主日信息进入本周,本周，我最需要面对的是：“我的所有都是神所托付”,先不急着回答，把主日经文放进你的生活：我的所有都是神所托付。留意主怎样带你从认识走向跟随。,本周不追求抽象改变，只在一个真实生活场景中练习“我的所有都是神所托付”。,我的｜就是神可以使｜用的｜今天最触动你,今天最触动我的状态｜很有共鸣｜有一点挣扎｜还不清楚｜愿意开始,用3分钟写下本周回应：“主啊，在我的所有都是神所托付上，我愿意跟随你。”再选定一个本周每天都可以提醒自己的具体场景。,,V1.1｜第9–52周逐周具体内容已补全｜依据冻结版主题、每日经文与第1–8周确认的门训规则,本轮为内容制作稿；经文出处沿用冻结版，和合本全文与候选关键词仍须逐段核验。
295,43,周一,拓宽眼界,模块4｜进入使命,从群体生活进入服事、见证与普世使命,我的，就是神可以使用的,我的，就是神可以使用的 · 周一默想,代上29：10-14,把所有看作神所托付的，今天在时间、金钱或能力上做一个慷慨的选择。,留意“把资源重新放回神的主权下”在我的选择、情绪或习惯中如何出现。,周一,读 历代志上 29:10-14 时，先把注意力放在经文的人、行动和张力上。今天特别思想：再问自己：我今天在哪里正在经历同样的事？（经文：我的，就是神可以使用的 · 周一默想）。然后问自己，这件事在我的生活里有没有类似的位置？不要急着改变，先诚实记录一次。能够看见，是让神的话从纸面进入生命的第一步。,,看见｜先看见经文与自己的处境,经文怎样让我看见“把资源重新放回神的主权下”？,先观察经文中的人物、行动和张力，再问自己：我今天在哪里正在经历同样的事？（经文：我的，就是神可以使用的 · 周一默想）,今天先看见，不急着改变；留意“把资源重新放回神的主权下”在我的选择、情绪或习惯中如何出现。,我的｜就是神可以使｜用的｜周一默想,今天我的状态｜已经看见｜有些模糊｜容易忽略｜愿意留意,今天选一个固定场景（通勤、工作、吃饭或睡前），停下来1分钟，记录一次“把资源重新放回神的主权下”在自己身上的真实表现。,,V1.1｜第9–52周逐周具体内容已补全｜依据冻结版主题、每日经文与第1–8周确认的门训规则,本轮为内容制作稿；经文出处沿用冻结版，和合本全文与候选关键词仍须逐段核验。
296,43,周二,深入省察,模块4｜进入使命,从群体生活进入服事、见证与普世使命,我的，就是神可以使用的,我的，就是神可以使用的 · 周二省察,玛3：6-12,把所有看作神所托付的，今天在时间、金钱或能力上做一个慷慨的选择。,诚实面对关于“面对占有、焦虑和舍不得”的内在反应。,周二,门徒训练不仅改变行为，也改变里面的动机。读 玛拉基书 3:6-12，认真面对“不要先批评自己，也不要替自己辩护；诚实辨认背后的欲望、惧怕、骄傲或不信，并把它带到主面前。”。当你察觉到防卫、焦虑、比较或自我保护时，不要赶快掩盖。把那个最真实的反应写下来，求主带你从看见走向悔改与信靠。,,省察｜先面对里面真实的反应,我为什么会在“面对占有、焦虑和舍不得”上有这样的反应？,不要先批评自己，也不要替自己辩护；诚实辨认背后的欲望、惧怕、骄傲或不信，并把它带到主面前。,今天诚实面对一个关于“面对占有、焦虑和舍不得”的内在反应，不用属灵话语遮盖它。,我的｜就是神可以使｜用的｜周二省察,我最接近的状态｜愿意面对｜有点抗拒｜容易解释自己｜需要别人陪伴,今天安静5分钟，不为自己辩解，只写下“面对占有、焦虑和舍不得”引出的一个惧怕、欲望或惯性，然后用一句祷告交给主。,,V1.1｜第9–52周逐周具体内容已补全｜依据冻结版主题、每日经文与第1–8周确认的门训规则,本轮为内容制作稿；经文出处沿用冻结版，和合本全文与候选关键词仍须逐段核验。
297,43,周三,生活应用,模块4｜进入使命,从群体生活进入服事、见证与普世使命,我的，就是神可以使用的,我的，就是神可以使用的 · 周三应用,路6：38,把所有看作神所托付的，今天在时间、金钱或能力上做一个慷慨的选择。,把“在预算或资源上作一次有意识的调整”放进一个具体决定，用一个小行动回应经文。,周三,今天把经文缩小成一个选择。读 路加福音 6:38，问自己：不要追求大改变，只走清楚的一步。。不要设计一个很大的计划，只找一个今天能完成的小行动。门徒的成长常常发生在普通时间、普通决定和普通责任里。选定时间点去做，完成后再回看它带来了什么改变。,,行动｜把经文落到一个今天能做的选择,今天我可以怎样把“在预算或资源上作一次有意识的调整”做出来？,把原则缩小到今天：一个时间点、一个决定、一个动作就够。不要追求大改变，只走清楚的一步。,今天把“在预算或资源上作一次有意识的调整”放进一个具体决定，用一个小行动回应经文。,我的｜就是神可以使｜用的｜周三应用,我的行动准备度｜现在就能做｜需要一点计划｜需要别人提醒｜暂时还没想到,今天安排一个明确时间点，把“在预算或资源上作一次有意识的调整”变成一个10分钟以内的行动，并在完成后记下一个结果。,,V1.1｜第9–52周逐周具体内容已补全｜依据冻结版主题、每日经文与第1–8周确认的门训规则,本轮为内容制作稿；经文出处沿用冻结版，和合本全文与候选关键词仍须逐段核验。
298,43,周四,关系实践,模块4｜进入使命,从群体生活进入服事、见证与普世使命,我的，就是神可以使用的,我的，就是神可以使用的 · 周四关系,徒4：32-35,把所有看作神所托付的，今天在时间、金钱或能力上做一个慷慨的选择。,让“主动把资源分享给群体需要”发生在一个真实关系里。,周四,门徒生命一定会影响人与人的相处。读 使徒行传 4:32-35，问自己：想起一个具体的人，不停留在抽象的“爱人”；问自己：我可以听什么、说什么、给什么、承担什么？。选一个具体的人，少一点自我证明，多一点靠近与承担。你今天不需要解决这段关系的全部问题，只需要完成一个真实而善意的动作，并留意自己的心发生了什么。,,关系｜把跟随放进真实的人际关系,今天哪个关系最需要让我实践“主动把资源分享给群体需要”？,想起一个具体的人，不停留在抽象的“爱人”；问自己：我可以听什么、说什么、给什么、承担什么？,今天让“主动把资源分享给群体需要”发生在一个真实关系里，而不是停留在个人感受中。,我的｜就是神可以使｜用的｜周四关系,我在关系中的状态｜愿意主动｜想保持距离｜正在修复｜不知道怎么开口,今天选定一位具体的人，用一个可见动作实践“主动把资源分享给群体需要”：主动联系、倾听、帮助、道歉、分享或代祷，六选一。,,V1.1｜第9–52周逐周具体内容已补全｜依据冻结版主题、每日经文与第1–8周确认的门训规则,本轮为内容制作稿；经文出处沿用冻结版，和合本全文与候选关键词仍须逐段核验。
299,43,周五,行动承诺,模块4｜进入使命,从群体生活进入服事、见证与普世使命,我的，就是神可以使用的,我的，就是神可以使用的 · 周五行动,箴19：17,把所有看作神所托付的，今天在时间、金钱或能力上做一个慷慨的选择。,让一个真实行动显出“把一项给予变成持续的安排”正在改变我。,周五,回应就是把领受交在行动里。读 箴言 19:17，思想“用实际行动回应主的差遣。”对今天意味着什么。选择一个具体行动，并为它安排明确的时间。做完不要急着评估自己，而是回头看：我是否更愿意跟随？神又让我看见了什么？,,回应｜从跟随走向见证与承担,如果我真的相信“把一项给予变成持续的安排”，今天会有什么不同？,把信仰从个人感受带向承担：选择一个人、一个场景或一项责任，用实际行动回应主的差遣。,今天让别人能够从我的一个真实行动，看见“把一项给予变成持续的安排”正在改变我。,我的｜就是神可以使｜用的｜周五行动,我的回应状态｜已经确定一步｜正在寻找机会｜有惧怕｜需要同伴同行,今天把“把一项给予变成持续的安排”带到一个真实的承担中：完成一次见证、服事、给予、修复关系或承担责任，并记录发生了什么。,,V1.1｜第9–52周逐周具体内容已补全｜依据冻结版主题、每日经文与第1–8周确认的门训规则,本轮为内容制作稿；经文出处沿用冻结版，和合本全文与候选关键词仍须逐段核验。
300,43,周六,轻回顾,模块4｜进入使命,从群体生活进入服事、见证与普世使命,我的，就是神可以使用的,回顾本周：我的，就是神可以使用的,诗23：1-6,把所有看作神所托付的，今天在时间、金钱或能力上做一个慷慨的选择。,回头看这一周：经文让我看见了什么，我真正走了哪一步？,周六,今天是回顾的一天。读 诗篇 23:1-6，回头看这一周，特别整理：不要只评价自己“做得好不好”，而是辨认：神让我看见了什么？我实际做了什么？下一步要继续什么？。不要只问“我做得好不好”，而要问三件事：神让我看见什么？我实际做了什么？下一步要继续什么？把一个真实学习写下来，再把下一步写成下周可以执行的动作。,,回顾｜看见本周发生了什么，并确定下一步,回头看七天，我在哪里真实经历了“回顾资源观是否发生变化”？,不要只评价自己“做得好不好”，而是辨认：神让我看见了什么？我实际做了什么？下一步要继续什么？,今天从经历而不是感觉回顾“回顾资源观是否发生变化”，辨认神的工作与下一步。,回顾本周｜我的｜就是神可以使｜用的,本周最接近我的状态｜有真实改变｜有看见但未落实｜正在挣扎｜准备重新开始,今天用10分钟完成本周回顾：写下“神让我看见什么／我实际做了什么／下一步继续什么”，并把下一步写成一个下周可执行的动作。,本周总结｜主题“我的，就是神可以使用的”。回顾“我的所有都是神所托付—回顾资源观是否发生变化”：神让我看见______；我实际回应了______；下一步我要继续______。｜宣告：主仍在带领我，我愿继续跟随。,V1.1｜第9–52周逐周具体内容已补全｜依据冻结版主题、每日经文与第1–8周确认的门训规则,本轮为内容制作稿；经文出处沿用冻结版，和合本全文与候选关键词仍须逐段核验。
301,44,主日,主日信息入口,模块4｜进入使命,从群体生活进入服事、见证与普世使命,看见神所做的,看见神所做的,诗126：1-6,回头看神已经做了什么，并把它说出来；今天向一个人述说一件神的作为。,回头看神已经做了什么，并把它说出来；今天向一个人述说一件神的作为。,主日,今天是新一周的起点。读 诗篇 126:1-6，先观察经文如何把我们带到“看见神所做的”。就学会述说。留意主怎样带你从认识走向跟随。。不要要求自己一次改变很多，只需要认出一个最真实的回应方向，并为接下来的六天留下一个可以反复操练的生活位置。,,进入｜从主日信息进入本周,本周，我最需要面对的是：“看见神所做，就学会述说”,先不急着回答，把主日经文放进你的生活：看见神所做，就学会述说。留意主怎样带你从认识走向跟随。,本周不追求抽象改变，只在一个真实生活场景中练习“看见神所做，就学会述说”。,看见神所做的｜今天最触动你｜的是什么｜归回,今天最触动我的状态｜很有共鸣｜有一点挣扎｜还不清楚｜愿意开始,用3分钟写下本周回应：“主啊，在看见神所做，就学会述说上，我愿意跟随你。”再选定一个本周每天都可以提醒自己的具体场景。,,V1.1｜第9–52周逐周具体内容已补全｜依据冻结版主题、每日经文与第1–8周确认的门训规则,本轮为内容制作稿；经文出处沿用冻结版，和合本全文与候选关键词仍须逐段核验。
302,44,周一,拓宽眼界,模块4｜进入使命,从群体生活进入服事、见证与普世使命,看见神所做的,看见神所做的 · 周一默想,伯42：1-5,回头看神已经做了什么，并把它说出来；今天向一个人述说一件神的作为。,留意“从经历神转向数算神的作为”在我的选择、情绪或习惯中如何出现。,周一,今天不急着得到“正确答案”，而是练习观察。读 约伯记 42:1-5，留意“再问自己：我今天在哪里正在经历同样的事？（经文：看见神所做的 · 周一默想）”怎样显现在经文里，也怎样可能出现在你今天的生活中。选择一个固定场景停一分钟，看见自己真实的反应，并把它带到主面前。,,看见｜先看见经文与自己的处境,经文怎样让我看见“从经历神转向数算神的作为”？,先观察经文中的人物、行动和张力，再问自己：我今天在哪里正在经历同样的事？（经文：看见神所做的 · 周一默想）,今天先看见，不急着改变；留意“从经历神转向数算神的作为”在我的选择、情绪或习惯中如何出现。,看见神所做的｜周一默想｜约伯｜风闻有你,今天我的状态｜已经看见｜有些模糊｜容易忽略｜愿意留意,今天选一个固定场景（通勤、工作、吃饭或睡前），停下来1分钟，记录一次“从经历神转向数算神的作为”在自己身上的真实表现。,,V1.1｜第9–52周逐周具体内容已补全｜依据冻结版主题、每日经文与第1–8周确认的门训规则,本轮为内容制作稿；经文出处沿用冻结版，和合本全文与候选关键词仍须逐段核验。
303,44,周二,深入省察,模块4｜进入使命,从群体生活进入服事、见证与普世使命,看见神所做的,看见神所做的 · 周二省察,诗77：1-12,回头看神已经做了什么，并把它说出来；今天向一个人述说一件神的作为。,诚实面对关于“面对遗忘、抱怨与只看缺乏”的内在反应。,周二,今天从外在经文转向内在生命。读 诗篇 77:1-12，诚实面对：不要先批评自己，也不要替自己辩护；诚实辨认背后的欲望、惧怕、骄傲或不信，并把它带到主面前。。不要先解释自己，也不要急着定罪自己。试着辨认这个反应背后更深的欲望、惧怕、骄傲或不信。省察不是自责，而是在神面前停止遮掩，愿意让主触碰真实的自己。,,省察｜先面对里面真实的反应,我为什么会在“面对遗忘、抱怨与只看缺乏”上有这样的反应？,不要先批评自己，也不要替自己辩护；诚实辨认背后的欲望、惧怕、骄傲或不信，并把它带到主面前。,今天诚实面对一个关于“面对遗忘、抱怨与只看缺乏”的内在反应，不用属灵话语遮盖它。,看见神所做的｜周二省察｜你是否在低谷｜追想神的作为,我最接近的状态｜愿意面对｜有点抗拒｜容易解释自己｜需要别人陪伴,今天安静5分钟，不为自己辩解，只写下“面对遗忘、抱怨与只看缺乏”引出的一个惧怕、欲望或惯性，然后用一句祷告交给主。,,V1.1｜第9–52周逐周具体内容已补全｜依据冻结版主题、每日经文与第1–8周确认的门训规则,本轮为内容制作稿；经文出处沿用冻结版，和合本全文与候选关键词仍须逐段核验。
304,44,周三,生活应用,模块4｜进入使命,从群体生活进入服事、见证与普世使命,看见神所做的,看见神所做的 · 周三应用,诗145：1-7,回头看神已经做了什么，并把它说出来；今天向一个人述说一件神的作为。,把“记录并感谢神近期的一项作为”放进一个具体决定，用一个小行动回应经文。,周三,今天让“知道”变成“去做”。读 诗篇 145:1-7，思考“不要追求大改变，只走清楚的一步。”在你的现实处境中最小的下一步是什么。把行动限定在十分钟左右，越具体越好。做完后记下一句话：我做了什么？有什么阻力？主让我看见什么？,,行动｜把经文落到一个今天能做的选择,今天我可以怎样把“记录并感谢神近期的一项作为”做出来？,把原则缩小到今天：一个时间点、一个决定、一个动作就够。不要追求大改变，只走清楚的一步。,今天把“记录并感谢神近期的一项作为”放进一个具体决定，用一个小行动回应经文。,看见神所做的｜周三应用｜今天你如何｜传说神的作为,我的行动准备度｜现在就能做｜需要一点计划｜需要别人提醒｜暂时还没想到,今天安排一个明确时间点，把“记录并感谢神近期的一项作为”变成一个10分钟以内的行动，并在完成后记下一个结果。,,V1.1｜第9–52周逐周具体内容已补全｜依据冻结版主题、每日经文与第1–8周确认的门训规则,本轮为内容制作稿；经文出处沿用冻结版，和合本全文与候选关键词仍须逐段核验。
305,44,周四,关系实践,模块4｜进入使命,从群体生活进入服事、见证与普世使命,看见神所做的,看见神所做的 · 周四关系,路17：11-19,回头看神已经做了什么，并把它说出来；今天向一个人述说一件神的作为。,让“向一个人讲述神的信实”发生在一个真实关系里。,周四,今天观察自己怎样对待别人，也让经文重新整理这种关系。读 路加福音 17:11-19，围绕“想起一个具体的人，不停留在抽象的“爱人”；问自己：我可以听什么、说什么、给什么、承担什么？”作一个具体决定。找一个人，主动走近一步；可以是一句话、一次倾听、一次帮助或一次代祷。真实关系中的小小顺服，就是门徒训练的一部分。,,关系｜把跟随放进真实的人际关系,今天哪个关系最需要让我实践“向一个人讲述神的信实”？,想起一个具体的人，不停留在抽象的“爱人”；问自己：我可以听什么、说什么、给什么、承担什么？,今天让“向一个人讲述神的信实”发生在一个真实关系里，而不是停留在个人感受中。,看见神所做的｜周四关系｜今天你可以与｜回来归荣耀与,我在关系中的状态｜愿意主动｜想保持距离｜正在修复｜不知道怎么开口,今天选定一位具体的人，用一个可见动作实践“向一个人讲述神的信实”：主动联系、倾听、帮助、道歉、分享或代祷，六选一。,,V1.1｜第9–52周逐周具体内容已补全｜依据冻结版主题、每日经文与第1–8周确认的门训规则,本轮为内容制作稿；经文出处沿用冻结版，和合本全文与候选关键词仍须逐段核验。
306,44,周五,行动承诺,模块4｜进入使命,从群体生活进入服事、见证与普世使命,看见神所做的,看见神所做的 · 周五行动,诗126：5-6,回头看神已经做了什么，并把它说出来；今天向一个人述说一件神的作为。,让一个真实行动显出“为别人写下一段见证或感谢”正在改变我。,周五,今天来到回应与承担。读 诗篇 126:5-6，问自己：用实际行动回应主的差遣。。把信仰从个人感受带向一个具体的人、一项责任或一个见证行动。不要追求被看见，只求忠心。完成之后写下发生了什么，让你自己的行动成为一个可以被回顾、也可以被分享的见证。,,回应｜从跟随走向见证与承担,如果我真的相信“为别人写下一段见证或感谢”，今天会有什么不同？,把信仰从个人感受带向承担：选择一个人、一个场景或一项责任，用实际行动回应主的差遣。,今天让别人能够从我的一个真实行动，看见“为别人写下一段见证或感谢”正在改变我。,看见神所做的｜周五行动｜今天你如何｜流泪撒种,我的回应状态｜已经确定一步｜正在寻找机会｜有惧怕｜需要同伴同行,今天把“为别人写下一段见证或感谢”带到一个真实的承担中：完成一次见证、服事、给予、修复关系或承担责任，并记录发生了什么。,,V1.1｜第9–52周逐周具体内容已补全｜依据冻结版主题、每日经文与第1–8周确认的门训规则,本轮为内容制作稿；经文出处沿用冻结版，和合本全文与候选关键词仍须逐段核验。
307,44,周六,轻回顾,模块4｜进入使命,从群体生活进入服事、见证与普世使命,看见神所做的,回顾本周：看见神所做的,诗23：1-6,回头看神已经做了什么，并把它说出来；今天向一个人述说一件神的作为。,回头看这一周：经文让我看见了什么，我真正走了哪一步？,周六,读 诗篇 23:1-6，安静回看这七天的经历：哪些地方有顺服，哪些地方仍在挣扎，哪里看见神的带领？特别思考“不要只评价自己“做得好不好”，而是辨认：神让我看见了什么？我实际做了什么？下一步要继续什么？”。今天把本周浓缩成“一个看见、一个行动、一个下一步”，让回顾成为继续跟随的桥梁。,,回顾｜看见本周发生了什么，并确定下一步,回头看七天，我在哪里真实经历了“回顾这一年神在哪里工作过”？,不要只评价自己“做得好不好”，而是辨认：神让我看见了什么？我实际做了什么？下一步要继续什么？,今天从经历而不是感觉回顾“回顾这一年神在哪里工作过”，辨认神的工作与下一步。,回顾本周｜看见神所做的｜这周你经历最｜多的是什么,本周最接近我的状态｜有真实改变｜有看见但未落实｜正在挣扎｜准备重新开始,今天用10分钟完成本周回顾：写下“神让我看见什么／我实际做了什么／下一步继续什么”，并把下一步写成一个下周可执行的动作。,本周总结｜主题“看见神所做的”。回顾“看见神所做，就学会述说—回顾这一年神在哪里工作过”：神让我看见______；我实际回应了______；下一步我要继续______。｜宣告：主仍在带领我，我愿继续跟随。,V1.1｜第9–52周逐周具体内容已补全｜依据冻结版主题、每日经文与第1–8周确认的门训规则,本轮为内容制作稿；经文出处沿用冻结版，和合本全文与候选关键词仍须逐段核验。
308,45,主日,主日信息入口,模块5｜差派与延伸,忠心传递、年度整合、差派与第二年度衔接,把所听见的交给别人,把所听见的交给别人,提后2：1-2,把所领受的交给可信的人，今天把一个自己学会的真理或操练教给别人。,把所领受的交给可信的人，今天把一个自己学会的真理或操练教给别人。,主日,今天把经文放在心里，也把自己放在经文面前。读 提摩太后书 2:1-2，围绕“把所听见的交给别人”安静片刻，思想：留意主怎样带你从认识走向跟随。。主日不是结束，而是进入本周门训的起点。今天选定一个具体场景，提醒自己在这一周继续回来面对这个主题。,,进入｜从主日信息进入本周,本周，我最需要面对的是：“把所领受的交给别人”,先不急着回答，把主日经文放进你的生活：把所领受的交给别人。留意主怎样带你从认识走向跟随。,本周不追求抽象改变，只在一个真实生活场景中练习“把所领受的交给别人”。,把所听见的交｜给别人｜今天最触动你｜的是什么,今天最触动我的状态｜很有共鸣｜有一点挣扎｜还不清楚｜愿意开始,用3分钟写下本周回应：“主啊，在把所领受的交给别人上，我愿意跟随你。”再选定一个本周每天都可以提醒自己的具体场景。,,V1.1｜第9–52周逐周具体内容已补全｜依据冻结版主题、每日经文与第1–8周确认的门训规则,本轮为内容制作稿；经文出处沿用冻结版，和合本全文与候选关键词仍须逐段核验。
309,45,周一,拓宽眼界,模块5｜差派与延伸,忠心传递、年度整合、差派与第二年度衔接,把所听见的交给别人,把所听见的交给别人 · 周一默想,申6：4-9,把所领受的交给可信的人，今天把一个自己学会的真理或操练教给别人。,留意“门徒训练就是忠心传递”在我的选择、情绪或习惯中如何出现。,周一,今天先学习看见。读 申命记 6:4-9，不要急着批评或解决问题，留意经文让你看见什么：再问自己：我今天在哪里正在经历同样的事？（经文：把所听见的交给别人 · 周一默想）。再回到自己的生活，观察一个真实反应、选择或习惯。门徒不是先表现得正确，而是先在神的光中看清楚自己。把今天看见的一件事记下来，作为后面回应的起点。,,看见｜先看见经文与自己的处境,经文怎样让我看见“门徒训练就是忠心传递”？,先观察经文中的人物、行动和张力，再问自己：我今天在哪里正在经历同样的事？（经文：把所听见的交给别人 · 周一默想）,今天先看见，不急着改变；留意“门徒训练就是忠心传递”在我的选择、情绪或习惯中如何出现。,把所听见的交｜给别人｜周一默想｜殷勤教导儿女,今天我的状态｜已经看见｜有些模糊｜容易忽略｜愿意留意,今天选一个固定场景（通勤、工作、吃饭或睡前），停下来1分钟，记录一次“门徒训练就是忠心传递”在自己身上的真实表现。,,V1.1｜第9–52周逐周具体内容已补全｜依据冻结版主题、每日经文与第1–8周确认的门训规则,本轮为内容制作稿；经文出处沿用冻结版，和合本全文与候选关键词仍须逐段核验。
310,45,周二,深入省察,模块5｜差派与延伸,忠心传递、年度整合、差派与第二年度衔接,把所听见的交给别人,把所听见的交给别人 · 周二省察,来5：11-14,把所领受的交给可信的人，今天把一个自己学会的真理或操练教给别人。,诚实面对关于“面对只学习不传承的停滞”的内在反应。,周二,今天给自己几分钟安静。读 希伯来书 5:11-14，把经文所揭开的张力带回心里：不要先批评自己，也不要替自己辩护；诚实辨认背后的欲望、惧怕、骄傲或不信，并把它带到主面前。。问自己，我在什么地方正在重复同样的模式？不必马上找到解决方案，只需要说真话，并用一句简单的祷告把这份真实交给主。,,省察｜先面对里面真实的反应,我为什么会在“面对只学习不传承的停滞”上有这样的反应？,不要先批评自己，也不要替自己辩护；诚实辨认背后的欲望、惧怕、骄傲或不信，并把它带到主面前。,今天诚实面对一个关于“面对只学习不传承的停滞”的内在反应，不用属灵话语遮盖它。,把所听见的交｜给别人｜周二省察｜你是否,我最接近的状态｜愿意面对｜有点抗拒｜容易解释自己｜需要别人陪伴,今天安静5分钟，不为自己辩解，只写下“面对只学习不传承的停滞”引出的一个惧怕、欲望或惯性，然后用一句祷告交给主。,,V1.1｜第9–52周逐周具体内容已补全｜依据冻结版主题、每日经文与第1–8周确认的门训规则,本轮为内容制作稿；经文出处沿用冻结版，和合本全文与候选关键词仍须逐段核验。
311,45,周三,生活应用,模块5｜差派与延伸,忠心传递、年度整合、差派与第二年度衔接,把所听见的交给别人,把所听见的交给别人 · 周三应用,多2：1-8,把所领受的交给可信的人，今天把一个自己学会的真理或操练教给别人。,把“选择一个可以陪伴成长的人”放进一个具体决定，用一个小行动回应经文。,周三,不要等到条件完美才回应经文。读 提多书 2:1-8，找出一个可以立即开始的动作，回应“不要追求大改变，只走清楚的一步。”。今天只走一步，但要真的走。行动之后，用一分钟回顾结果，让经验成为下一次跟随的依据。,,行动｜把经文落到一个今天能做的选择,今天我可以怎样把“选择一个可以陪伴成长的人”做出来？,把原则缩小到今天：一个时间点、一个决定、一个动作就够。不要追求大改变，只走清楚的一步。,今天把“选择一个可以陪伴成长的人”放进一个具体决定，用一个小行动回应经文。,把所听见的交｜给别人｜周三应用｜今天你如何,我的行动准备度｜现在就能做｜需要一点计划｜需要别人提醒｜暂时还没想到,今天安排一个明确时间点，把“选择一个可以陪伴成长的人”变成一个10分钟以内的行动，并在完成后记下一个结果。,,V1.1｜第9–52周逐周具体内容已补全｜依据冻结版主题、每日经文与第1–8周确认的门训规则,本轮为内容制作稿；经文出处沿用冻结版，和合本全文与候选关键词仍须逐段核验。
312,45,周四,关系实践,模块5｜差派与延伸,忠心传递、年度整合、差派与第二年度衔接,把所听见的交给别人,把所听见的交给别人 · 周四关系,提后2：22-26,把所领受的交给可信的人，今天把一个自己学会的真理或操练教给别人。,让“把所学的用简单语言教给别人”发生在一个真实关系里。,周四,今天把跟随带进一个人的名字。读 提摩太后书 2:22-26，思想：想起一个具体的人，不停留在抽象的“爱人”；问自己：我可以听什么、说什么、给什么、承担什么？。想起一段真实关系，不停留在“我要更有爱心”的想法，而是决定一个看得见的动作：认真倾听、主动帮助、道歉、感谢、分享或代祷。让今天的经文通过你的关系被活出来。,,关系｜把跟随放进真实的人际关系,今天哪个关系最需要让我实践“把所学的用简单语言教给别人”？,想起一个具体的人，不停留在抽象的“爱人”；问自己：我可以听什么、说什么、给什么、承担什么？,今天让“把所学的用简单语言教给别人”发生在一个真实关系里，而不是停留在个人感受中。,把所听见的交｜给别人｜周四关系｜今天你可以如,我在关系中的状态｜愿意主动｜想保持距离｜正在修复｜不知道怎么开口,今天选定一位具体的人，用一个可见动作实践“把所学的用简单语言教给别人”：主动联系、倾听、帮助、道歉、分享或代祷，六选一。,,V1.1｜第9–52周逐周具体内容已补全｜依据冻结版主题、每日经文与第1–8周确认的门训规则,本轮为内容制作稿；经文出处沿用冻结版，和合本全文与候选关键词仍须逐段核验。
313,45,周五,行动承诺,模块5｜差派与延伸,忠心传递、年度整合、差派与第二年度衔接,把所听见的交给别人,把所听见的交给别人 · 周五行动,太28：19-20,把所领受的交给可信的人，今天把一个自己学会的真理或操练教给别人。,让一个真实行动显出“开始一次具体的门徒陪伴”正在改变我。,周五,今天的重点不是再多懂一点，而是愿意承担一步。读 马太福音 28:19-20，把“用实际行动回应主的差遣。”落实到现实生活。可以是一次服事、一次给予、一次修复关系、一次见证或一次责任。先忠心完成今天能做的，然后在神面前感谢祂的带领。,,回应｜从跟随走向见证与承担,如果我真的相信“开始一次具体的门徒陪伴”，今天会有什么不同？,把信仰从个人感受带向承担：选择一个人、一个场景或一项责任，用实际行动回应主的差遣。,今天让别人能够从我的一个真实行动，看见“开始一次具体的门徒陪伴”正在改变我。,把所听见的交｜给别人｜周五行动｜今天你如何,我的回应状态｜已经确定一步｜正在寻找机会｜有惧怕｜需要同伴同行,今天把“开始一次具体的门徒陪伴”带到一个真实的承担中：完成一次见证、服事、给予、修复关系或承担责任，并记录发生了什么。,,V1.1｜第9–52周逐周具体内容已补全｜依据冻结版主题、每日经文与第1–8周确认的门训规则,本轮为内容制作稿；经文出处沿用冻结版，和合本全文与候选关键词仍须逐段核验。
314,45,周六,轻回顾,模块5｜差派与延伸,忠心传递、年度整合、差派与第二年度衔接,把所听见的交给别人,回顾本周：把所听见的交给别人,诗23：1-6,把所领受的交给可信的人，今天把一个自己学会的真理或操练教给别人。,回头看这一周：经文让我看见了什么，我真正走了哪一步？,周六,回顾不是给自己打分，而是辨认神怎样工作。今天读 诗篇 23:1-6，整理你这一周在“不要只评价自己“做得好不好”，而是辨认：神让我看见了什么？我实际做了什么？下一步要继续什么？”上的经历。感谢已经发生的，也承认还没有改变的。最后写下一句本周总结，并确定一个可以带进下一周的小小行动。,,回顾｜看见本周发生了什么，并确定下一步,回头看七天，我在哪里真实经历了“回顾今年有什么可以交给下一代”？,不要只评价自己“做得好不好”，而是辨认：神让我看见了什么？我实际做了什么？下一步要继续什么？,今天从经历而不是感觉回顾“回顾今年有什么可以交给下一代”，辨认神的工作与下一步。,回顾本周｜把所听见的交｜给别人｜这周你经历最,本周最接近我的状态｜有真实改变｜有看见但未落实｜正在挣扎｜准备重新开始,今天用10分钟完成本周回顾：写下“神让我看见什么／我实际做了什么／下一步继续什么”，并把下一步写成一个下周可执行的动作。,本周总结｜主题“把所听见的交给别人”。回顾“把所领受的交给别人—回顾今年有什么可以交给下一代”：神让我看见______；我实际回应了______；下一步我要继续______。｜宣告：主仍在带领我，我愿继续跟随。,V1.1｜第9–52周逐周具体内容已补全｜依据冻结版主题、每日经文与第1–8周确认的门训规则,本轮为内容制作稿；经文出处沿用冻结版，和合本全文与候选关键词仍须逐段核验。
315,46,主日,主日信息入口,模块5｜差派与延伸,忠心传递、年度整合、差派与第二年度衔接,忠心到底,忠心到底,提后2：3-7,忠心是在重复而不显眼的事上坚持，今天把一项该做的事认真完成。,忠心是在重复而不显眼的事上坚持，今天把一项该做的事认真完成。,主日,今天先慢下来。读 提摩太后书 2:3-7，让“忠心到底”成为这一周共同的入口。不要急着把主日信息变成更多知识，先问：留意主怎样带你从认识走向跟随。。把这个问题放进你真实的生活，找出一个本周愿意跟随主的场景。主日的领受要进入一周的生活，才会成为门徒的道路。,,进入｜从主日信息进入本周,本周，我最需要面对的是：“忠心到底”,先不急着回答，把主日经文放进你的生活：忠心到底。留意主怎样带你从认识走向跟随。,本周不追求抽象改变，只在一个真实生活场景中练习“忠心到底”。,忠心到底｜今天最触动你｜的是什么｜精兵,今天最触动我的状态｜很有共鸣｜有一点挣扎｜还不清楚｜愿意开始,用3分钟写下本周回应：“主啊，在忠心到底上，我愿意跟随你。”再选定一个本周每天都可以提醒自己的具体场景。,,V1.1｜第9–52周逐周具体内容已补全｜依据冻结版主题、每日经文与第1–8周确认的门训规则,本轮为内容制作稿；经文出处沿用冻结版，和合本全文与候选关键词仍须逐段核验。
316,46,周一,拓宽眼界,模块5｜差派与延伸,忠心传递、年度整合、差派与第二年度衔接,忠心到底,忠心到底 · 周一默想,林前9：24-27,忠心是在重复而不显眼的事上坚持，今天把一项该做的事认真完成。,留意“用长期忠心代替短期热情”在我的选择、情绪或习惯中如何出现。,周一,读 哥林多前书 9:24-27 时，先把注意力放在经文的人、行动和张力上。今天特别思想：再问自己：我今天在哪里正在经历同样的事？（经文：忠心到底 · 周一默想）。然后问自己，这件事在我的生活里有没有类似的位置？不要急着改变，先诚实记录一次。能够看见，是让神的话从纸面进入生命的第一步。,,看见｜先看见经文与自己的处境,经文怎样让我看见“用长期忠心代替短期热情”？,先观察经文中的人物、行动和张力，再问自己：我今天在哪里正在经历同样的事？（经文：忠心到底 · 周一默想）,今天先看见，不急着改变；留意“用长期忠心代替短期热情”在我的选择、情绪或习惯中如何出现。,忠心到底｜周一默想｜保罗｜攻克己身,今天我的状态｜已经看见｜有些模糊｜容易忽略｜愿意留意,今天选一个固定场景（通勤、工作、吃饭或睡前），停下来1分钟，记录一次“用长期忠心代替短期热情”在自己身上的真实表现。,,V1.1｜第9–52周逐周具体内容已补全｜依据冻结版主题、每日经文与第1–8周确认的门训规则,本轮为内容制作稿；经文出处沿用冻结版，和合本全文与候选关键词仍须逐段核验。
317,46,周二,深入省察,模块5｜差派与延伸,忠心传递、年度整合、差派与第二年度衔接,忠心到底,忠心到底 · 周二省察,启2：8-11,忠心是在重复而不显眼的事上坚持，今天把一项该做的事认真完成。,诚实面对关于“面对疲惫、诱惑和半途而废”的内在反应。,周二,门徒训练不仅改变行为，也改变里面的动机。读 启示录 2:8-11，认真面对“不要先批评自己，也不要替自己辩护；诚实辨认背后的欲望、惧怕、骄傲或不信，并把它带到主面前。”。当你察觉到防卫、焦虑、比较或自我保护时，不要赶快掩盖。把那个最真实的反应写下来，求主带你从看见走向悔改与信靠。,,省察｜先面对里面真实的反应,我为什么会在“面对疲惫、诱惑和半途而废”上有这样的反应？,不要先批评自己，也不要替自己辩护；诚实辨认背后的欲望、惧怕、骄傲或不信，并把它带到主面前。,今天诚实面对一个关于“面对疲惫、诱惑和半途而废”的内在反应，不用属灵话语遮盖它。,忠心到底｜周二省察｜你是否有｜至死忠心,我最接近的状态｜愿意面对｜有点抗拒｜容易解释自己｜需要别人陪伴,今天安静5分钟，不为自己辩解，只写下“面对疲惫、诱惑和半途而废”引出的一个惧怕、欲望或惯性，然后用一句祷告交给主。,,V1.1｜第9–52周逐周具体内容已补全｜依据冻结版主题、每日经文与第1–8周确认的门训规则,本轮为内容制作稿；经文出处沿用冻结版，和合本全文与候选关键词仍须逐段核验。
318,46,周三,生活应用,模块5｜差派与延伸,忠心传递、年度整合、差派与第二年度衔接,忠心到底,忠心到底 · 周三应用,来12：1-3,忠心是在重复而不显眼的事上坚持，今天把一项该做的事认真完成。,把“在一个长期操练上重新坚持”放进一个具体决定，用一个小行动回应经文。,周三,今天把经文缩小成一个选择。读 希伯来书 12:1-3，问自己：不要追求大改变，只走清楚的一步。。不要设计一个很大的计划，只找一个今天能完成的小行动。门徒的成长常常发生在普通时间、普通决定和普通责任里。选定时间点去做，完成后再回看它带来了什么改变。,,行动｜把经文落到一个今天能做的选择,今天我可以怎样把“在一个长期操练上重新坚持”做出来？,把原则缩小到今天：一个时间点、一个决定、一个动作就够。不要追求大改变，只走清楚的一步。,今天把“在一个长期操练上重新坚持”放进一个具体决定，用一个小行动回应经文。,忠心到底｜周三应用｜今天你如何｜存心忍耐,我的行动准备度｜现在就能做｜需要一点计划｜需要别人提醒｜暂时还没想到,今天安排一个明确时间点，把“在一个长期操练上重新坚持”变成一个10分钟以内的行动，并在完成后记下一个结果。,,V1.1｜第9–52周逐周具体内容已补全｜依据冻结版主题、每日经文与第1–8周确认的门训规则,本轮为内容制作稿；经文出处沿用冻结版，和合本全文与候选关键词仍须逐段核验。
319,46,周四,关系实践,模块5｜差派与延伸,忠心传递、年度整合、差派与第二年度衔接,忠心到底,忠心到底 · 周四关系,提后4：1-5,忠心是在重复而不显眼的事上坚持，今天把一项该做的事认真完成。,让“鼓励一个正在疲惫中的肢体”发生在一个真实关系里。,周四,门徒生命一定会影响人与人的相处。读 提摩太后书 4:1-5，问自己：想起一个具体的人，不停留在抽象的“爱人”；问自己：我可以听什么、说什么、给什么、承担什么？。选一个具体的人，少一点自我证明，多一点靠近与承担。你今天不需要解决这段关系的全部问题，只需要完成一个真实而善意的动作，并留意自己的心发生了什么。,,关系｜把跟随放进真实的人际关系,今天哪个关系最需要让我实践“鼓励一个正在疲惫中的肢体”？,想起一个具体的人，不停留在抽象的“爱人”；问自己：我可以听什么、说什么、给什么、承担什么？,今天让“鼓励一个正在疲惫中的肢体”发生在一个真实关系里，而不是停留在个人感受中。,忠心到底｜周四关系｜今天你可以如｜尽你的职分,我在关系中的状态｜愿意主动｜想保持距离｜正在修复｜不知道怎么开口,今天选定一位具体的人，用一个可见动作实践“鼓励一个正在疲惫中的肢体”：主动联系、倾听、帮助、道歉、分享或代祷，六选一。,,V1.1｜第9–52周逐周具体内容已补全｜依据冻结版主题、每日经文与第1–8周确认的门训规则,本轮为内容制作稿；经文出处沿用冻结版，和合本全文与候选关键词仍须逐段核验。
320,46,周五,行动承诺,模块5｜差派与延伸,忠心传递、年度整合、差派与第二年度衔接,忠心到底,忠心到底 · 周五行动,彼后1：5-11,忠心是在重复而不显眼的事上坚持，今天把一项该做的事认真完成。,让一个真实行动显出“完成一个承诺已久的小行动”正在改变我。,周五,回应就是把领受交在行动里。读 彼得后书 1:5-11，思想“用实际行动回应主的差遣。”对今天意味着什么。选择一个具体行动，并为它安排明确的时间。做完不要急着评估自己，而是回头看：我是否更愿意跟随？神又让我看见了什么？,,回应｜从跟随走向见证与承担,如果我真的相信“完成一个承诺已久的小行动”，今天会有什么不同？,把信仰从个人感受带向承担：选择一个人、一个场景或一项责任，用实际行动回应主的差遣。,今天让别人能够从我的一个真实行动，看见“完成一个承诺已久的小行动”正在改变我。,忠心到底｜周五行动｜今天你如何｜分外地殷勤,我的回应状态｜已经确定一步｜正在寻找机会｜有惧怕｜需要同伴同行,今天把“完成一个承诺已久的小行动”带到一个真实的承担中：完成一次见证、服事、给予、修复关系或承担责任，并记录发生了什么。,,V1.1｜第9–52周逐周具体内容已补全｜依据冻结版主题、每日经文与第1–8周确认的门训规则,本轮为内容制作稿；经文出处沿用冻结版，和合本全文与候选关键词仍须逐段核验。
321,46,周六,轻回顾,模块5｜差派与延伸,忠心传递、年度整合、差派与第二年度衔接,忠心到底,回顾本周：忠心到底,诗23：1-6,忠心是在重复而不显眼的事上坚持，今天把一项该做的事认真完成。,回头看这一周：经文让我看见了什么，我真正走了哪一步？,周六,今天是回顾的一天。读 诗篇 23:1-6，回头看这一周，特别整理：不要只评价自己“做得好不好”，而是辨认：神让我看见了什么？我实际做了什么？下一步要继续什么？。不要只问“我做得好不好”，而要问三件事：神让我看见什么？我实际做了什么？下一步要继续什么？把一个真实学习写下来，再把下一步写成下周可以执行的动作。,,回顾｜看见本周发生了什么，并确定下一步,回头看七天，我在哪里真实经历了“回顾忠心最需要坚持的是什么”？,不要只评价自己“做得好不好”，而是辨认：神让我看见了什么？我实际做了什么？下一步要继续什么？,今天从经历而不是感觉回顾“回顾忠心最需要坚持的是什么”，辨认神的工作与下一步。,回顾本周｜忠心到底｜这周你经历最｜多的是什么,本周最接近我的状态｜有真实改变｜有看见但未落实｜正在挣扎｜准备重新开始,今天用10分钟完成本周回顾：写下“神让我看见什么／我实际做了什么／下一步继续什么”，并把下一步写成一个下周可执行的动作。,本周总结｜主题“忠心到底”。回顾“忠心到底—回顾忠心最需要坚持的是什么”：神让我看见______；我实际回应了______；下一步我要继续______。｜宣告：主仍在带领我，我愿继续跟随。,V1.1｜第9–52周逐周具体内容已补全｜依据冻结版主题、每日经文与第1–8周确认的门训规则,本轮为内容制作稿；经文出处沿用冻结版，和合本全文与候选关键词仍须逐段核验。
322,47,主日,主日信息入口,模块5｜差派与延伸,忠心传递、年度整合、差派与第二年度衔接,回头看这一年,回头看这一年,传3：1-11,回头看这一年，不只数算完成了多少，也辨认神怎样带领了你，并留下一个下一步。,回头看这一年，不只数算完成了多少，也辨认神怎样带领了你，并留下一个下一步。,主日,今天是新一周的起点。读 传道书 3:1-11，先观察经文如何把我们带到“回头看这一年”。留意主怎样带你从认识走向跟随。。不要要求自己一次改变很多，只需要认出一个最真实的回应方向，并为接下来的六天留下一个可以反复操练的生活位置。,,进入｜从主日信息进入本周,本周，我最需要面对的是：“回头看这一年”,先不急着回答，把主日经文放进你的生活：回头看这一年。留意主怎样带你从认识走向跟随。,本周不追求抽象改变，只在一个真实生活场景中练习“回头看这一年”。,回头看这一年｜今天最触动你｜的是什么｜定时,今天最触动我的状态｜很有共鸣｜有一点挣扎｜还不清楚｜愿意开始,用3分钟写下本周回应：“主啊，在回头看这一年上，我愿意跟随你。”再选定一个本周每天都可以提醒自己的具体场景。,,V1.1｜第9–52周逐周具体内容已补全｜依据冻结版主题、每日经文与第1–8周确认的门训规则,本轮为内容制作稿；经文出处沿用冻结版，和合本全文与候选关键词仍须逐段核验。
323,47,周一,拓宽眼界,模块5｜差派与延伸,忠心传递、年度整合、差派与第二年度衔接,回头看这一年,回头看这一年 · 周一默想,诗90：1-12,回头看这一年，不只数算完成了多少，也辨认神怎样带领了你，并留下一个下一步。,留意“在神面前诚实整理时间与生命”在我的选择、情绪或习惯中如何出现。,周一,今天不急着得到“正确答案”，而是练习观察。读 诗篇 90:1-12，留意“再问自己：我今天在哪里正在经历同样的事？（经文：回头看这一年 · 周一默想）”怎样显现在经文里，也怎样可能出现在你今天的生活中。选择一个固定场景停一分钟，看见自己真实的反应，并把它带到主面前。,,看见｜先看见经文与自己的处境,经文怎样让我看见“在神面前诚实整理时间与生命”？,先观察经文中的人物、行动和张力，再问自己：我今天在哪里正在经历同样的事？（经文：回头看这一年 · 周一默想）,今天先看见，不急着改变；留意“在神面前诚实整理时间与生命”在我的选择、情绪或习惯中如何出现。,回头看这一年｜周一默想｜数算日子的智｜慧如何提醒你,今天我的状态｜已经看见｜有些模糊｜容易忽略｜愿意留意,今天选一个固定场景（通勤、工作、吃饭或睡前），停下来1分钟，记录一次“在神面前诚实整理时间与生命”在自己身上的真实表现。,,V1.1｜第9–52周逐周具体内容已补全｜依据冻结版主题、每日经文与第1–8周确认的门训规则,本轮为内容制作稿；经文出处沿用冻结版，和合本全文与候选关键词仍须逐段核验。
324,47,周二,深入省察,模块5｜差派与延伸,忠心传递、年度整合、差派与第二年度衔接,回头看这一年,回头看这一年 · 周二省察,路15：11-24,回头看这一年，不只数算完成了多少，也辨认神怎样带领了你，并留下一个下一步。,诚实面对关于“面对遗憾、骄傲和未完成”的内在反应。,周二,今天从外在经文转向内在生命。读 路加福音 15:11-24，诚实面对：不要先批评自己，也不要替自己辩护；诚实辨认背后的欲望、惧怕、骄傲或不信，并把它带到主面前。。不要先解释自己，也不要急着定罪自己。试着辨认这个反应背后更深的欲望、惧怕、骄傲或不信。省察不是自责，而是在神面前停止遮掩，愿意让主触碰真实的自己。,,省察｜先面对里面真实的反应,我为什么会在“面对遗憾、骄傲和未完成”上有这样的反应？,不要先批评自己，也不要替自己辩护；诚实辨认背后的欲望、惧怕、骄傲或不信，并把它带到主面前。,今天诚实面对一个关于“面对遗憾、骄傲和未完成”的内在反应，不用属灵话语遮盖它。,回头看这一年｜周二省察｜你是否有｜我得罪了天,我最接近的状态｜愿意面对｜有点抗拒｜容易解释自己｜需要别人陪伴,今天安静5分钟，不为自己辩解，只写下“面对遗憾、骄傲和未完成”引出的一个惧怕、欲望或惯性，然后用一句祷告交给主。,,V1.1｜第9–52周逐周具体内容已补全｜依据冻结版主题、每日经文与第1–8周确认的门训规则,本轮为内容制作稿；经文出处沿用冻结版，和合本全文与候选关键词仍须逐段核验。
325,47,周三,生活应用,模块5｜差派与延伸,忠心传递、年度整合、差派与第二年度衔接,回头看这一年,回头看这一年 · 周三应用,腓3：12-16,回头看这一年，不只数算完成了多少，也辨认神怎样带领了你，并留下一个下一步。,把“从一年经历提炼一项神的工作与一项需要改变”放进一个具体决定，用一个小行动回应经文。,周三,今天让“知道”变成“去做”。读 腓立比书 3:12-16，思考“不要追求大改变，只走清楚的一步。”在你的现实处境中最小的下一步是什么。把行动限定在十分钟左右，越具体越好。做完后记下一句话：我做了什么？有什么阻力？主让我看见什么？,,行动｜把经文落到一个今天能做的选择,今天我可以怎样把“从一年经历提炼一项神的工作与一项需要改变”做出来？,把原则缩小到今天：一个时间点、一个决定、一个动作就够。不要追求大改变，只走清楚的一步。,今天把“从一年经历提炼一项神的工作与一项需要改变”放进一个具体决定，用一个小行动回应经文。,回头看这一年｜周三应用｜今天你如何｜忘记背后,我的行动准备度｜现在就能做｜需要一点计划｜需要别人提醒｜暂时还没想到,今天安排一个明确时间点，把“从一年经历提炼一项神的工作与一项需要改变”变成一个10分钟以内的行动，并在完成后记下一个结果。,,V1.1｜第9–52周逐周具体内容已补全｜依据冻结版主题、每日经文与第1–8周确认的门训规则,本轮为内容制作稿；经文出处沿用冻结版，和合本全文与候选关键词仍须逐段核验。
326,47,周四,关系实践,模块5｜差派与延伸,忠心传递、年度整合、差派与第二年度衔接,回头看这一年,回头看这一年 · 周四关系,林前15：58,回头看这一年，不只数算完成了多少，也辨认神怎样带领了你，并留下一个下一步。,让“向一位同行者分享真实回顾”发生在一个真实关系里。,周四,今天观察自己怎样对待别人，也让经文重新整理这种关系。读 哥林多前书 15:58，围绕“想起一个具体的人，不停留在抽象的“爱人”；问自己：我可以听什么、说什么、给什么、承担什么？”作一个具体决定。找一个人，主动走近一步；可以是一句话、一次倾听、一次帮助或一次代祷。真实关系中的小小顺服，就是门徒训练的一部分。,,关系｜把跟随放进真实的人际关系,今天哪个关系最需要让我实践“向一位同行者分享真实回顾”？,想起一个具体的人，不停留在抽象的“爱人”；问自己：我可以听什么、说什么、给什么、承担什么？,今天让“向一位同行者分享真实回顾”发生在一个真实关系里，而不是停留在个人感受中。,回头看这一年｜周四关系｜今天你如何｜坚固不可摇动,我在关系中的状态｜愿意主动｜想保持距离｜正在修复｜不知道怎么开口,今天选定一位具体的人，用一个可见动作实践“向一位同行者分享真实回顾”：主动联系、倾听、帮助、道歉、分享或代祷，六选一。,,V1.1｜第9–52周逐周具体内容已补全｜依据冻结版主题、每日经文与第1–8周确认的门训规则,本轮为内容制作稿；经文出处沿用冻结版，和合本全文与候选关键词仍须逐段核验。
327,47,周五,行动承诺,模块5｜差派与延伸,忠心传递、年度整合、差派与第二年度衔接,回头看这一年,回头看这一年 · 周五行动,启2：1-7,回头看这一年，不只数算完成了多少，也辨认神怎样带领了你，并留下一个下一步。,让一个真实行动显出“为下一年写下一个跟随目标”正在改变我。,周五,今天来到回应与承担。读 启示录 2:1-7，问自己：用实际行动回应主的差遣。。把信仰从个人感受带向一个具体的人、一项责任或一个见证行动。不要追求被看见，只求忠心。完成之后写下发生了什么，让你自己的行动成为一个可以被回顾、也可以被分享的见证。,,回应｜从跟随走向见证与承担,如果我真的相信“为下一年写下一个跟随目标”，今天会有什么不同？,把信仰从个人感受带向承担：选择一个人、一个场景或一项责任，用实际行动回应主的差遣。,今天让别人能够从我的一个真实行动，看见“为下一年写下一个跟随目标”正在改变我。,回头看这一年｜周五行动｜今天你如何｜回想是从哪里,我的回应状态｜已经确定一步｜正在寻找机会｜有惧怕｜需要同伴同行,今天把“为下一年写下一个跟随目标”带到一个真实的承担中：完成一次见证、服事、给予、修复关系或承担责任，并记录发生了什么。,,V1.1｜第9–52周逐周具体内容已补全｜依据冻结版主题、每日经文与第1–8周确认的门训规则,本轮为内容制作稿；经文出处沿用冻结版，和合本全文与候选关键词仍须逐段核验。
328,47,周六,轻回顾,模块5｜差派与延伸,忠心传递、年度整合、差派与第二年度衔接,回头看这一年,回顾本周：回头看这一年,诗23：1-6,回头看这一年，不只数算完成了多少，也辨认神怎样带领了你，并留下一个下一步。,回头看这一周：经文让我看见了什么，我真正走了哪一步？,周六,读 诗篇 23:1-6，安静回看这七天的经历：哪些地方有顺服，哪些地方仍在挣扎，哪里看见神的带领？特别思考“不要只评价自己“做得好不好”，而是辨认：神让我看见了什么？我实际做了什么？下一步要继续什么？”。今天把本周浓缩成“一个看见、一个行动、一个下一步”，让回顾成为继续跟随的桥梁。,,回顾｜看见本周发生了什么，并确定下一步,回头看七天，我在哪里真实经历了“回顾不是怀旧，而是辨认神的带领”？,不要只评价自己“做得好不好”，而是辨认：神让我看见了什么？我实际做了什么？下一步要继续什么？,今天从经历而不是感觉回顾“回顾不是怀旧，而是辨认神的带领”，辨认神的工作与下一步。,回顾本周｜回头看这一年｜这周你经历最｜多的是什么,本周最接近我的状态｜有真实改变｜有看见但未落实｜正在挣扎｜准备重新开始,今天用10分钟完成本周回顾：写下“神让我看见什么／我实际做了什么／下一步继续什么”，并把下一步写成一个下周可执行的动作。,本周总结｜主题“回头看这一年”。回顾“回头看这一年—回顾不是怀旧，而是辨认神的带领”：神让我看见______；我实际回应了______；下一步我要继续______。｜宣告：主仍在带领我，我愿继续跟随。,V1.1｜第9–52周逐周具体内容已补全｜依据冻结版主题、每日经文与第1–8周确认的门训规则,本轮为内容制作稿；经文出处沿用冻结版，和合本全文与候选关键词仍须逐段核验。
329,48,主日,主日信息入口,模块5｜差派与延伸,忠心传递、年度整合、差派与第二年度衔接,在等候中警醒,在等候中警醒,太24：36-44,在等待中保持清醒，今天减少一个让自己麻木的习惯，留心主正在做什么。,在等待中保持清醒，今天减少一个让自己麻木的习惯，留心主正在做什么。,主日,今天把经文放在心里，也把自己放在经文面前。读 马太福音 24:36-44，围绕“在等候中警醒”安静片刻，思想：留意主怎样带你从认识走向跟随。。主日不是结束，而是进入本周门训的起点。今天选定一个具体场景，提醒自己在这一周继续回来面对这个主题。,,进入｜从主日信息进入本周,本周，我最需要面对的是：“在等候中警醒”,先不急着回答，把主日经文放进你的生活：在等候中警醒。留意主怎样带你从认识走向跟随。,本周不追求抽象改变，只在一个真实生活场景中练习“在等候中警醒”。,在等候中警醒｜今天最触动你｜的是什么｜警醒,今天最触动我的状态｜很有共鸣｜有一点挣扎｜还不清楚｜愿意开始,用3分钟写下本周回应：“主啊，在在等候中警醒上，我愿意跟随你。”再选定一个本周每天都可以提醒自己的具体场景。,,V1.1｜第9–52周逐周具体内容已补全｜依据冻结版主题、每日经文与第1–8周确认的门训规则,本轮为内容制作稿；经文出处沿用冻结版，和合本全文与候选关键词仍须逐段核验。
330,48,周一,拓宽眼界,模块5｜差派与延伸,忠心传递、年度整合、差派与第二年度衔接,在等候中警醒,在等候中警醒 · 周一默想,摩4：12,在等待中保持清醒，今天减少一个让自己麻木的习惯，留心主正在做什么。,留意“把末后的盼望转成今天的忠心”在我的选择、情绪或习惯中如何出现。,周一,今天先学习看见。读 阿摩司书 4:12，不要急着批评或解决问题，留意经文让你看见什么：再问自己：我今天在哪里正在经历同样的事？（经文：在等候中警醒 · 周一默想）。再回到自己的生活，观察一个真实反应、选择或习惯。门徒不是先表现得正确，而是先在神的光中看清楚自己。把今天看见的一件事记下来，作为后面回应的起点。,,看见｜先看见经文与自己的处境,经文怎样让我看见“把末后的盼望转成今天的忠心”？,先观察经文中的人物、行动和张力，再问自己：我今天在哪里正在经历同样的事？（经文：在等候中警醒 · 周一默想）,今天先看见，不急着改变；留意“把末后的盼望转成今天的忠心”在我的选择、情绪或习惯中如何出现。,在等候中警醒｜周一默想｜你当预备迎见｜你的神,今天我的状态｜已经看见｜有些模糊｜容易忽略｜愿意留意,今天选一个固定场景（通勤、工作、吃饭或睡前），停下来1分钟，记录一次“把末后的盼望转成今天的忠心”在自己身上的真实表现。,,V1.1｜第9–52周逐周具体内容已补全｜依据冻结版主题、每日经文与第1–8周确认的门训规则,本轮为内容制作稿；经文出处沿用冻结版，和合本全文与候选关键词仍须逐段核验。
331,48,周二,深入省察,模块5｜差派与延伸,忠心传递、年度整合、差派与第二年度衔接,在等候中警醒,在等候中警醒 · 周二省察,罗13：11-14,在等待中保持清醒，今天减少一个让自己麻木的习惯，留心主正在做什么。,诚实面对关于“面对松懈、拖延与麻木”的内在反应。,周二,今天给自己几分钟安静。读 罗马书 13:11-14，把经文所揭开的张力带回心里：不要先批评自己，也不要替自己辩护；诚实辨认背后的欲望、惧怕、骄傲或不信，并把它带到主面前。。问自己，我在什么地方正在重复同样的模式？不必马上找到解决方案，只需要说真话，并用一句简单的祷告把这份真实交给主。,,省察｜先面对里面真实的反应,我为什么会在“面对松懈、拖延与麻木”上有这样的反应？,不要先批评自己，也不要替自己辩护；诚实辨认背后的欲望、惧怕、骄傲或不信，并把它带到主面前。,今天诚实面对一个关于“面对松懈、拖延与麻木”的内在反应，不用属灵话语遮盖它。,在等候中警醒｜周二省察｜你是否有｜睡着的,我最接近的状态｜愿意面对｜有点抗拒｜容易解释自己｜需要别人陪伴,今天安静5分钟，不为自己辩解，只写下“面对松懈、拖延与麻木”引出的一个惧怕、欲望或惯性，然后用一句祷告交给主。,,V1.1｜第9–52周逐周具体内容已补全｜依据冻结版主题、每日经文与第1–8周确认的门训规则,本轮为内容制作稿；经文出处沿用冻结版，和合本全文与候选关键词仍须逐段核验。
332,48,周三,生活应用,模块5｜差派与延伸,忠心传递、年度整合、差派与第二年度衔接,在等候中警醒,在等候中警醒 · 周三应用,帖前5：1-11,在等待中保持清醒，今天减少一个让自己麻木的习惯，留心主正在做什么。,把“整理一个容易失守的生活领域”放进一个具体决定，用一个小行动回应经文。,周三,不要等到条件完美才回应经文。读 帖撒罗尼迦前书 5:1-11，找出一个可以立即开始的动作，回应“不要追求大改变，只走清楚的一步。”。今天只走一步，但要真的走。行动之后，用一分钟回顾结果，让经验成为下一次跟随的依据。,,行动｜把经文落到一个今天能做的选择,今天我可以怎样把“整理一个容易失守的生活领域”做出来？,把原则缩小到今天：一个时间点、一个决定、一个动作就够。不要追求大改变，只走清楚的一步。,今天把“整理一个容易失守的生活领域”放进一个具体决定，用一个小行动回应经文。,在等候中警醒｜周三应用｜今天你如何｜谨守,我的行动准备度｜现在就能做｜需要一点计划｜需要别人提醒｜暂时还没想到,今天安排一个明确时间点，把“整理一个容易失守的生活领域”变成一个10分钟以内的行动，并在完成后记下一个结果。,,V1.1｜第9–52周逐周具体内容已补全｜依据冻结版主题、每日经文与第1–8周确认的门训规则,本轮为内容制作稿；经文出处沿用冻结版，和合本全文与候选关键词仍须逐段核验。
333,48,周四,关系实践,模块5｜差派与延伸,忠心传递、年度整合、差派与第二年度衔接,在等候中警醒,在等候中警醒 · 周四关系,彼后3：8-13,在等待中保持清醒，今天减少一个让自己麻木的习惯，留心主正在做什么。,让“彼此提醒并扶持警醒”发生在一个真实关系里。,周四,今天把跟随带进一个人的名字。读 彼得后书 3:8-13，思想：想起一个具体的人，不停留在抽象的“爱人”；问自己：我可以听什么、说什么、给什么、承担什么？。想起一段真实关系，不停留在“我要更有爱心”的想法，而是决定一个看得见的动作：认真倾听、主动帮助、道歉、感谢、分享或代祷。让今天的经文通过你的关系被活出来。,,关系｜把跟随放进真实的人际关系,今天哪个关系最需要让我实践“彼此提醒并扶持警醒”？,想起一个具体的人，不停留在抽象的“爱人”；问自己：我可以听什么、说什么、给什么、承担什么？,今天让“彼此提醒并扶持警醒”发生在一个真实关系里，而不是停留在个人感受中。,在等候中警醒｜周四关系｜今天你可以如｜为人殷勤,我在关系中的状态｜愿意主动｜想保持距离｜正在修复｜不知道怎么开口,今天选定一位具体的人，用一个可见动作实践“彼此提醒并扶持警醒”：主动联系、倾听、帮助、道歉、分享或代祷，六选一。,,V1.1｜第9–52周逐周具体内容已补全｜依据冻结版主题、每日经文与第1–8周确认的门训规则,本轮为内容制作稿；经文出处沿用冻结版，和合本全文与候选关键词仍须逐段核验。
334,48,周五,行动承诺,模块5｜差派与延伸,忠心传递、年度整合、差派与第二年度衔接,在等候中警醒,在等候中警醒 · 周五行动,太25：1-13,在等待中保持清醒，今天减少一个让自己麻木的习惯，留心主正在做什么。,让一个真实行动显出“今天完成一件不再拖延的顺服”正在改变我。,周五,今天的重点不是再多懂一点，而是愿意承担一步。读 马太福音 25:1-13，把“用实际行动回应主的差遣。”落实到现实生活。可以是一次服事、一次给予、一次修复关系、一次见证或一次责任。先忠心完成今天能做的，然后在神面前感谢祂的带领。,,回应｜从跟随走向见证与承担,如果我真的相信“今天完成一件不再拖延的顺服”，今天会有什么不同？,把信仰从个人感受带向承担：选择一个人、一个场景或一项责任，用实际行动回应主的差遣。,今天让别人能够从我的一个真实行动，看见“今天完成一件不再拖延的顺服”正在改变我。,在等候中警醒｜周五行动｜今天你如何｜预备油,我的回应状态｜已经确定一步｜正在寻找机会｜有惧怕｜需要同伴同行,今天把“今天完成一件不再拖延的顺服”带到一个真实的承担中：完成一次见证、服事、给予、修复关系或承担责任，并记录发生了什么。,,V1.1｜第9–52周逐周具体内容已补全｜依据冻结版主题、每日经文与第1–8周确认的门训规则,本轮为内容制作稿；经文出处沿用冻结版，和合本全文与候选关键词仍须逐段核验。
335,48,周六,轻回顾,模块5｜差派与延伸,忠心传递、年度整合、差派与第二年度衔接,在等候中警醒,回顾本周：在等候中警醒,诗23：1-6,在等待中保持清醒，今天减少一个让自己麻木的习惯，留心主正在做什么。,回头看这一周：经文让我看见了什么，我真正走了哪一步？,周六,回顾不是给自己打分，而是辨认神怎样工作。今天读 诗篇 23:1-6，整理你这一周在“不要只评价自己“做得好不好”，而是辨认：神让我看见了什么？我实际做了什么？下一步要继续什么？”上的经历。感谢已经发生的，也承认还没有改变的。最后写下一句本周总结，并确定一个可以带进下一周的小小行动。,,回顾｜看见本周发生了什么，并确定下一步,回头看七天，我在哪里真实经历了“回顾警醒是否落实在生活节奏”？,不要只评价自己“做得好不好”，而是辨认：神让我看见了什么？我实际做了什么？下一步要继续什么？,今天从经历而不是感觉回顾“回顾警醒是否落实在生活节奏”，辨认神的工作与下一步。,回顾本周｜在等候中警醒｜这周你经历最｜多的是什么,本周最接近我的状态｜有真实改变｜有看见但未落实｜正在挣扎｜准备重新开始,今天用10分钟完成本周回顾：写下“神让我看见什么／我实际做了什么／下一步继续什么”，并把下一步写成一个下周可执行的动作。,本周总结｜主题“在等候中警醒”。回顾“在等候中警醒—回顾警醒是否落实在生活节奏”：神让我看见______；我实际回应了______；下一步我要继续______。｜宣告：主仍在带领我，我愿继续跟随。,V1.1｜第9–52周逐周具体内容已补全｜依据冻结版主题、每日经文与第1–8周确认的门训规则,本轮为内容制作稿；经文出处沿用冻结版，和合本全文与候选关键词仍须逐段核验。
336,49,主日,主日信息入口,模块5｜差派与延伸,忠心传递、年度整合、差派与第二年度衔接,在盼望中预备主的道路,在盼望中预备主的道路,赛40：1-11,盼望不是等待什么都不做，而是在主来到以前把自己的生活整理好、道路预备好。,盼望不是等待什么都不做，而是在主来到以前把自己的生活整理好、道路预备好。,主日,今天先慢下来。读 以赛亚书 40:1-11，让“在盼望中预备主的道路”成为这一周共同的入口。不要急着把主日信息变成更多知识，先问：留意主怎样带你从认识走向跟随。。把这个问题放进你真实的生活，找出一个本周愿意跟随主的场景。主日的领受要进入一周的生活，才会成为门徒的道路。,,进入｜从主日信息进入本周,本周，我最需要面对的是：“在盼望中预备道路”,先不急着回答，把主日经文放进你的生活：在盼望中预备道路。留意主怎样带你从认识走向跟随。,本周不追求抽象改变，只在一个真实生活场景中练习“在盼望中预备道路”。,在盼望中预备｜主的道路｜今天最触动你｜的是什么,今天最触动我的状态｜很有共鸣｜有一点挣扎｜还不清楚｜愿意开始,用3分钟写下本周回应：“主啊，在在盼望中预备道路上，我愿意跟随你。”再选定一个本周每天都可以提醒自己的具体场景。,,V1.1｜第9–52周逐周具体内容已补全｜依据冻结版主题、每日经文与第1–8周确认的门训规则,本轮为内容制作稿；经文出处沿用冻结版，和合本全文与候选关键词仍须逐段核验。
337,49,周一,拓宽眼界,模块5｜差派与延伸,忠心传递、年度整合、差派与第二年度衔接,在盼望中预备主的道路,在盼望中预备主的道路 · 周一默想,赛35：1-10,盼望不是等待什么都不做，而是在主来到以前把自己的生活整理好、道路预备好。,留意“从神的应许活出预备与忍耐”在我的选择、情绪或习惯中如何出现。,周一,读 以赛亚书 35:1-10 时，先把注意力放在经文的人、行动和张力上。今天特别思想：再问自己：我今天在哪里正在经历同样的事？（经文：在盼望中预备主的道路 · 周一默想）。然后问自己，这件事在我的生活里有没有类似的位置？不要急着改变，先诚实记录一次。能够看见，是让神的话从纸面进入生命的第一步。,,看见｜先看见经文与自己的处境,经文怎样让我看见“从神的应许活出预备与忍耐”？,先观察经文中的人物、行动和张力，再问自己：我今天在哪里正在经历同样的事？（经文：在盼望中预备主的道路 · 周一默想）,今天先看见，不急着改变；留意“从神的应许活出预备与忍耐”在我的选择、情绪或习惯中如何出现。,在盼望中预备｜主的道路｜周一默想｜旷野和干旱之,今天我的状态｜已经看见｜有些模糊｜容易忽略｜愿意留意,今天选一个固定场景（通勤、工作、吃饭或睡前），停下来1分钟，记录一次“从神的应许活出预备与忍耐”在自己身上的真实表现。,,V1.1｜第9–52周逐周具体内容已补全｜依据冻结版主题、每日经文与第1–8周确认的门训规则,本轮为内容制作稿；经文出处沿用冻结版，和合本全文与候选关键词仍须逐段核验。
338,49,周二,深入省察,模块5｜差派与延伸,忠心传递、年度整合、差派与第二年度衔接,在盼望中预备主的道路,在盼望中预备主的道路 · 周二省察,可1：1-8,盼望不是等待什么都不做，而是在主来到以前把自己的生活整理好、道路预备好。,诚实面对关于“面对环境不确定与灰心”的内在反应。,周二,门徒训练不仅改变行为，也改变里面的动机。读 马可福音 1:1-8，认真面对“不要先批评自己，也不要替自己辩护；诚实辨认背后的欲望、惧怕、骄傲或不信，并把它带到主面前。”。当你察觉到防卫、焦虑、比较或自我保护时，不要赶快掩盖。把那个最真实的反应写下来，求主带你从看见走向悔改与信靠。,,省察｜先面对里面真实的反应,我为什么会在“面对环境不确定与灰心”上有这样的反应？,不要先批评自己，也不要替自己辩护；诚实辨认背后的欲望、惧怕、骄傲或不信，并把它带到主面前。,今天诚实面对一个关于“面对环境不确定与灰心”的内在反应，不用属灵话语遮盖它。,在盼望中预备｜主的道路｜周二省察｜你是否像施洗,我最接近的状态｜愿意面对｜有点抗拒｜容易解释自己｜需要别人陪伴,今天安静5分钟，不为自己辩解，只写下“面对环境不确定与灰心”引出的一个惧怕、欲望或惯性，然后用一句祷告交给主。,,V1.1｜第9–52周逐周具体内容已补全｜依据冻结版主题、每日经文与第1–8周确认的门训规则,本轮为内容制作稿；经文出处沿用冻结版，和合本全文与候选关键词仍须逐段核验。
339,49,周三,生活应用,模块5｜差派与延伸,忠心传递、年度整合、差派与第二年度衔接,在盼望中预备主的道路,在盼望中预备主的道路 · 周三应用,路3：1-6,盼望不是等待什么都不做，而是在主来到以前把自己的生活整理好、道路预备好。,把“清理一个需要预备的生活/属灵领域”放进一个具体决定，用一个小行动回应经文。,周三,今天把经文缩小成一个选择。读 路加福音 3:1-6，问自己：不要追求大改变，只走清楚的一步。。不要设计一个很大的计划，只找一个今天能完成的小行动。门徒的成长常常发生在普通时间、普通决定和普通责任里。选定时间点去做，完成后再回看它带来了什么改变。,,行动｜把经文落到一个今天能做的选择,今天我可以怎样把“清理一个需要预备的生活/属灵领域”做出来？,把原则缩小到今天：一个时间点、一个决定、一个动作就够。不要追求大改变，只走清楚的一步。,今天把“清理一个需要预备的生活/属灵领域”放进一个具体决定，用一个小行动回应经文。,在盼望中预备｜主的道路｜周三应用｜今天你如何,我的行动准备度｜现在就能做｜需要一点计划｜需要别人提醒｜暂时还没想到,今天安排一个明确时间点，把“清理一个需要预备的生活/属灵领域”变成一个10分钟以内的行动，并在完成后记下一个结果。,,V1.1｜第9–52周逐周具体内容已补全｜依据冻结版主题、每日经文与第1–8周确认的门训规则,本轮为内容制作稿；经文出处沿用冻结版，和合本全文与候选关键词仍须逐段核验。
340,49,周四,关系实践,模块5｜差派与延伸,忠心传递、年度整合、差派与第二年度衔接,在盼望中预备主的道路,在盼望中预备主的道路 · 周四关系,玛3：16-18,盼望不是等待什么都不做，而是在主来到以前把自己的生活整理好、道路预备好。,让“用鼓励和盼望扶持一个人”发生在一个真实关系里。,周四,门徒生命一定会影响人与人的相处。读 玛拉基书 3:16-18，问自己：想起一个具体的人，不停留在抽象的“爱人”；问自己：我可以听什么、说什么、给什么、承担什么？。选一个具体的人，少一点自我证明，多一点靠近与承担。你今天不需要解决这段关系的全部问题，只需要完成一个真实而善意的动作，并留意自己的心发生了什么。,,关系｜把跟随放进真实的人际关系,今天哪个关系最需要让我实践“用鼓励和盼望扶持一个人”？,想起一个具体的人，不停留在抽象的“爱人”；问自己：我可以听什么、说什么、给什么、承担什么？,今天让“用鼓励和盼望扶持一个人”发生在一个真实关系里，而不是停留在个人感受中。,在盼望中预备｜主的道路｜周四关系｜今天你可以与,我在关系中的状态｜愿意主动｜想保持距离｜正在修复｜不知道怎么开口,今天选定一位具体的人，用一个可见动作实践“用鼓励和盼望扶持一个人”：主动联系、倾听、帮助、道歉、分享或代祷，六选一。,,V1.1｜第9–52周逐周具体内容已补全｜依据冻结版主题、每日经文与第1–8周确认的门训规则,本轮为内容制作稿；经文出处沿用冻结版，和合本全文与候选关键词仍须逐段核验。
341,49,周五,行动承诺,模块5｜差派与延伸,忠心传递、年度整合、差派与第二年度衔接,在盼望中预备主的道路,在盼望中预备主的道路 · 周五行动,赛40：31,盼望不是等待什么都不做，而是在主来到以前把自己的生活整理好、道路预备好。,让一个真实行动显出“做一件为主预备道路的实际工作”正在改变我。,周五,回应就是把领受交在行动里。读 以赛亚书 40:31，思想“用实际行动回应主的差遣。”对今天意味着什么。选择一个具体行动，并为它安排明确的时间。做完不要急着评估自己，而是回头看：我是否更愿意跟随？神又让我看见了什么？,,回应｜从跟随走向见证与承担,如果我真的相信“做一件为主预备道路的实际工作”，今天会有什么不同？,把信仰从个人感受带向承担：选择一个人、一个场景或一项责任，用实际行动回应主的差遣。,今天让别人能够从我的一个真实行动，看见“做一件为主预备道路的实际工作”正在改变我。,在盼望中预备｜主的道路｜周五行动｜今天你如何,我的回应状态｜已经确定一步｜正在寻找机会｜有惧怕｜需要同伴同行,今天把“做一件为主预备道路的实际工作”带到一个真实的承担中：完成一次见证、服事、给予、修复关系或承担责任，并记录发生了什么。,,V1.1｜第9–52周逐周具体内容已补全｜依据冻结版主题、每日经文与第1–8周确认的门训规则,本轮为内容制作稿；经文出处沿用冻结版，和合本全文与候选关键词仍须逐段核验。
342,49,周六,轻回顾,模块5｜差派与延伸,忠心传递、年度整合、差派与第二年度衔接,在盼望中预备主的道路,回顾本周：在盼望中预备主的道路,诗23：1-6,盼望不是等待什么都不做，而是在主来到以前把自己的生活整理好、道路预备好。,回头看这一周：经文让我看见了什么，我真正走了哪一步？,周六,今天是回顾的一天。读 诗篇 23:1-6，回头看这一周，特别整理：不要只评价自己“做得好不好”，而是辨认：神让我看见了什么？我实际做了什么？下一步要继续什么？。不要只问“我做得好不好”，而要问三件事：神让我看见什么？我实际做了什么？下一步要继续什么？把一个真实学习写下来，再把下一步写成下周可以执行的动作。,,回顾｜看见本周发生了什么，并确定下一步,回头看七天，我在哪里真实经历了“回顾盼望是否带来预备而非被动等待”？,不要只评价自己“做得好不好”，而是辨认：神让我看见了什么？我实际做了什么？下一步要继续什么？,今天从经历而不是感觉回顾“回顾盼望是否带来预备而非被动等待”，辨认神的工作与下一步。,回顾本周｜在盼望中预备｜主的道路｜这周你经历最,本周最接近我的状态｜有真实改变｜有看见但未落实｜正在挣扎｜准备重新开始,今天用10分钟完成本周回顾：写下“神让我看见什么／我实际做了什么／下一步继续什么”，并把下一步写成一个下周可执行的动作。,本周总结｜主题“在盼望中预备主的道路”。回顾“在盼望中预备道路—回顾盼望是否带来预备而非被动等待”：神让我看见______；我实际回应了______；下一步我要继续______。｜宣告：主仍在带领我，我愿继续跟随。,V1.1｜第9–52周逐周具体内容已补全｜依据冻结版主题、每日经文与第1–8周确认的门训规则,本轮为内容制作稿；经文出处沿用冻结版，和合本全文与候选关键词仍须逐段核验。
343,50,主日,主日信息入口,模块5｜差派与延伸,忠心传递、年度整合、差派与第二年度衔接,在世界中见证神的作为,在世界中见证神的作为,路1：46-55,像马利亚一样在世界中述说神的作为，今天在一个真实场景里感谢并见证祂。,像马利亚一样在世界中述说神的作为，今天在一个真实场景里感谢并见证祂。,主日,今天是新一周的起点。读 路加福音 1:46-55，先观察经文如何把我们带到“在世界中见证神的作为”。留意主怎样带你从认识走向跟随。。不要要求自己一次改变很多，只需要认出一个最真实的回应方向，并为接下来的六天留下一个可以反复操练的生活位置。,,进入｜从主日信息进入本周,本周，我最需要面对的是：“在世界中唱出神的作为”,先不急着回答，把主日经文放进你的生活：在世界中唱出神的作为。留意主怎样带你从认识走向跟随。,本周不追求抽象改变，只在一个真实生活场景中练习“在世界中唱出神的作为”。,在世界中见证｜神的作为｜今天最触动你｜的是什么,今天最触动我的状态｜很有共鸣｜有一点挣扎｜还不清楚｜愿意开始,用3分钟写下本周回应：“主啊，在在世界中唱出神的作为上，我愿意跟随你。”再选定一个本周每天都可以提醒自己的具体场景。,,V1.1｜第9–52周逐周具体内容已补全｜依据冻结版主题、每日经文与第1–8周确认的门训规则,本轮为内容制作稿；经文出处沿用冻结版，和合本全文与候选关键词仍须逐段核验。
344,50,周一,拓宽眼界,模块5｜差派与延伸,忠心传递、年度整合、差派与第二年度衔接,在世界中见证神的作为,在世界中见证神的作为 · 周一默想,撒上2：1-10,像马利亚一样在世界中述说神的作为，今天在一个真实场景里感谢并见证祂。,留意“学习在复杂世界中赞美神”在我的选择、情绪或习惯中如何出现。,周一,今天不急着得到“正确答案”，而是练习观察。读 撒母耳记上 2:1-10，留意“再问自己：我今天在哪里正在经历同样的事？（经文：在世界中见证神的作为 · 周一默想）”怎样显现在经文里，也怎样可能出现在你今天的生活中。选择一个固定场景停一分钟，看见自己真实的反应，并把它带到主面前。,,看见｜先看见经文与自己的处境,经文怎样让我看见“学习在复杂世界中赞美神”？,先观察经文中的人物、行动和张力，再问自己：我今天在哪里正在经历同样的事？（经文：在世界中见证神的作为 · 周一默想）,今天先看见，不急着改变；留意“学习在复杂世界中赞美神”在我的选择、情绪或习惯中如何出现。,在世界中见证｜神的作为｜周一默想｜哈拿的颂歌与,今天我的状态｜已经看见｜有些模糊｜容易忽略｜愿意留意,今天选一个固定场景（通勤、工作、吃饭或睡前），停下来1分钟，记录一次“学习在复杂世界中赞美神”在自己身上的真实表现。,,V1.1｜第9–52周逐周具体内容已补全｜依据冻结版主题、每日经文与第1–8周确认的门训规则,本轮为内容制作稿；经文出处沿用冻结版，和合本全文与候选关键词仍须逐段核验。
345,50,周二,深入省察,模块5｜差派与延伸,忠心传递、年度整合、差派与第二年度衔接,在世界中见证神的作为,在世界中见证神的作为 · 周二省察,路1：46-48,像马利亚一样在世界中述说神的作为，今天在一个真实场景里感谢并见证祂。,诚实面对关于“面对环境、新闻和现实带来的失望”的内在反应。,周二,今天从外在经文转向内在生命。读 路加福音 1:46-48，诚实面对：不要先批评自己，也不要替自己辩护；诚实辨认背后的欲望、惧怕、骄傲或不信，并把它带到主面前。。不要先解释自己，也不要急着定罪自己。试着辨认这个反应背后更深的欲望、惧怕、骄傲或不信。省察不是自责，而是在神面前停止遮掩，愿意让主触碰真实的自己。,,省察｜先面对里面真实的反应,我为什么会在“面对环境、新闻和现实带来的失望”上有这样的反应？,不要先批评自己，也不要替自己辩护；诚实辨认背后的欲望、惧怕、骄傲或不信，并把它带到主面前。,今天诚实面对一个关于“面对环境、新闻和现实带来的失望”的内在反应，不用属灵话语遮盖它。,在世界中见证｜神的作为｜周二省察｜你是否像马利,我最接近的状态｜愿意面对｜有点抗拒｜容易解释自己｜需要别人陪伴,今天安静5分钟，不为自己辩解，只写下“面对环境、新闻和现实带来的失望”引出的一个惧怕、欲望或惯性，然后用一句祷告交给主。,,V1.1｜第9–52周逐周具体内容已补全｜依据冻结版主题、每日经文与第1–8周确认的门训规则,本轮为内容制作稿；经文出处沿用冻结版，和合本全文与候选关键词仍须逐段核验。
346,50,周三,生活应用,模块5｜差派与延伸,忠心传递、年度整合、差派与第二年度衔接,在世界中见证神的作为,在世界中见证神的作为 · 周三应用,路1：49-50,像马利亚一样在世界中述说神的作为，今天在一个真实场景里感谢并见证祂。,把“用赞美重新校准注意力”放进一个具体决定，用一个小行动回应经文。,周三,今天让“知道”变成“去做”。读 路加福音 1:49-50，思考“不要追求大改变，只走清楚的一步。”在你的现实处境中最小的下一步是什么。把行动限定在十分钟左右，越具体越好。做完后记下一句话：我做了什么？有什么阻力？主让我看见什么？,,行动｜把经文落到一个今天能做的选择,今天我可以怎样把“用赞美重新校准注意力”做出来？,把原则缩小到今天：一个时间点、一个决定、一个动作就够。不要追求大改变，只走清楚的一步。,今天把“用赞美重新校准注意力”放进一个具体决定，用一个小行动回应经文。,在世界中见证｜神的作为｜周三应用｜今天你如何,我的行动准备度｜现在就能做｜需要一点计划｜需要别人提醒｜暂时还没想到,今天安排一个明确时间点，把“用赞美重新校准注意力”变成一个10分钟以内的行动，并在完成后记下一个结果。,,V1.1｜第9–52周逐周具体内容已补全｜依据冻结版主题、每日经文与第1–8周确认的门训规则,本轮为内容制作稿；经文出处沿用冻结版，和合本全文与候选关键词仍须逐段核验。
347,50,周四,关系实践,模块5｜差派与延伸,忠心传递、年度整合、差派与第二年度衔接,在世界中见证神的作为,在世界中见证神的作为 · 周四关系,路1：51-53,像马利亚一样在世界中述说神的作为，今天在一个真实场景里感谢并见证祂。,让“主动把盼望带给身边的人”发生在一个真实关系里。,周四,今天观察自己怎样对待别人，也让经文重新整理这种关系。读 路加福音 1:51-53，围绕“想起一个具体的人，不停留在抽象的“爱人”；问自己：我可以听什么、说什么、给什么、承担什么？”作一个具体决定。找一个人，主动走近一步；可以是一句话、一次倾听、一次帮助或一次代祷。真实关系中的小小顺服，就是门徒训练的一部分。,,关系｜把跟随放进真实的人际关系,今天哪个关系最需要让我实践“主动把盼望带给身边的人”？,想起一个具体的人，不停留在抽象的“爱人”；问自己：我可以听什么、说什么、给什么、承担什么？,今天让“主动把盼望带给身边的人”发生在一个真实关系里，而不是停留在个人感受中。,在世界中见证｜神的作为｜周四关系｜今天你可以如,我在关系中的状态｜愿意主动｜想保持距离｜正在修复｜不知道怎么开口,今天选定一位具体的人，用一个可见动作实践“主动把盼望带给身边的人”：主动联系、倾听、帮助、道歉、分享或代祷，六选一。,,V1.1｜第9–52周逐周具体内容已补全｜依据冻结版主题、每日经文与第1–8周确认的门训规则,本轮为内容制作稿；经文出处沿用冻结版，和合本全文与候选关键词仍须逐段核验。
348,50,周五,行动承诺,模块5｜差派与延伸,忠心传递、年度整合、差派与第二年度衔接,在世界中见证神的作为,在世界中见证神的作为 · 周五行动,路1：54-55,像马利亚一样在世界中述说神的作为，今天在一个真实场景里感谢并见证祂。,让一个真实行动显出“分享一件神信实的作为”正在改变我。,周五,今天来到回应与承担。读 路加福音 1:54-55，问自己：用实际行动回应主的差遣。。把信仰从个人感受带向一个具体的人、一项责任或一个见证行动。不要追求被看见，只求忠心。完成之后写下发生了什么，让你自己的行动成为一个可以被回顾、也可以被分享的见证。,,回应｜从跟随走向见证与承担,如果我真的相信“分享一件神信实的作为”，今天会有什么不同？,把信仰从个人感受带向承担：选择一个人、一个场景或一项责任，用实际行动回应主的差遣。,今天让别人能够从我的一个真实行动，看见“分享一件神信实的作为”正在改变我。,在世界中见证｜神的作为｜周五行动｜今天你如何,我的回应状态｜已经确定一步｜正在寻找机会｜有惧怕｜需要同伴同行,今天把“分享一件神信实的作为”带到一个真实的承担中：完成一次见证、服事、给予、修复关系或承担责任，并记录发生了什么。,,V1.1｜第9–52周逐周具体内容已补全｜依据冻结版主题、每日经文与第1–8周确认的门训规则,本轮为内容制作稿；经文出处沿用冻结版，和合本全文与候选关键词仍须逐段核验。
349,50,周六,轻回顾,模块5｜差派与延伸,忠心传递、年度整合、差派与第二年度衔接,在世界中见证神的作为,回顾本周：在世界中见证神的作为,诗23：1-6,像马利亚一样在世界中述说神的作为，今天在一个真实场景里感谢并见证祂。,回头看这一周：经文让我看见了什么，我真正走了哪一步？,周六,读 诗篇 23:1-6，安静回看这七天的经历：哪些地方有顺服，哪些地方仍在挣扎，哪里看见神的带领？特别思考“不要只评价自己“做得好不好”，而是辨认：神让我看见了什么？我实际做了什么？下一步要继续什么？”。今天把本周浓缩成“一个看见、一个行动、一个下一步”，让回顾成为继续跟随的桥梁。,,回顾｜看见本周发生了什么，并确定下一步,回头看七天，我在哪里真实经历了“回顾本周是否让赞美改变了眼光”？,不要只评价自己“做得好不好”，而是辨认：神让我看见了什么？我实际做了什么？下一步要继续什么？,今天从经历而不是感觉回顾“回顾本周是否让赞美改变了眼光”，辨认神的工作与下一步。,回顾本周｜在世界中见证｜神的作为｜这周你经历最,本周最接近我的状态｜有真实改变｜有看见但未落实｜正在挣扎｜准备重新开始,今天用10分钟完成本周回顾：写下“神让我看见什么／我实际做了什么／下一步继续什么”，并把下一步写成一个下周可执行的动作。,本周总结｜主题“在世界中见证神的作为”。回顾“在世界中唱出神的作为—回顾本周是否让赞美改变了眼光”：神让我看见______；我实际回应了______；下一步我要继续______。｜宣告：主仍在带领我，我愿继续跟随。,V1.1｜第9–52周逐周具体内容已补全｜依据冻结版主题、每日经文与第1–8周确认的门训规则,本轮为内容制作稿；经文出处沿用冻结版，和合本全文与候选关键词仍须逐段核验。
350,51,主日,主日信息入口,模块5｜差派与延伸,忠心传递、年度整合、差派与第二年度衔接,回应神的呼召,回应神的呼召,路1：26-38,面对神的呼召，先说愿意，再走具体一步；今天回应一件你知道该做的事。,面对神的呼召，先说愿意，再走具体一步；今天回应一件你知道该做的事。,主日,今天把经文放在心里，也把自己放在经文面前。读 路加福音 1:26-38，围绕“回应神的呼召”安静片刻，思想：留意主怎样带你从认识走向跟随。。主日不是结束，而是进入本周门训的起点。今天选定一个具体场景，提醒自己在这一周继续回来面对这个主题。,,进入｜从主日信息进入本周,本周，我最需要面对的是：“像马利亚一样回应呼召”,先不急着回答，把主日经文放进你的生活：像马利亚一样回应呼召。留意主怎样带你从认识走向跟随。,本周不追求抽象改变，只在一个真实生活场景中练习“像马利亚一样回应呼召”。,回应神的呼召｜今天最触动你｜的是什么｜蒙恩,今天最触动我的状态｜很有共鸣｜有一点挣扎｜还不清楚｜愿意开始,用3分钟写下本周回应：“主啊，在像马利亚一样回应呼召上，我愿意跟随你。”再选定一个本周每天都可以提醒自己的具体场景。,,V1.1｜第9–52周逐周具体内容已补全｜依据冻结版主题、每日经文与第1–8周确认的门训规则,本轮为内容制作稿；经文出处沿用冻结版，和合本全文与候选关键词仍须逐段核验。
351,51,周一,拓宽眼界,模块5｜差派与延伸,忠心传递、年度整合、差派与第二年度衔接,回应神的呼召,回应神的呼召 · 周一默想,赛7：10-14,面对神的呼召，先说愿意，再走具体一步；今天回应一件你知道该做的事。,留意“从‘我在这里’进入顺服”在我的选择、情绪或习惯中如何出现。,周一,今天先学习看见。读 以赛亚书 7:10-14，不要急着批评或解决问题，留意经文让你看见什么：再问自己：我今天在哪里正在经历同样的事？（经文：回应神的呼召 · 周一默想）。再回到自己的生活，观察一个真实反应、选择或习惯。门徒不是先表现得正确，而是先在神的光中看清楚自己。把今天看见的一件事记下来，作为后面回应的起点。,,看见｜先看见经文与自己的处境,经文怎样让我看见“从‘我在这里’进入顺服”？,先观察经文中的人物、行动和张力，再问自己：我今天在哪里正在经历同样的事？（经文：回应神的呼召 · 周一默想）,今天先看见，不急着改变；留意“从‘我在这里’进入顺服”在我的选择、情绪或习惯中如何出现。,回应神的呼召｜周一默想｜以马内利的应｜许如何坚固你,今天我的状态｜已经看见｜有些模糊｜容易忽略｜愿意留意,今天选一个固定场景（通勤、工作、吃饭或睡前），停下来1分钟，记录一次“从‘我在这里’进入顺服”在自己身上的真实表现。,,V1.1｜第9–52周逐周具体内容已补全｜依据冻结版主题、每日经文与第1–8周确认的门训规则,本轮为内容制作稿；经文出处沿用冻结版，和合本全文与候选关键词仍须逐段核验。
352,51,周二,深入省察,模块5｜差派与延伸,忠心传递、年度整合、差派与第二年度衔接,回应神的呼召,回应神的呼召 · 周二省察,路1：26-38,面对神的呼召，先说愿意，再走具体一步；今天回应一件你知道该做的事。,诚实面对关于“面对未知、风险与不确定”的内在反应。,周二,今天给自己几分钟安静。读 路加福音 1:26-38，把经文所揭开的张力带回心里：不要先批评自己，也不要替自己辩护；诚实辨认背后的欲望、惧怕、骄傲或不信，并把它带到主面前。。问自己，我在什么地方正在重复同样的模式？不必马上找到解决方案，只需要说真话，并用一句简单的祷告把这份真实交给主。,,省察｜先面对里面真实的反应,我为什么会在“面对未知、风险与不确定”上有这样的反应？,不要先批评自己，也不要替自己辩护；诚实辨认背后的欲望、惧怕、骄傲或不信，并把它带到主面前。,今天诚实面对一个关于“面对未知、风险与不确定”的内在反应，不用属灵话语遮盖它。,回应神的呼召｜周二省察｜你是否有马利｜亚的,我最接近的状态｜愿意面对｜有点抗拒｜容易解释自己｜需要别人陪伴,今天安静5分钟，不为自己辩解，只写下“面对未知、风险与不确定”引出的一个惧怕、欲望或惯性，然后用一句祷告交给主。,,V1.1｜第9–52周逐周具体内容已补全｜依据冻结版主题、每日经文与第1–8周确认的门训规则,本轮为内容制作稿；经文出处沿用冻结版，和合本全文与候选关键词仍须逐段核验。
353,51,周三,生活应用,模块5｜差派与延伸,忠心传递、年度整合、差派与第二年度衔接,回应神的呼召,回应神的呼召 · 周三应用,路1：38,面对神的呼召，先说愿意，再走具体一步；今天回应一件你知道该做的事。,把“在一个已知的呼召上采取顺服行动”放进一个具体决定，用一个小行动回应经文。,周三,不要等到条件完美才回应经文。读 路加福音 1:38，找出一个可以立即开始的动作，回应“不要追求大改变，只走清楚的一步。”。今天只走一步，但要真的走。行动之后，用一分钟回顾结果，让经验成为下一次跟随的依据。,,行动｜把经文落到一个今天能做的选择,今天我可以怎样把“在一个已知的呼召上采取顺服行动”做出来？,把原则缩小到今天：一个时间点、一个决定、一个动作就够。不要追求大改变，只走清楚的一步。,今天把“在一个已知的呼召上采取顺服行动”放进一个具体决定，用一个小行动回应经文。,回应神的呼召｜周三应用｜今天你如何说｜情愿照你的话,我的行动准备度｜现在就能做｜需要一点计划｜需要别人提醒｜暂时还没想到,今天安排一个明确时间点，把“在一个已知的呼召上采取顺服行动”变成一个10分钟以内的行动，并在完成后记下一个结果。,,V1.1｜第9–52周逐周具体内容已补全｜依据冻结版主题、每日经文与第1–8周确认的门训规则,本轮为内容制作稿；经文出处沿用冻结版，和合本全文与候选关键词仍须逐段核验。
354,51,周四,关系实践,模块5｜差派与延伸,忠心传递、年度整合、差派与第二年度衔接,回应神的呼召,回应神的呼召 · 周四关系,路1：39-45,面对神的呼召，先说愿意，再走具体一步；今天回应一件你知道该做的事。,让“让顺服产生陪伴和彼此坚固”发生在一个真实关系里。,周四,今天把跟随带进一个人的名字。读 路加福音 1:39-45，思想：想起一个具体的人，不停留在抽象的“爱人”；问自己：我可以听什么、说什么、给什么、承担什么？。想起一段真实关系，不停留在“我要更有爱心”的想法，而是决定一个看得见的动作：认真倾听、主动帮助、道歉、感谢、分享或代祷。让今天的经文通过你的关系被活出来。,,关系｜把跟随放进真实的人际关系,今天哪个关系最需要让我实践“让顺服产生陪伴和彼此坚固”？,想起一个具体的人，不停留在抽象的“爱人”；问自己：我可以听什么、说什么、给什么、承担什么？,今天让“让顺服产生陪伴和彼此坚固”发生在一个真实关系里，而不是停留在个人感受中。,回应神的呼召｜周四关系｜今天你可以像｜伊利莎白一样,我在关系中的状态｜愿意主动｜想保持距离｜正在修复｜不知道怎么开口,今天选定一位具体的人，用一个可见动作实践“让顺服产生陪伴和彼此坚固”：主动联系、倾听、帮助、道歉、分享或代祷，六选一。,,V1.1｜第9–52周逐周具体内容已补全｜依据冻结版主题、每日经文与第1–8周确认的门训规则,本轮为内容制作稿；经文出处沿用冻结版，和合本全文与候选关键词仍须逐段核验。
355,51,周五,行动承诺,模块5｜差派与延伸,忠心传递、年度整合、差派与第二年度衔接,回应神的呼召,回应神的呼召 · 周五行动,路1：46-55,面对神的呼召，先说愿意，再走具体一步；今天回应一件你知道该做的事。,让一个真实行动显出“公开表达一次对主的回应”正在改变我。,周五,今天的重点不是再多懂一点，而是愿意承担一步。读 路加福音 1:46-55，把“用实际行动回应主的差遣。”落实到现实生活。可以是一次服事、一次给予、一次修复关系、一次见证或一次责任。先忠心完成今天能做的，然后在神面前感谢祂的带领。,,回应｜从跟随走向见证与承担,如果我真的相信“公开表达一次对主的回应”，今天会有什么不同？,把信仰从个人感受带向承担：选择一个人、一个场景或一项责任，用实际行动回应主的差遣。,今天让别人能够从我的一个真实行动，看见“公开表达一次对主的回应”正在改变我。,回应神的呼召｜周五行动｜今天你如何回｜应神在你生命,我的回应状态｜已经确定一步｜正在寻找机会｜有惧怕｜需要同伴同行,今天把“公开表达一次对主的回应”带到一个真实的承担中：完成一次见证、服事、给予、修复关系或承担责任，并记录发生了什么。,,V1.1｜第9–52周逐周具体内容已补全｜依据冻结版主题、每日经文与第1–8周确认的门训规则,本轮为内容制作稿；经文出处沿用冻结版，和合本全文与候选关键词仍须逐段核验。
356,51,周六,轻回顾,模块5｜差派与延伸,忠心传递、年度整合、差派与第二年度衔接,回应神的呼召,回顾本周：回应神的呼召,诗23：1-6,面对神的呼召，先说愿意，再走具体一步；今天回应一件你知道该做的事。,回头看这一周：经文让我看见了什么，我真正走了哪一步？,周六,回顾不是给自己打分，而是辨认神怎样工作。今天读 诗篇 23:1-6，整理你这一周在“不要只评价自己“做得好不好”，而是辨认：神让我看见了什么？我实际做了什么？下一步要继续什么？”上的经历。感谢已经发生的，也承认还没有改变的。最后写下一句本周总结，并确定一个可以带进下一周的小小行动。,,回顾｜看见本周发生了什么，并确定下一步,回头看七天，我在哪里真实经历了“回顾自己愿意把什么交给神”？,不要只评价自己“做得好不好”，而是辨认：神让我看见了什么？我实际做了什么？下一步要继续什么？,今天从经历而不是感觉回顾“回顾自己愿意把什么交给神”，辨认神的工作与下一步。,回顾本周｜回应神的呼召｜这周你经历最｜多的是什么,本周最接近我的状态｜有真实改变｜有看见但未落实｜正在挣扎｜准备重新开始,今天用10分钟完成本周回顾：写下“神让我看见什么／我实际做了什么／下一步继续什么”，并把下一步写成一个下周可执行的动作。,本周总结｜主题“回应神的呼召”。回顾“像马利亚一样回应呼召—回顾自己愿意把什么交给神”：神让我看见______；我实际回应了______；下一步我要继续______。｜宣告：主仍在带领我，我愿继续跟随。,V1.1｜第9–52周逐周具体内容已补全｜依据冻结版主题、每日经文与第1–8周确认的门训规则,本轮为内容制作稿；经文出处沿用冻结版，和合本全文与候选关键词仍须逐段核验。
357,52,主日,主日信息入口,模块5｜差派与延伸,忠心传递、年度整合、差派与第二年度衔接,继续跟随，继续使人作门徒,继续跟随，继续使人作门徒,太28：16-20,继续跟随，也继续使人作门徒；把这一年的领受带进下一年真实的人和使命中。,继续跟随，也继续使人作门徒；把这一年的领受带进下一年真实的人和使命中。,主日,今天先慢下来。读 马太福音 28:16-20，让“继续跟随，继续使人作门徒”成为这一周共同的入口。不要急着把主日信息变成更多知识，先问：留意主怎样带你从认识走向跟随。。把这个问题放进你真实的生活，找出一个本周愿意跟随主的场景。主日的领受要进入一周的生活，才会成为门徒的道路。,,进入｜从主日信息进入本周,本周，我最需要面对的是：“继续跟随、继续使人作门徒”,先不急着回答，把主日经文放进你的生活：继续跟随、继续使人作门徒。留意主怎样带你从认识走向跟随。,本周不追求抽象改变，只在一个真实生活场景中练习“继续跟随、继续使人作门徒”。,继续跟随｜继续使人作门｜今天最触动你｜的是什么,今天最触动我的状态｜很有共鸣｜有一点挣扎｜还不清楚｜愿意开始,用3分钟写下本周回应：“主啊，在继续跟随、继续使人作门徒上，我愿意跟随你。”再选定一个本周每天都可以提醒自己的具体场景。,,V1.1｜第9–52周逐周具体内容已补全｜依据冻结版主题、每日经文与第1–8周确认的门训规则,本轮为内容制作稿；经文出处沿用冻结版，和合本全文与候选关键词仍须逐段核验。
358,52,周一,拓宽眼界,模块5｜差派与延伸,忠心传递、年度整合、差派与第二年度衔接,继续跟随，继续使人作门徒,继续跟随，继续使人作门徒 · 周一默想,书1：1-9,继续跟随，也继续使人作门徒；把这一年的领受带进下一年真实的人和使命中。,留意“从年度结束进入下一阶段差派”在我的选择、情绪或习惯中如何出现。,周一,读 约书亚记 1:1-9 时，先把注意力放在经文的人、行动和张力上。今天特别思想：再问自己：我今天在哪里正在经历同样的事？（经文：继续跟随，继续使人作门徒 · 周一默想）。然后问自己，这件事在我的生活里有没有类似的位置？不要急着改变，先诚实记录一次。能够看见，是让神的话从纸面进入生命的第一步。,,看见｜先看见经文与自己的处境,经文怎样让我看见“从年度结束进入下一阶段差派”？,先观察经文中的人物、行动和张力，再问自己：我今天在哪里正在经历同样的事？（经文：继续跟随，继续使人作门徒 · 周一默想）,今天先看见，不急着改变；留意“从年度结束进入下一阶段差派”在我的选择、情绪或习惯中如何出现。,继续跟随｜继续使人作门｜周一默想｜神对约书亚说,今天我的状态｜已经看见｜有些模糊｜容易忽略｜愿意留意,今天选一个固定场景（通勤、工作、吃饭或睡前），停下来1分钟，记录一次“从年度结束进入下一阶段差派”在自己身上的真实表现。,,V1.1｜第9–52周逐周具体内容已补全｜依据冻结版主题、每日经文与第1–8周确认的门训规则,本轮为内容制作稿；经文出处沿用冻结版，和合本全文与候选关键词仍须逐段核验。
359,52,周二,深入省察,模块5｜差派与延伸,忠心传递、年度整合、差派与第二年度衔接,继续跟随，继续使人作门徒,继续跟随，继续使人作门徒 · 周二省察,路9：57-62,继续跟随，也继续使人作门徒；把这一年的领受带进下一年真实的人和使命中。,诚实面对关于“面对完成一年后的松懈或自满”的内在反应。,周二,门徒训练不仅改变行为，也改变里面的动机。读 路加福音 9:57-62，认真面对“不要先批评自己，也不要替自己辩护；诚实辨认背后的欲望、惧怕、骄傲或不信，并把它带到主面前。”。当你察觉到防卫、焦虑、比较或自我保护时，不要赶快掩盖。把那个最真实的反应写下来，求主带你从看见走向悔改与信靠。,,省察｜先面对里面真实的反应,我为什么会在“面对完成一年后的松懈或自满”上有这样的反应？,不要先批评自己，也不要替自己辩护；诚实辨认背后的欲望、惧怕、骄傲或不信，并把它带到主面前。,今天诚实面对一个关于“面对完成一年后的松懈或自满”的内在反应，不用属灵话语遮盖它。,继续跟随｜继续使人作门｜周二省察｜你是否有,我最接近的状态｜愿意面对｜有点抗拒｜容易解释自己｜需要别人陪伴,今天安静5分钟，不为自己辩解，只写下“面对完成一年后的松懈或自满”引出的一个惧怕、欲望或惯性，然后用一句祷告交给主。,,V1.1｜第9–52周逐周具体内容已补全｜依据冻结版主题、每日经文与第1–8周确认的门训规则,本轮为内容制作稿；经文出处沿用冻结版，和合本全文与候选关键词仍须逐段核验。
360,52,周三,生活应用,模块5｜差派与延伸,忠心传递、年度整合、差派与第二年度衔接,继续跟随，继续使人作门徒,继续跟随，继续使人作门徒 · 周三应用,提后4：6-8,继续跟随，也继续使人作门徒；把这一年的领受带进下一年真实的人和使命中。,把“为下一阶段定一个具体跟随方向”放进一个具体决定，用一个小行动回应经文。,周三,今天把经文缩小成一个选择。读 提摩太后书 4:6-8，问自己：不要追求大改变，只走清楚的一步。。不要设计一个很大的计划，只找一个今天能完成的小行动。门徒的成长常常发生在普通时间、普通决定和普通责任里。选定时间点去做，完成后再回看它带来了什么改变。,,行动｜把经文落到一个今天能做的选择,今天我可以怎样把“为下一阶段定一个具体跟随方向”做出来？,把原则缩小到今天：一个时间点、一个决定、一个动作就够。不要追求大改变，只走清楚的一步。,今天把“为下一阶段定一个具体跟随方向”放进一个具体决定，用一个小行动回应经文。,继续跟随｜继续使人作门｜周三应用｜今天你如何,我的行动准备度｜现在就能做｜需要一点计划｜需要别人提醒｜暂时还没想到,今天安排一个明确时间点，把“为下一阶段定一个具体跟随方向”变成一个10分钟以内的行动，并在完成后记下一个结果。,,V1.1｜第9–52周逐周具体内容已补全｜依据冻结版主题、每日经文与第1–8周确认的门训规则,本轮为内容制作稿；经文出处沿用冻结版，和合本全文与候选关键词仍须逐段核验。
361,52,周四,关系实践,模块5｜差派与延伸,忠心传递、年度整合、差派与第二年度衔接,继续跟随，继续使人作门徒,继续跟随，继续使人作门徒 · 周四关系,太28：19-20,继续跟随，也继续使人作门徒；把这一年的领受带进下一年真实的人和使命中。,让“邀请一个同伴一起继续前行”发生在一个真实关系里。,周四,门徒生命一定会影响人与人的相处。读 马太福音 28:19-20，问自己：想起一个具体的人，不停留在抽象的“爱人”；问自己：我可以听什么、说什么、给什么、承担什么？。选一个具体的人，少一点自我证明，多一点靠近与承担。你今天不需要解决这段关系的全部问题，只需要完成一个真实而善意的动作，并留意自己的心发生了什么。,,关系｜把跟随放进真实的人际关系,今天哪个关系最需要让我实践“邀请一个同伴一起继续前行”？,想起一个具体的人，不停留在抽象的“爱人”；问自己：我可以听什么、说什么、给什么、承担什么？,今天让“邀请一个同伴一起继续前行”发生在一个真实关系里，而不是停留在个人感受中。,继续跟随｜继续使人作门｜周四关系｜今天你可以确,我在关系中的状态｜愿意主动｜想保持距离｜正在修复｜不知道怎么开口,今天选定一位具体的人，用一个可见动作实践“邀请一个同伴一起继续前行”：主动联系、倾听、帮助、道歉、分享或代祷，六选一。,,V1.1｜第9–52周逐周具体内容已补全｜依据冻结版主题、每日经文与第1–8周确认的门训规则,本轮为内容制作稿；经文出处沿用冻结版，和合本全文与候选关键词仍须逐段核验。
362,52,周五,行动承诺,模块5｜差派与延伸,忠心传递、年度整合、差派与第二年度衔接,继续跟随，继续使人作门徒,继续跟随，继续使人作门徒 · 周五行动,徒20：24,继续跟随，也继续使人作门徒；把这一年的领受带进下一年真实的人和使命中。,让一个真实行动显出“写下并开始执行一个门徒训练行动”正在改变我。,周五,回应就是把领受交在行动里。读 使徒行传 20:24，思想“用实际行动回应主的差遣。”对今天意味着什么。选择一个具体行动，并为它安排明确的时间。做完不要急着评估自己，而是回头看：我是否更愿意跟随？神又让我看见了什么？,,回应｜从跟随走向见证与承担,如果我真的相信“写下并开始执行一个门徒训练行动”，今天会有什么不同？,把信仰从个人感受带向承担：选择一个人、一个场景或一项责任，用实际行动回应主的差遣。,今天让别人能够从我的一个真实行动，看见“写下并开始执行一个门徒训练行动”正在改变我。,继续跟随｜继续使人作门｜周五行动｜今天你如何,我的回应状态｜已经确定一步｜正在寻找机会｜有惧怕｜需要同伴同行,今天把“写下并开始执行一个门徒训练行动”带到一个真实的承担中：完成一次见证、服事、给予、修复关系或承担责任，并记录发生了什么。,,V1.1｜第9–52周逐周具体内容已补全｜依据冻结版主题、每日经文与第1–8周确认的门训规则,本轮为内容制作稿；经文出处沿用冻结版，和合本全文与候选关键词仍须逐段核验。
363,52,周六,轻回顾,模块5｜差派与延伸,忠心传递、年度整合、差派与第二年度衔接,继续跟随，继续使人作门徒,回顾本周：继续跟随，继续使人作门徒,诗23：1-6,继续跟随，也继续使人作门徒；把这一年的领受带进下一年真实的人和使命中。,回头看这一周：经文让我看见了什么，我真正走了哪一步？,周六,今天是回顾的一天。读 诗篇 23:1-6，回头看这一周，特别整理：不要只评价自己“做得好不好”，而是辨认：神让我看见了什么？我实际做了什么？下一步要继续什么？。不要只问“我做得好不好”，而要问三件事：神让我看见什么？我实际做了什么？下一步要继续什么？把一个真实学习写下来，再把下一步写成下周可以执行的动作。,,回顾｜看见本周发生了什么，并确定下一步,回头看七天，我在哪里真实经历了“回顾全年：神塑造了我什么，我要带着什么继续走”？,不要只评价自己“做得好不好”，而是辨认：神让我看见了什么？我实际做了什么？下一步要继续什么？,今天从经历而不是感觉回顾“回顾全年：神塑造了我什么，我要带着什么继续走”，辨认神的工作与下一步。,回顾本周｜继续跟随｜继续使人作门｜这周你经历最,本周最接近我的状态｜有真实改变｜有看见但未落实｜正在挣扎｜准备重新开始,今天用10分钟完成本周回顾：写下“神让我看见什么／我实际做了什么／下一步继续什么”，并把下一步写成一个下周可执行的动作。,本周总结｜主题“继续跟随，继续使人作门徒”。回顾“继续跟随、继续使人作门徒—回顾全年：神塑造了我什么，我要带着什么继续走”：神让我看见______；我实际回应了______；下一步我要继续______。｜宣告：主仍在带领我，我愿继续跟随。,V1.1｜第9–52周逐周具体内容已补全｜依据冻结版主题、每日经文与第1–8周确认的门训规则,本轮为内容制作稿；经文出处沿用冻结版，和合本全文与候选关键词仍须逐段核验。
